25-12-22 18:31:36.578 [background-preinit] INFO  o.h.validator.internal.util.Version - HV000001: Hibernate Validator 8.0.3.Final 
25-12-22 18:31:36.627 [restartedMain] INFO  c.v.vatManager.VatManagerApplication - Starting VatManagerApplication using Java 21.0.5 with PID 16428 (D:\SpringBoot  Projects\vatManager\target\classes started by neraz in D:\SpringBoot  Projects\vatManager) 
25-12-22 18:31:36.628 [restartedMain] INFO  c.v.vatManager.VatManagerApplication - No active profile set, falling back to 1 default profile: "default" 
25-12-22 18:31:36.672 [restartedMain] INFO  o.s.b.d.e.DevToolsPropertyDefaultsPostProcessor - Devtools property defaults active! Set 'spring.devtools.add-properties' to 'false' to disable 
25-12-22 18:31:36.672 [restartedMain] INFO  o.s.b.d.e.DevToolsPropertyDefaultsPostProcessor - For additional web related logging consider setting the 'logging.level.web' property to 'DEBUG' 
25-12-22 18:31:37.503 [restartedMain] INFO  o.s.d.r.c.RepositoryConfigurationDelegate - Bootstrapping Spring Data JPA repositories in DEFAULT mode. 
25-12-22 18:31:37.554 [restartedMain] INFO  o.s.d.r.c.RepositoryConfigurationDelegate - Finished Spring Data repository scanning in 42 ms. Found 1 JPA repository interface. 
25-12-22 18:31:38.055 [restartedMain] INFO  o.s.b.w.e.tomcat.TomcatWebServer - Tomcat initialized with port 8080 (http) 
25-12-22 18:31:38.068 [restartedMain] INFO  o.a.coyote.http11.Http11NioProtocol - Initializing ProtocolHandler ["http-nio-8080"] 
25-12-22 18:31:38.070 [restartedMain] INFO  o.a.catalina.core.StandardService - Starting service [Tomcat] 
25-12-22 18:31:38.070 [restartedMain] INFO  o.a.catalina.core.StandardEngine - Starting Servlet engine: [Apache Tomcat/10.1.44] 
25-12-22 18:31:38.120 [restartedMain] INFO  o.a.c.c.C.[Tomcat].[localhost].[/] - Initializing Spring embedded WebApplicationContext 
25-12-22 18:31:38.120 [restartedMain] INFO  o.s.b.w.s.c.ServletWebServerApplicationContext - Root WebApplicationContext: initialization completed in 1448 ms 
25-12-22 18:31:38.305 [restartedMain] INFO  o.h.jpa.internal.util.LogHelper - HHH000204: Processing PersistenceUnitInfo [name: default] 
25-12-22 18:31:38.374 [restartedMain] INFO  org.hibernate.Version - HHH000412: Hibernate ORM core version 6.6.26.Final 
25-12-22 18:31:38.415 [restartedMain] INFO  o.h.c.i.RegionFactoryInitiator - HHH000026: Second-level cache disabled 
25-12-22 18:31:38.689 [restartedMain] INFO  o.s.o.j.p.SpringPersistenceUnitInfo - No LoadTimeWeaver setup: ignoring JPA class transformer 
25-12-22 18:31:38.930 [restartedMain] INFO  o.hibernate.orm.connections.pooling - HHH10001005: Database info:
	Database JDBC URL [Connecting through datasource 'org.sqlite.SQLiteDataSource@55bd4983']
	Database driver: undefined/unknown
	Database version: 3.50.3
	Autocommit mode: undefined/unknown
	Isolation level: undefined/unknown
	Minimum pool size: undefined/unknown
	Maximum pool size: undefined/unknown 
25-12-22 18:31:39.609 [restartedMain] INFO  o.h.e.t.j.p.i.JtaPlatformInitiator - HHH000489: No JTA platform available (set 'hibernate.transaction.jta.platform' to enable JTA platform integration) 
25-12-22 18:31:39.638 [restartedMain] INFO  o.s.o.j.LocalContainerEntityManagerFactoryBean - Initialized JPA EntityManagerFactory for persistence unit 'default' 
25-12-22 18:31:39.861 [restartedMain] INFO  o.s.d.j.r.query.QueryEnhancerFactory - Hibernate is in classpath; If applicable, HQL parser will be used. 
25-12-22 18:31:39.927 [restartedMain] WARN  o.s.b.a.o.j.JpaBaseConfiguration$JpaWebConfiguration - spring.jpa.open-in-view is enabled by default. Therefore, database queries may be performed during view rendering. Explicitly configure spring.jpa.open-in-view to disable this warning 
25-12-22 18:31:39.997 [restartedMain] INFO  o.s.b.a.w.s.WelcomePageHandlerMapping - Adding welcome page: class path resource [static/index.html] 
25-12-22 18:31:40.412 [restartedMain] INFO  o.s.b.d.a.OptionalLiveReloadServer - LiveReload server is running on port 35729 
25-12-22 18:31:40.431 [restartedMain] INFO  o.a.coyote.http11.Http11NioProtocol - Starting ProtocolHandler ["http-nio-8080"] 
25-12-22 18:31:40.454 [restartedMain] INFO  o.s.b.w.e.tomcat.TomcatWebServer - Tomcat started on port 8080 (http) with context path '/' 
25-12-22 18:31:40.462 [restartedMain] INFO  c.v.vatManager.VatManagerApplication - Started VatManagerApplication in 4.158 seconds (process running for 7.904) 
25-12-22 18:31:44.821 [http-nio-8080-exec-1] INFO  o.a.c.c.C.[Tomcat].[localhost].[/] - Initializing Spring DispatcherServlet 'dispatcherServlet' 
25-12-22 18:31:44.822 [http-nio-8080-exec-1] INFO  o.s.web.servlet.DispatcherServlet - Initializing Servlet 'dispatcherServlet' 
25-12-22 18:31:44.823 [http-nio-8080-exec-1] INFO  o.s.web.servlet.DispatcherServlet - Completed initialization in 1 ms 
25-12-22 18:31:45.198 [http-nio-8080-exec-5] INFO  c.v.vatManager.utils.PageableUtils -  : This is the sortDirection received in the pageableUtils method. 
25-12-22 18:31:45.198 [http-nio-8080-exec-5] INFO  c.v.v.service.ClientServiceImpl - Getting all the Clients from the Database. 
25-12-22 18:33:02.836 [http-nio-8080-exec-9] INFO  c.v.vatManager.utils.PageableUtils -  : This is the sortDirection received in the pageableUtils method. 
25-12-22 18:33:06.429 [http-nio-8080-exec-10] INFO  c.v.vatManager.utils.PageableUtils -  : This is the sortDirection received in the pageableUtils method. 
25-12-22 18:33:10.574 [http-nio-8080-exec-1] INFO  c.v.vatManager.utils.PageableUtils -  : This is the sortDirection received in the pageableUtils method. 
25-12-22 18:33:14.509 [http-nio-8080-exec-2] INFO  c.v.vatManager.utils.PageableUtils -  : This is the sortDirection received in the pageableUtils method. 
25-12-22 18:33:43.308 [http-nio-8080-exec-4] INFO  c.v.vatManager.utils.PageableUtils -  : This is the sortDirection received in the pageableUtils method. 
25-12-22 18:33:43.309 [http-nio-8080-exec-4] INFO  c.v.v.service.ClientServiceImpl - Getting all the Clients from the Database. 
25-12-22 18:33:46.323 [http-nio-8080-exec-3] INFO  c.v.vatManager.utils.PageableUtils -  : This is the sortDirection received in the pageableUtils method. 
25-12-22 18:33:46.332 [http-nio-8080-exec-3] INFO  c.v.v.service.ClientServiceImpl - Getting all the Clients from the Database. 
25-12-22 18:33:46.729 [http-nio-8080-exec-6] INFO  c.v.vatManager.utils.PageableUtils - asc : This is the sortDirection received in the pageableUtils method. 
25-12-22 18:33:46.729 [http-nio-8080-exec-6] INFO  c.v.v.service.ClientServiceImpl - Getting all the Clients from the Database. 
25-12-22 18:33:51.257 [http-nio-8080-exec-5] INFO  c.v.vatManager.utils.PageableUtils - asc : This is the sortDirection received in the pageableUtils method. 
25-12-22 18:33:51.258 [http-nio-8080-exec-5] INFO  c.v.v.service.ClientServiceImpl - Getting all the Clients from the Database. 
25-12-22 18:33:51.645 [http-nio-8080-exec-7] INFO  c.v.vatManager.utils.PageableUtils - desc : This is the sortDirection received in the pageableUtils method. 
25-12-22 18:33:51.646 [http-nio-8080-exec-7] INFO  c.v.v.service.ClientServiceImpl - Getting all the Clients from the Database. 
25-12-22 18:33:52.450 [http-nio-8080-exec-8] INFO  c.v.vatManager.utils.PageableUtils - desc : This is the sortDirection received in the pageableUtils method. 
25-12-22 18:33:52.450 [http-nio-8080-exec-8] INFO  c.v.v.service.ClientServiceImpl - Getting all the Clients from the Database. 
25-12-22 18:33:52.828 [http-nio-8080-exec-9] INFO  c.v.vatManager.utils.PageableUtils - asc : This is the sortDirection received in the pageableUtils method. 
25-12-22 18:33:52.828 [http-nio-8080-exec-9] INFO  c.v.v.service.ClientServiceImpl - Getting all the Clients from the Database. 
25-12-22 18:33:58.845 [http-nio-8080-exec-10] INFO  c.v.vatManager.utils.PageableUtils - asc : This is the sortDirection received in the pageableUtils method. 
25-12-22 18:33:58.845 [http-nio-8080-exec-10] INFO  c.v.v.service.ClientServiceImpl - Getting all the Clients from the Database. 
25-12-22 18:34:01.337 [http-nio-8080-exec-1] INFO  c.v.vatManager.utils.PageableUtils - asc : This is the sortDirection received in the pageableUtils method. 
25-12-22 18:34:01.338 [http-nio-8080-exec-1] INFO  c.v.v.service.ClientServiceImpl - Getting all the Clients from the Database. 
25-12-22 18:38:44.959 [File Watcher] INFO  o.s.b.d.a.LocalDevToolsAutoConfiguration$RestartingClassPathChangeChangedEventListener - Restarting due to 27 class path changes (0 additions, 26 deletions, 1 modification) 
25-12-22 18:38:44.963 [Thread-5] INFO  o.s.b.w.e.tomcat.GracefulShutdown - Commencing graceful shutdown. Waiting for active requests to complete 
25-12-22 18:38:44.964 [tomcat-shutdown] INFO  o.a.coyote.http11.Http11NioProtocol - Pausing ProtocolHandler ["http-nio-8080"] 
25-12-22 18:38:44.990 [tomcat-shutdown] INFO  o.s.b.w.e.tomcat.GracefulShutdown - Graceful shutdown complete 
25-12-22 18:38:44.991 [Thread-5] INFO  o.a.coyote.http11.Http11NioProtocol - Stopping ProtocolHandler ["http-nio-8080"] 
25-12-22 18:38:44.995 [Thread-5] INFO  o.s.o.j.LocalContainerEntityManagerFactoryBean - Closing JPA EntityManagerFactory for persistence unit 'default' 
25-12-22 18:38:45.089 [restartedMain] INFO  c.v.vatManager.VatManagerApplication - Starting VatManagerApplication using Java 21.0.5 with PID 16428 (D:\SpringBoot  Projects\vatManager\target\classes started by neraz in D:\SpringBoot  Projects\vatManager) 
25-12-22 18:38:45.090 [restartedMain] INFO  c.v.vatManager.VatManagerApplication - No active profile set, falling back to 1 default profile: "default" 
25-12-22 18:38:45.261 [restartedMain] INFO  o.s.d.r.c.RepositoryConfigurationDelegate - Bootstrapping Spring Data JPA repositories in DEFAULT mode. 
25-12-22 18:38:45.263 [restartedMain] INFO  o.s.d.r.c.RepositoryConfigurationDelegate - Finished Spring Data repository scanning in 0 ms. Found 0 JPA repository interfaces. 
25-12-22 18:38:45.368 [restartedMain] INFO  o.s.b.w.e.tomcat.TomcatWebServer - Tomcat initialized with port 8080 (http) 
25-12-22 18:38:45.369 [restartedMain] INFO  o.a.coyote.http11.Http11NioProtocol - Initializing ProtocolHandler ["http-nio-8080"] 
25-12-22 18:38:45.369 [restartedMain] INFO  o.a.catalina.core.StandardService - Starting service [Tomcat] 
25-12-22 18:38:45.369 [restartedMain] INFO  o.a.catalina.core.StandardEngine - Starting Servlet engine: [Apache Tomcat/10.1.44] 
25-12-22 18:38:45.400 [restartedMain] INFO  o.a.c.c.C.[Tomcat].[localhost].[/] - Initializing Spring embedded WebApplicationContext 
25-12-22 18:38:45.400 [restartedMain] INFO  o.s.b.w.s.c.ServletWebServerApplicationContext - Root WebApplicationContext: initialization completed in 307 ms 
25-12-22 18:38:45.416 [restartedMain] WARN  o.s.b.w.s.c.AnnotationConfigServletWebServerApplicationContext - Exception encountered during context initialization - cancelling refresh attempt: org.springframework.beans.factory.BeanCreationException: Error creating bean with name 'entityManagerFactory' defined in class path resource [org/springframework/boot/autoconfigure/orm/jpa/HibernateJpaConfiguration.class]: Failed to initialize dependency 'dataSourceScriptDatabaseInitializer' of LoadTimeWeaverAware bean 'entityManagerFactory': Error creating bean with name 'dataSourceScriptDatabaseInitializer' defined in class path resource [org/springframework/boot/autoconfigure/sql/init/DataSourceInitializationConfiguration.class]: Unsatisfied dependency expressed through method 'dataSourceScriptDatabaseInitializer' parameter 0: Error creating bean with name 'dataSource' defined in class path resource [org/springframework/boot/autoconfigure/jdbc/DataSourceConfiguration$Hikari.class]: Failed to instantiate [com.zaxxer.hikari.HikariDataSource]: Factory method 'dataSource' threw exception with message: Failed to determine suitable jdbc url 
25-12-22 18:38:45.416 [restartedMain] INFO  o.a.catalina.core.StandardService - Stopping service [Tomcat] 
25-12-22 18:38:45.420 [restartedMain] INFO  o.s.b.a.l.ConditionEvaluationReportLogger - 

Error starting ApplicationContext. To display the condition evaluation report re-run your application with 'debug' enabled. 
25-12-22 18:38:45.435 [restartedMain] ERROR o.s.b.d.LoggingFailureAnalysisReporter - 

***************************
APPLICATION FAILED TO START
***************************

Description:

Failed to configure a DataSource: 'url' attribute is not specified and no embedded datasource could be configured.

Reason: Failed to determine suitable jdbc url


Action:

Consider the following:
	If you want an embedded database (H2, HSQL or Derby), please put it on the classpath.
	If you have database settings to be loaded from a particular profile you may need to activate it (no profiles are currently active).
 
25-12-22 18:38:47.915 [restartedMain] INFO  c.v.vatManager.VatManagerApplication - Starting VatManagerApplication using Java 21.0.5 with PID 16428 (D:\SpringBoot  Projects\vatManager\target\classes started by neraz in D:\SpringBoot  Projects\vatManager) 
25-12-22 18:38:47.915 [restartedMain] INFO  c.v.vatManager.VatManagerApplication - No active profile set, falling back to 1 default profile: "default" 
25-12-22 18:38:48.331 [restartedMain] INFO  o.s.d.r.c.RepositoryConfigurationDelegate - Bootstrapping Spring Data JPA repositories in DEFAULT mode. 
25-12-22 18:38:48.343 [restartedMain] INFO  o.s.d.r.c.RepositoryConfigurationDelegate - Finished Spring Data repository scanning in 11 ms. Found 1 JPA repository interface. 
25-12-22 18:38:48.438 [restartedMain] INFO  o.s.b.w.e.tomcat.TomcatWebServer - Tomcat initialized with port 8080 (http) 
25-12-22 18:38:48.440 [restartedMain] INFO  o.a.coyote.http11.Http11NioProtocol - Initializing ProtocolHandler ["http-nio-8080"] 
25-12-22 18:38:48.441 [restartedMain] INFO  o.a.catalina.core.StandardService - Starting service [Tomcat] 
25-12-22 18:38:48.441 [restartedMain] INFO  o.a.catalina.core.StandardEngine - Starting Servlet engine: [Apache Tomcat/10.1.44] 
25-12-22 18:38:48.469 [restartedMain] INFO  o.a.c.c.C.[Tomcat-1].[localhost].[/] - Initializing Spring embedded WebApplicationContext 
25-12-22 18:38:48.469 [restartedMain] INFO  o.s.b.w.s.c.ServletWebServerApplicationContext - Root WebApplicationContext: initialization completed in 552 ms 
25-12-22 18:38:48.505 [restartedMain] INFO  o.h.jpa.internal.util.LogHelper - HHH000204: Processing PersistenceUnitInfo [name: default] 
25-12-22 18:38:48.511 [restartedMain] INFO  o.h.c.i.RegionFactoryInitiator - HHH000026: Second-level cache disabled 
25-12-22 18:38:48.524 [restartedMain] INFO  o.s.o.j.p.SpringPersistenceUnitInfo - No LoadTimeWeaver setup: ignoring JPA class transformer 
25-12-22 18:38:48.531 [restartedMain] INFO  o.hibernate.orm.connections.pooling - HHH10001005: Database info:
	Database JDBC URL [Connecting through datasource 'org.sqlite.SQLiteDataSource@244bbc38']
	Database driver: undefined/unknown
	Database version: 3.50.3
	Autocommit mode: undefined/unknown
	Isolation level: undefined/unknown
	Minimum pool size: undefined/unknown
	Maximum pool size: undefined/unknown 
25-12-22 18:38:48.588 [restartedMain] INFO  o.h.e.t.j.p.i.JtaPlatformInitiator - HHH000489: No JTA platform available (set 'hibernate.transaction.jta.platform' to enable JTA platform integration) 
25-12-22 18:38:48.592 [restartedMain] INFO  o.s.o.j.LocalContainerEntityManagerFactoryBean - Initialized JPA EntityManagerFactory for persistence unit 'default' 
25-12-22 18:38:48.675 [restartedMain] WARN  o.s.b.a.o.j.JpaBaseConfiguration$JpaWebConfiguration - spring.jpa.open-in-view is enabled by default. Therefore, database queries may be performed during view rendering. Explicitly configure spring.jpa.open-in-view to disable this warning 
25-12-22 18:38:48.720 [restartedMain] INFO  o.s.b.a.w.s.WelcomePageHandlerMapping - Adding welcome page: class path resource [static/index.html] 
25-12-22 18:38:48.827 [restartedMain] INFO  o.s.b.d.a.OptionalLiveReloadServer - LiveReload server is running on port 35729 
25-12-22 18:38:48.837 [restartedMain] INFO  o.a.coyote.http11.Http11NioProtocol - Starting ProtocolHandler ["http-nio-8080"] 
25-12-22 18:38:48.841 [restartedMain] INFO  o.s.b.w.e.tomcat.TomcatWebServer - Tomcat started on port 8080 (http) with context path '/' 
25-12-22 18:38:48.846 [restartedMain] INFO  c.v.vatManager.VatManagerApplication - Started VatManagerApplication in 0.957 seconds (process running for 436.288) 
25-12-22 18:38:48.848 [restartedMain] INFO  o.s.b.d.a.ConditionEvaluationDeltaLoggingListener - Condition evaluation unchanged 
25-12-22 18:38:50.171 [main] INFO  c.v.v.service.ClientServiceImpl - Getting all the Clients from the Database. 
25-12-22 18:38:50.338 [main] INFO  o.s.t.c.s.AnnotationConfigContextLoaderUtils - Could not detect default configuration classes for test class [com.vatManager.vatManager.VatManagerApplicationTests]: VatManagerApplicationTests does not declare any static, non-private, non-final, nested classes annotated with @Configuration. 
25-12-22 18:38:50.479 [main] INFO  o.s.b.t.c.SpringBootTestContextBootstrapper - Found @SpringBootConfiguration com.vatManager.vatManager.VatManagerApplication for test class com.vatManager.vatManager.VatManagerApplicationTests 
25-12-22 18:38:50.638 [main] INFO  o.s.b.d.r.RestartApplicationListener - Restart disabled due to context in which it is running 
25-12-22 18:38:50.846 [background-preinit] INFO  o.h.validator.internal.util.Version - HV000001: Hibernate Validator 8.0.3.Final 
25-12-22 18:38:50.894 [main] INFO  c.v.v.VatManagerApplicationTests - Starting VatManagerApplicationTests using Java 23.0.2 with PID 12444 (started by neraz in D:\SpringBoot  Projects\vatManager) 
25-12-22 18:38:50.895 [main] INFO  c.v.v.VatManagerApplicationTests - No active profile set, falling back to 1 default profile: "default" 
25-12-22 18:38:51.620 [main] INFO  o.s.d.r.c.RepositoryConfigurationDelegate - Bootstrapping Spring Data JPA repositories in DEFAULT mode. 
25-12-22 18:38:51.688 [main] INFO  o.s.d.r.c.RepositoryConfigurationDelegate - Finished Spring Data repository scanning in 55 ms. Found 1 JPA repository interface. 
25-12-22 18:38:52.237 [main] INFO  o.h.jpa.internal.util.LogHelper - HHH000204: Processing PersistenceUnitInfo [name: default] 
25-12-22 18:38:52.294 [main] INFO  org.hibernate.Version - HHH000412: Hibernate ORM core version 6.6.26.Final 
25-12-22 18:38:52.328 [main] INFO  o.h.c.i.RegionFactoryInitiator - HHH000026: Second-level cache disabled 
25-12-22 18:38:52.439 [main] INFO  o.s.o.j.p.SpringPersistenceUnitInfo - No LoadTimeWeaver setup: ignoring JPA class transformer 
25-12-22 18:38:52.580 [main] INFO  o.hibernate.orm.connections.pooling - HHH10001005: Database info:
	Database JDBC URL [Connecting through datasource 'org.sqlite.SQLiteDataSource@6da646b8']
	Database driver: undefined/unknown
	Database version: 3.50.3
	Autocommit mode: undefined/unknown
	Isolation level: undefined/unknown
	Minimum pool size: undefined/unknown
	Maximum pool size: undefined/unknown 
25-12-22 18:38:53.169 [http-nio-8080-exec-1] INFO  o.a.c.c.C.[Tomcat-1].[localhost].[/] - Initializing Spring DispatcherServlet 'dispatcherServlet' 
25-12-22 18:38:53.169 [http-nio-8080-exec-1] INFO  o.s.web.servlet.DispatcherServlet - Initializing Servlet 'dispatcherServlet' 
25-12-22 18:38:53.170 [http-nio-8080-exec-1] INFO  o.s.web.servlet.DispatcherServlet - Completed initialization in 1 ms 
25-12-22 18:38:53.184 [main] INFO  o.h.e.t.j.p.i.JtaPlatformInitiator - HHH000489: No JTA platform available (set 'hibernate.transaction.jta.platform' to enable JTA platform integration) 
25-12-22 18:38:53.231 [main] INFO  o.s.o.j.LocalContainerEntityManagerFactoryBean - Initialized JPA EntityManagerFactory for persistence unit 'default' 
25-12-22 18:38:53.535 [http-nio-8080-exec-5] INFO  c.v.vatManager.utils.PageableUtils -  : This is the sortDirection received in the pageableUtils method. 
25-12-22 18:38:53.535 [http-nio-8080-exec-5] INFO  c.v.v.service.ClientServiceImpl - Getting all the Clients from the Database. 
25-12-22 18:38:53.583 [main] INFO  o.s.d.j.r.query.QueryEnhancerFactory - Hibernate is in classpath; If applicable, HQL parser will be used. 
25-12-22 18:38:53.780 [main] WARN  o.s.b.a.o.j.JpaBaseConfiguration$JpaWebConfiguration - spring.jpa.open-in-view is enabled by default. Therefore, database queries may be performed during view rendering. Explicitly configure spring.jpa.open-in-view to disable this warning 
25-12-22 18:38:53.874 [main] INFO  o.s.b.a.w.s.WelcomePageHandlerMapping - Adding welcome page: class path resource [static/index.html] 
25-12-22 18:38:54.279 [main] INFO  c.v.v.VatManagerApplicationTests - Started VatManagerApplicationTests in 3.649 seconds (process running for 6.183) 
25-12-22 18:38:54.336 [SpringApplicationShutdownHook] INFO  o.s.o.j.LocalContainerEntityManagerFactoryBean - Closing JPA EntityManagerFactory for persistence unit 'default' 
25-12-22 18:40:34.816 [File Watcher] INFO  o.s.b.d.a.LocalDevToolsAutoConfiguration$RestartingClassPathChangeChangedEventListener - Restarting due to 3 class path changes (3 additions, 0 deletions, 0 modifications) 
25-12-22 18:40:34.817 [Thread-8] INFO  o.s.b.w.e.tomcat.GracefulShutdown - Commencing graceful shutdown. Waiting for active requests to complete 
25-12-22 18:40:34.817 [tomcat-shutdown] INFO  o.a.coyote.http11.Http11NioProtocol - Pausing ProtocolHandler ["http-nio-8080"] 
25-12-22 18:40:34.837 [tomcat-shutdown] INFO  o.s.b.w.e.tomcat.GracefulShutdown - Graceful shutdown complete 
25-12-22 18:40:34.837 [Thread-8] INFO  o.a.coyote.http11.Http11NioProtocol - Stopping ProtocolHandler ["http-nio-8080"] 
25-12-22 18:40:34.840 [Thread-8] INFO  o.s.o.j.LocalContainerEntityManagerFactoryBean - Closing JPA EntityManagerFactory for persistence unit 'default' 
25-12-22 18:40:34.894 [restartedMain] INFO  c.v.vatManager.VatManagerApplication - Starting VatManagerApplication using Java 21.0.5 with PID 16428 (D:\SpringBoot  Projects\vatManager\target\classes started by neraz in D:\SpringBoot  Projects\vatManager) 
25-12-22 18:40:34.894 [restartedMain] INFO  c.v.vatManager.VatManagerApplication - No active profile set, falling back to 1 default profile: "default" 
25-12-22 18:40:35.011 [restartedMain] INFO  o.s.d.r.c.RepositoryConfigurationDelegate - Bootstrapping Spring Data JPA repositories in DEFAULT mode. 
25-12-22 18:40:35.020 [restartedMain] INFO  o.s.d.r.c.RepositoryConfigurationDelegate - Finished Spring Data repository scanning in 7 ms. Found 1 JPA repository interface. 
25-12-22 18:40:35.089 [restartedMain] INFO  o.s.b.w.e.tomcat.TomcatWebServer - Tomcat initialized with port 8080 (http) 
25-12-22 18:40:35.091 [restartedMain] INFO  o.a.coyote.http11.Http11NioProtocol - Initializing ProtocolHandler ["http-nio-8080"] 
25-12-22 18:40:35.091 [restartedMain] INFO  o.a.catalina.core.StandardService - Starting service [Tomcat] 
25-12-22 18:40:35.091 [restartedMain] INFO  o.a.catalina.core.StandardEngine - Starting Servlet engine: [Apache Tomcat/10.1.44] 
25-12-22 18:40:35.115 [restartedMain] INFO  o.a.c.c.C.[Tomcat-1].[localhost].[/] - Initializing Spring embedded WebApplicationContext 
25-12-22 18:40:35.115 [restartedMain] INFO  o.s.b.w.s.c.ServletWebServerApplicationContext - Root WebApplicationContext: initialization completed in 220 ms 
25-12-22 18:40:35.133 [restartedMain] INFO  o.h.jpa.internal.util.LogHelper - HHH000204: Processing PersistenceUnitInfo [name: default] 
25-12-22 18:40:35.136 [restartedMain] INFO  o.h.c.i.RegionFactoryInitiator - HHH000026: Second-level cache disabled 
25-12-22 18:40:35.141 [restartedMain] INFO  o.s.o.j.p.SpringPersistenceUnitInfo - No LoadTimeWeaver setup: ignoring JPA class transformer 
25-12-22 18:40:35.144 [restartedMain] INFO  o.hibernate.orm.connections.pooling - HHH10001005: Database info:
	Database JDBC URL [Connecting through datasource 'org.sqlite.SQLiteDataSource@81c4373']
	Database driver: undefined/unknown
	Database version: 3.50.3
	Autocommit mode: undefined/unknown
	Isolation level: undefined/unknown
	Minimum pool size: undefined/unknown
	Maximum pool size: undefined/unknown 
25-12-22 18:40:35.172 [restartedMain] INFO  o.h.e.t.j.p.i.JtaPlatformInitiator - HHH000489: No JTA platform available (set 'hibernate.transaction.jta.platform' to enable JTA platform integration) 
25-12-22 18:40:35.175 [restartedMain] INFO  o.s.o.j.LocalContainerEntityManagerFactoryBean - Initialized JPA EntityManagerFactory for persistence unit 'default' 
25-12-22 18:40:35.223 [restartedMain] WARN  o.s.b.a.o.j.JpaBaseConfiguration$JpaWebConfiguration - spring.jpa.open-in-view is enabled by default. Therefore, database queries may be performed during view rendering. Explicitly configure spring.jpa.open-in-view to disable this warning 
25-12-22 18:40:35.250 [restartedMain] INFO  o.s.b.a.w.s.WelcomePageHandlerMapping - Adding welcome page: class path resource [static/index.html] 
25-12-22 18:40:35.304 [restartedMain] INFO  o.s.b.d.a.OptionalLiveReloadServer - LiveReload server is running on port 35729 
25-12-22 18:40:35.310 [restartedMain] INFO  o.a.coyote.http11.Http11NioProtocol - Starting ProtocolHandler ["http-nio-8080"] 
25-12-22 18:40:35.314 [restartedMain] INFO  o.s.b.w.e.tomcat.TomcatWebServer - Tomcat started on port 8080 (http) with context path '/' 
25-12-22 18:40:35.316 [restartedMain] INFO  c.v.vatManager.VatManagerApplication - Started VatManagerApplication in 0.441 seconds (process running for 542.759) 
25-12-22 18:40:35.317 [restartedMain] INFO  o.s.b.d.a.ConditionEvaluationDeltaLoggingListener - Condition evaluation unchanged 
25-12-22 18:40:39.600 [http-nio-8080-exec-1] INFO  o.a.c.c.C.[Tomcat-1].[localhost].[/] - Initializing Spring DispatcherServlet 'dispatcherServlet' 
25-12-22 18:40:39.600 [http-nio-8080-exec-1] INFO  o.s.web.servlet.DispatcherServlet - Initializing Servlet 'dispatcherServlet' 
25-12-22 18:40:39.600 [http-nio-8080-exec-1] INFO  o.s.web.servlet.DispatcherServlet - Completed initialization in 0 ms 
25-12-22 18:40:39.773 [http-nio-8080-exec-5] INFO  c.v.vatManager.utils.PageableUtils -  : This is the sortDirection received in the pageableUtils method. 
25-12-22 18:40:39.773 [http-nio-8080-exec-5] INFO  c.v.v.service.ClientServiceImpl - Getting all the Clients from the Database. 
25-12-22 18:50:55.350 [File Watcher] INFO  o.s.b.d.a.LocalDevToolsAutoConfiguration$RestartingClassPathChangeChangedEventListener - Restarting due to 27 class path changes (0 additions, 26 deletions, 1 modification) 
25-12-22 18:50:55.352 [Thread-16] INFO  o.s.b.w.e.tomcat.GracefulShutdown - Commencing graceful shutdown. Waiting for active requests to complete 
25-12-22 18:50:55.352 [tomcat-shutdown] INFO  o.a.coyote.http11.Http11NioProtocol - Pausing ProtocolHandler ["http-nio-8080"] 
25-12-22 18:50:55.376 [tomcat-shutdown] INFO  o.s.b.w.e.tomcat.GracefulShutdown - Graceful shutdown complete 
25-12-22 18:50:55.376 [Thread-16] INFO  o.a.coyote.http11.Http11NioProtocol - Stopping ProtocolHandler ["http-nio-8080"] 
25-12-22 18:50:55.380 [Thread-16] INFO  o.s.o.j.LocalContainerEntityManagerFactoryBean - Closing JPA EntityManagerFactory for persistence unit 'default' 
25-12-22 18:50:55.473 [restartedMain] INFO  c.v.vatManager.VatManagerApplication - Starting VatManagerApplication using Java 21.0.5 with PID 16428 (D:\SpringBoot  Projects\vatManager\target\classes started by neraz in D:\SpringBoot  Projects\vatManager) 
25-12-22 18:50:55.473 [restartedMain] INFO  c.v.vatManager.VatManagerApplication - No active profile set, falling back to 1 default profile: "default" 
25-12-22 18:50:55.605 [restartedMain] INFO  o.s.d.r.c.RepositoryConfigurationDelegate - Bootstrapping Spring Data JPA repositories in DEFAULT mode. 
25-12-22 18:50:55.606 [restartedMain] INFO  o.s.d.r.c.RepositoryConfigurationDelegate - Finished Spring Data repository scanning in 0 ms. Found 0 JPA repository interfaces. 
25-12-22 18:50:55.698 [restartedMain] INFO  o.s.b.w.e.tomcat.TomcatWebServer - Tomcat initialized with port 8080 (http) 
25-12-22 18:50:55.699 [restartedMain] INFO  o.a.coyote.http11.Http11NioProtocol - Initializing ProtocolHandler ["http-nio-8080"] 
25-12-22 18:50:55.699 [restartedMain] INFO  o.a.catalina.core.StandardService - Starting service [Tomcat] 
25-12-22 18:50:55.700 [restartedMain] INFO  o.a.catalina.core.StandardEngine - Starting Servlet engine: [Apache Tomcat/10.1.44] 
25-12-22 18:50:55.728 [restartedMain] INFO  o.a.c.c.C.[Tomcat-1].[localhost].[/] - Initializing Spring embedded WebApplicationContext 
25-12-22 18:50:55.729 [restartedMain] INFO  o.s.b.w.s.c.ServletWebServerApplicationContext - Root WebApplicationContext: initialization completed in 254 ms 
25-12-22 18:50:55.751 [restartedMain] WARN  o.s.b.w.s.c.AnnotationConfigServletWebServerApplicationContext - Exception encountered during context initialization - cancelling refresh attempt: org.springframework.beans.factory.BeanCreationException: Error creating bean with name 'entityManagerFactory' defined in class path resource [org/springframework/boot/autoconfigure/orm/jpa/HibernateJpaConfiguration.class]: Failed to initialize dependency 'dataSourceScriptDatabaseInitializer' of LoadTimeWeaverAware bean 'entityManagerFactory': Error creating bean with name 'dataSourceScriptDatabaseInitializer' defined in class path resource [org/springframework/boot/autoconfigure/sql/init/DataSourceInitializationConfiguration.class]: Unsatisfied dependency expressed through method 'dataSourceScriptDatabaseInitializer' parameter 0: Error creating bean with name 'dataSource' defined in class path resource [org/springframework/boot/autoconfigure/jdbc/DataSourceConfiguration$Hikari.class]: Failed to instantiate [com.zaxxer.hikari.HikariDataSource]: Factory method 'dataSource' threw exception with message: Failed to determine suitable jdbc url 
25-12-22 18:50:55.751 [restartedMain] INFO  o.a.catalina.core.StandardService - Stopping service [Tomcat] 
25-12-22 18:50:55.756 [restartedMain] INFO  o.s.b.a.l.ConditionEvaluationReportLogger - 

Error starting ApplicationContext. To display the condition evaluation report re-run your application with 'debug' enabled. 
25-12-22 18:50:55.760 [restartedMain] ERROR o.s.b.d.LoggingFailureAnalysisReporter - 

***************************
APPLICATION FAILED TO START
***************************

Description:

Failed to configure a DataSource: 'url' attribute is not specified and no embedded datasource could be configured.

Reason: Failed to determine suitable jdbc url


Action:

Consider the following:
	If you want an embedded database (H2, HSQL or Derby), please put it on the classpath.
	If you have database settings to be loaded from a particular profile you may need to activate it (no profiles are currently active).
 
25-12-22 18:50:58.225 [restartedMain] INFO  c.v.vatManager.VatManagerApplication - Starting VatManagerApplication using Java 21.0.5 with PID 16428 (D:\SpringBoot  Projects\vatManager\target\classes started by neraz in D:\SpringBoot  Projects\vatManager) 
25-12-22 18:50:58.226 [restartedMain] INFO  c.v.vatManager.VatManagerApplication - No active profile set, falling back to 1 default profile: "default" 
25-12-22 18:50:58.412 [restartedMain] INFO  o.s.d.r.c.RepositoryConfigurationDelegate - Bootstrapping Spring Data JPA repositories in DEFAULT mode. 
25-12-22 18:50:58.424 [restartedMain] INFO  o.s.d.r.c.RepositoryConfigurationDelegate - Finished Spring Data repository scanning in 10 ms. Found 1 JPA repository interface. 
25-12-22 18:50:58.518 [restartedMain] INFO  o.s.b.w.e.tomcat.TomcatWebServer - Tomcat initialized with port 8080 (http) 
25-12-22 18:50:58.519 [restartedMain] INFO  o.a.coyote.http11.Http11NioProtocol - Initializing ProtocolHandler ["http-nio-8080"] 
25-12-22 18:50:58.519 [restartedMain] INFO  o.a.catalina.core.StandardService - Starting service [Tomcat] 
25-12-22 18:50:58.519 [restartedMain] INFO  o.a.catalina.core.StandardEngine - Starting Servlet engine: [Apache Tomcat/10.1.44] 
25-12-22 18:50:58.547 [restartedMain] INFO  o.a.c.c.C.[Tomcat-2].[localhost].[/] - Initializing Spring embedded WebApplicationContext 
25-12-22 18:50:58.547 [restartedMain] INFO  o.s.b.w.s.c.ServletWebServerApplicationContext - Root WebApplicationContext: initialization completed in 320 ms 
25-12-22 18:50:58.588 [restartedMain] INFO  o.h.jpa.internal.util.LogHelper - HHH000204: Processing PersistenceUnitInfo [name: default] 
25-12-22 18:50:58.595 [restartedMain] INFO  o.h.c.i.RegionFactoryInitiator - HHH000026: Second-level cache disabled 
25-12-22 18:50:58.607 [restartedMain] INFO  o.s.o.j.p.SpringPersistenceUnitInfo - No LoadTimeWeaver setup: ignoring JPA class transformer 
25-12-22 18:50:58.612 [restartedMain] INFO  o.hibernate.orm.connections.pooling - HHH10001005: Database info:
	Database JDBC URL [Connecting through datasource 'org.sqlite.SQLiteDataSource@7e6d31ce']
	Database driver: undefined/unknown
	Database version: 3.50.3
	Autocommit mode: undefined/unknown
	Isolation level: undefined/unknown
	Minimum pool size: undefined/unknown
	Maximum pool size: undefined/unknown 
25-12-22 18:50:58.656 [restartedMain] INFO  o.h.e.t.j.p.i.JtaPlatformInitiator - HHH000489: No JTA platform available (set 'hibernate.transaction.jta.platform' to enable JTA platform integration) 
25-12-22 18:50:58.659 [restartedMain] INFO  o.s.o.j.LocalContainerEntityManagerFactoryBean - Initialized JPA EntityManagerFactory for persistence unit 'default' 
25-12-22 18:50:58.740 [restartedMain] WARN  o.s.b.a.o.j.JpaBaseConfiguration$JpaWebConfiguration - spring.jpa.open-in-view is enabled by default. Therefore, database queries may be performed during view rendering. Explicitly configure spring.jpa.open-in-view to disable this warning 
25-12-22 18:50:58.786 [restartedMain] INFO  o.s.b.a.w.s.WelcomePageHandlerMapping - Adding welcome page: class path resource [static/index.html] 
25-12-22 18:50:58.894 [restartedMain] INFO  o.s.b.d.a.OptionalLiveReloadServer - LiveReload server is running on port 35729 
25-12-22 18:50:58.914 [restartedMain] INFO  o.a.coyote.http11.Http11NioProtocol - Starting ProtocolHandler ["http-nio-8080"] 
25-12-22 18:50:58.919 [restartedMain] INFO  o.s.b.w.e.tomcat.TomcatWebServer - Tomcat started on port 8080 (http) with context path '/' 
25-12-22 18:50:58.924 [restartedMain] INFO  c.v.vatManager.VatManagerApplication - Started VatManagerApplication in 0.718 seconds (process running for 1166.366) 
25-12-22 18:50:58.926 [restartedMain] INFO  o.s.b.d.a.ConditionEvaluationDeltaLoggingListener - Condition evaluation unchanged 
25-12-22 18:51:03.217 [http-nio-8080-exec-1] INFO  o.a.c.c.C.[Tomcat-2].[localhost].[/] - Initializing Spring DispatcherServlet 'dispatcherServlet' 
25-12-22 18:51:03.217 [http-nio-8080-exec-1] INFO  o.s.web.servlet.DispatcherServlet - Initializing Servlet 'dispatcherServlet' 
25-12-22 18:51:03.217 [http-nio-8080-exec-1] INFO  o.s.web.servlet.DispatcherServlet - Completed initialization in 0 ms 
25-12-22 18:51:03.387 [http-nio-8080-exec-5] INFO  c.v.vatManager.utils.PageableUtils -  : This is the sortDirection received in the pageableUtils method. 
25-12-22 18:51:03.387 [http-nio-8080-exec-5] INFO  c.v.v.service.ClientServiceImpl - Getting all the Clients from the Database. 
25-12-22 18:57:40.385 [File Watcher] INFO  o.s.b.d.a.LocalDevToolsAutoConfiguration$RestartingClassPathChangeChangedEventListener - Restarting due to 1 class path change (0 additions, 0 deletions, 1 modification) 
25-12-22 18:57:40.387 [Thread-21] INFO  o.s.b.w.e.tomcat.GracefulShutdown - Commencing graceful shutdown. Waiting for active requests to complete 
25-12-22 18:57:40.387 [tomcat-shutdown] INFO  o.a.coyote.http11.Http11NioProtocol - Pausing ProtocolHandler ["http-nio-8080"] 
25-12-22 18:57:40.408 [tomcat-shutdown] INFO  o.s.b.w.e.tomcat.GracefulShutdown - Graceful shutdown complete 
25-12-22 18:57:40.408 [Thread-21] INFO  o.a.coyote.http11.Http11NioProtocol - Stopping ProtocolHandler ["http-nio-8080"] 
25-12-22 18:57:40.409 [Thread-21] INFO  o.s.o.j.LocalContainerEntityManagerFactoryBean - Closing JPA EntityManagerFactory for persistence unit 'default' 
25-12-22 18:57:40.483 [restartedMain] INFO  c.v.vatManager.VatManagerApplication - Starting VatManagerApplication using Java 21.0.5 with PID 16428 (D:\SpringBoot  Projects\vatManager\target\classes started by neraz in D:\SpringBoot  Projects\vatManager) 
25-12-22 18:57:40.483 [restartedMain] INFO  c.v.vatManager.VatManagerApplication - No active profile set, falling back to 1 default profile: "default" 
25-12-22 18:57:40.611 [restartedMain] INFO  o.s.d.r.c.RepositoryConfigurationDelegate - Bootstrapping Spring Data JPA repositories in DEFAULT mode. 
25-12-22 18:57:40.621 [restartedMain] INFO  o.s.d.r.c.RepositoryConfigurationDelegate - Finished Spring Data repository scanning in 7 ms. Found 1 JPA repository interface. 
25-12-22 18:57:40.706 [restartedMain] INFO  o.s.b.w.e.tomcat.TomcatWebServer - Tomcat initialized with port 8080 (http) 
25-12-22 18:57:40.707 [restartedMain] INFO  o.a.coyote.http11.Http11NioProtocol - Initializing ProtocolHandler ["http-nio-8080"] 
25-12-22 18:57:40.707 [restartedMain] INFO  o.a.catalina.core.StandardService - Starting service [Tomcat] 
25-12-22 18:57:40.707 [restartedMain] INFO  o.a.catalina.core.StandardEngine - Starting Servlet engine: [Apache Tomcat/10.1.44] 
25-12-22 18:57:40.733 [restartedMain] INFO  o.a.c.c.C.[Tomcat-2].[localhost].[/] - Initializing Spring embedded WebApplicationContext 
25-12-22 18:57:40.733 [restartedMain] INFO  o.s.b.w.s.c.ServletWebServerApplicationContext - Root WebApplicationContext: initialization completed in 249 ms 
25-12-22 18:57:40.758 [restartedMain] INFO  o.h.jpa.internal.util.LogHelper - HHH000204: Processing PersistenceUnitInfo [name: default] 
25-12-22 18:57:40.761 [restartedMain] INFO  o.h.c.i.RegionFactoryInitiator - HHH000026: Second-level cache disabled 
25-12-22 18:57:40.767 [restartedMain] INFO  o.s.o.j.p.SpringPersistenceUnitInfo - No LoadTimeWeaver setup: ignoring JPA class transformer 
25-12-22 18:57:40.770 [restartedMain] INFO  o.hibernate.orm.connections.pooling - HHH10001005: Database info:
	Database JDBC URL [Connecting through datasource 'org.sqlite.SQLiteDataSource@3ffdcd9f']
	Database driver: undefined/unknown
	Database version: 3.50.3
	Autocommit mode: undefined/unknown
	Isolation level: undefined/unknown
	Minimum pool size: undefined/unknown
	Maximum pool size: undefined/unknown 
25-12-22 18:57:40.804 [restartedMain] INFO  o.h.e.t.j.p.i.JtaPlatformInitiator - HHH000489: No JTA platform available (set 'hibernate.transaction.jta.platform' to enable JTA platform integration) 
25-12-22 18:57:40.807 [restartedMain] INFO  o.s.o.j.LocalContainerEntityManagerFactoryBean - Initialized JPA EntityManagerFactory for persistence unit 'default' 
25-12-22 18:57:40.867 [restartedMain] WARN  o.s.b.a.o.j.JpaBaseConfiguration$JpaWebConfiguration - spring.jpa.open-in-view is enabled by default. Therefore, database queries may be performed during view rendering. Explicitly configure spring.jpa.open-in-view to disable this warning 
25-12-22 18:57:40.900 [restartedMain] INFO  o.s.b.a.w.s.WelcomePageHandlerMapping - Adding welcome page: class path resource [static/index.html] 
25-12-22 18:57:40.977 [restartedMain] INFO  o.s.b.d.a.OptionalLiveReloadServer - LiveReload server is running on port 35729 
25-12-22 18:57:40.984 [restartedMain] INFO  o.a.coyote.http11.Http11NioProtocol - Starting ProtocolHandler ["http-nio-8080"] 
25-12-22 18:57:40.987 [restartedMain] INFO  o.s.b.w.e.tomcat.TomcatWebServer - Tomcat started on port 8080 (http) with context path '/' 
25-12-22 18:57:40.990 [restartedMain] INFO  c.v.vatManager.VatManagerApplication - Started VatManagerApplication in 0.543 seconds (process running for 1568.432) 
25-12-22 18:57:40.991 [restartedMain] INFO  o.s.b.d.a.ConditionEvaluationDeltaLoggingListener - Condition evaluation unchanged 
25-12-22 18:57:45.276 [http-nio-8080-exec-1] INFO  o.a.c.c.C.[Tomcat-2].[localhost].[/] - Initializing Spring DispatcherServlet 'dispatcherServlet' 
25-12-22 18:57:45.277 [http-nio-8080-exec-1] INFO  o.s.web.servlet.DispatcherServlet - Initializing Servlet 'dispatcherServlet' 
25-12-22 18:57:45.277 [http-nio-8080-exec-1] INFO  o.s.web.servlet.DispatcherServlet - Completed initialization in 0 ms 
25-12-22 18:57:45.443 [http-nio-8080-exec-5] INFO  c.v.vatManager.utils.PageableUtils -  : This is the sortDirection received in the pageableUtils method. 
25-12-22 18:57:45.443 [http-nio-8080-exec-5] INFO  c.v.v.service.ClientServiceImpl - Getting all the Clients from the Database. 
25-12-22 18:58:39.221 [File Watcher] INFO  o.s.b.d.a.LocalDevToolsAutoConfiguration$RestartingClassPathChangeChangedEventListener - Restarting due to 4 class path changes (3 additions, 0 deletions, 1 modification) 
25-12-22 18:58:39.222 [Thread-29] INFO  o.s.b.w.e.tomcat.GracefulShutdown - Commencing graceful shutdown. Waiting for active requests to complete 
25-12-22 18:58:39.222 [tomcat-shutdown] INFO  o.a.coyote.http11.Http11NioProtocol - Pausing ProtocolHandler ["http-nio-8080"] 
25-12-22 18:58:39.242 [tomcat-shutdown] INFO  o.s.b.w.e.tomcat.GracefulShutdown - Graceful shutdown complete 
25-12-22 18:58:39.242 [Thread-29] INFO  o.a.coyote.http11.Http11NioProtocol - Stopping ProtocolHandler ["http-nio-8080"] 
25-12-22 18:58:39.243 [Thread-29] INFO  o.s.o.j.LocalContainerEntityManagerFactoryBean - Closing JPA EntityManagerFactory for persistence unit 'default' 
25-12-22 18:58:39.317 [restartedMain] INFO  c.v.vatManager.VatManagerApplication - Starting VatManagerApplication using Java 21.0.5 with PID 16428 (D:\SpringBoot  Projects\vatManager\target\classes started by neraz in D:\SpringBoot  Projects\vatManager) 
25-12-22 18:58:39.318 [restartedMain] INFO  c.v.vatManager.VatManagerApplication - No active profile set, falling back to 1 default profile: "default" 
25-12-22 18:58:39.434 [restartedMain] INFO  o.s.d.r.c.RepositoryConfigurationDelegate - Bootstrapping Spring Data JPA repositories in DEFAULT mode. 
25-12-22 18:58:39.441 [restartedMain] INFO  o.s.d.r.c.RepositoryConfigurationDelegate - Finished Spring Data repository scanning in 6 ms. Found 1 JPA repository interface. 
25-12-22 18:58:39.502 [restartedMain] INFO  o.s.b.w.e.tomcat.TomcatWebServer - Tomcat initialized with port 8080 (http) 
25-12-22 18:58:39.503 [restartedMain] INFO  o.a.coyote.http11.Http11NioProtocol - Initializing ProtocolHandler ["http-nio-8080"] 
25-12-22 18:58:39.503 [restartedMain] INFO  o.a.catalina.core.StandardService - Starting service [Tomcat] 
25-12-22 18:58:39.503 [restartedMain] INFO  o.a.catalina.core.StandardEngine - Starting Servlet engine: [Apache Tomcat/10.1.44] 
25-12-22 18:58:39.524 [restartedMain] INFO  o.a.c.c.C.[Tomcat-2].[localhost].[/] - Initializing Spring embedded WebApplicationContext 
25-12-22 18:58:39.524 [restartedMain] INFO  o.s.b.w.s.c.ServletWebServerApplicationContext - Root WebApplicationContext: initialization completed in 205 ms 
25-12-22 18:58:39.543 [restartedMain] INFO  o.h.jpa.internal.util.LogHelper - HHH000204: Processing PersistenceUnitInfo [name: default] 
25-12-22 18:58:39.546 [restartedMain] INFO  o.h.c.i.RegionFactoryInitiator - HHH000026: Second-level cache disabled 
25-12-22 18:58:39.553 [restartedMain] INFO  o.s.o.j.p.SpringPersistenceUnitInfo - No LoadTimeWeaver setup: ignoring JPA class transformer 
25-12-22 18:58:39.555 [restartedMain] INFO  o.hibernate.orm.connections.pooling - HHH10001005: Database info:
	Database JDBC URL [Connecting through datasource 'org.sqlite.SQLiteDataSource@7d209ef6']
	Database driver: undefined/unknown
	Database version: 3.50.3
	Autocommit mode: undefined/unknown
	Isolation level: undefined/unknown
	Minimum pool size: undefined/unknown
	Maximum pool size: undefined/unknown 
25-12-22 18:58:39.584 [restartedMain] INFO  o.h.e.t.j.p.i.JtaPlatformInitiator - HHH000489: No JTA platform available (set 'hibernate.transaction.jta.platform' to enable JTA platform integration) 
25-12-22 18:58:39.586 [restartedMain] INFO  o.s.o.j.LocalContainerEntityManagerFactoryBean - Initialized JPA EntityManagerFactory for persistence unit 'default' 
25-12-22 18:58:39.633 [restartedMain] WARN  o.s.b.a.o.j.JpaBaseConfiguration$JpaWebConfiguration - spring.jpa.open-in-view is enabled by default. Therefore, database queries may be performed during view rendering. Explicitly configure spring.jpa.open-in-view to disable this warning 
25-12-22 18:58:39.660 [restartedMain] INFO  o.s.b.a.w.s.WelcomePageHandlerMapping - Adding welcome page: class path resource [static/index.html] 
25-12-22 18:58:39.713 [restartedMain] INFO  o.s.b.d.a.OptionalLiveReloadServer - LiveReload server is running on port 35729 
25-12-22 18:58:39.720 [restartedMain] INFO  o.a.coyote.http11.Http11NioProtocol - Starting ProtocolHandler ["http-nio-8080"] 
25-12-22 18:58:39.722 [restartedMain] INFO  o.s.b.w.e.tomcat.TomcatWebServer - Tomcat started on port 8080 (http) with context path '/' 
25-12-22 18:58:39.725 [restartedMain] INFO  c.v.vatManager.VatManagerApplication - Started VatManagerApplication in 0.429 seconds (process running for 1627.167) 
25-12-22 18:58:39.726 [restartedMain] INFO  o.s.b.d.a.ConditionEvaluationDeltaLoggingListener - Condition evaluation unchanged 
25-12-22 18:58:44.012 [http-nio-8080-exec-1] INFO  o.a.c.c.C.[Tomcat-2].[localhost].[/] - Initializing Spring DispatcherServlet 'dispatcherServlet' 
25-12-22 18:58:44.012 [http-nio-8080-exec-1] INFO  o.s.web.servlet.DispatcherServlet - Initializing Servlet 'dispatcherServlet' 
25-12-22 18:58:44.013 [http-nio-8080-exec-1] INFO  o.s.web.servlet.DispatcherServlet - Completed initialization in 1 ms 
25-12-22 18:58:44.176 [http-nio-8080-exec-5] INFO  c.v.vatManager.utils.PageableUtils -  : This is the sortDirection received in the pageableUtils method. 
25-12-22 18:58:44.177 [http-nio-8080-exec-5] INFO  c.v.v.service.ClientServiceImpl - Getting all the Clients from the Database. 
25-12-22 18:59:26.205 [File Watcher] INFO  o.s.b.d.a.LocalDevToolsAutoConfiguration$RestartingClassPathChangeChangedEventListener - Restarting due to 27 class path changes (0 additions, 26 deletions, 1 modification) 
25-12-22 18:59:26.206 [Thread-34] INFO  o.s.b.w.e.tomcat.GracefulShutdown - Commencing graceful shutdown. Waiting for active requests to complete 
25-12-22 18:59:26.206 [tomcat-shutdown] INFO  o.a.coyote.http11.Http11NioProtocol - Pausing ProtocolHandler ["http-nio-8080"] 
25-12-22 18:59:26.224 [tomcat-shutdown] INFO  o.s.b.w.e.tomcat.GracefulShutdown - Graceful shutdown complete 
25-12-22 18:59:26.224 [Thread-34] INFO  o.a.coyote.http11.Http11NioProtocol - Stopping ProtocolHandler ["http-nio-8080"] 
25-12-22 18:59:26.227 [Thread-34] INFO  o.s.o.j.LocalContainerEntityManagerFactoryBean - Closing JPA EntityManagerFactory for persistence unit 'default' 
25-12-22 18:59:26.296 [restartedMain] INFO  c.v.vatManager.VatManagerApplication - Starting VatManagerApplication using Java 21.0.5 with PID 16428 (D:\SpringBoot  Projects\vatManager\target\classes started by neraz in D:\SpringBoot  Projects\vatManager) 
25-12-22 18:59:26.297 [restartedMain] INFO  c.v.vatManager.VatManagerApplication - No active profile set, falling back to 1 default profile: "default" 
25-12-22 18:59:26.410 [restartedMain] INFO  o.s.d.r.c.RepositoryConfigurationDelegate - Bootstrapping Spring Data JPA repositories in DEFAULT mode. 
25-12-22 18:59:26.411 [restartedMain] INFO  o.s.d.r.c.RepositoryConfigurationDelegate - Finished Spring Data repository scanning in 0 ms. Found 0 JPA repository interfaces. 
25-12-22 18:59:26.473 [restartedMain] INFO  o.s.b.w.e.tomcat.TomcatWebServer - Tomcat initialized with port 8080 (http) 
25-12-22 18:59:26.474 [restartedMain] INFO  o.a.coyote.http11.Http11NioProtocol - Initializing ProtocolHandler ["http-nio-8080"] 
25-12-22 18:59:26.474 [restartedMain] INFO  o.a.catalina.core.StandardService - Starting service [Tomcat] 
25-12-22 18:59:26.474 [restartedMain] INFO  o.a.catalina.core.StandardEngine - Starting Servlet engine: [Apache Tomcat/10.1.44] 
25-12-22 18:59:26.497 [restartedMain] INFO  o.a.c.c.C.[Tomcat-2].[localhost].[/] - Initializing Spring embedded WebApplicationContext 
25-12-22 18:59:26.497 [restartedMain] INFO  o.s.b.w.s.c.ServletWebServerApplicationContext - Root WebApplicationContext: initialization completed in 199 ms 
25-12-22 18:59:26.523 [restartedMain] INFO  o.h.jpa.internal.util.LogHelper - HHH000204: Processing PersistenceUnitInfo [name: default] 
25-12-22 18:59:26.527 [restartedMain] INFO  o.h.c.i.RegionFactoryInitiator - HHH000026: Second-level cache disabled 
25-12-22 18:59:26.532 [restartedMain] INFO  o.s.o.j.p.SpringPersistenceUnitInfo - No LoadTimeWeaver setup: ignoring JPA class transformer 
25-12-22 18:59:26.534 [restartedMain] INFO  com.zaxxer.hikari.HikariDataSource - HikariPool-1 - Starting... 
25-12-22 18:59:26.547 [restartedMain] INFO  com.zaxxer.hikari.pool.HikariPool - HikariPool-1 - Added connection org.sqlite.jdbc4.JDBC4Connection@1c9c93d1 
25-12-22 18:59:26.549 [restartedMain] INFO  com.zaxxer.hikari.HikariDataSource - HikariPool-1 - Start completed. 
25-12-22 18:59:26.559 [restartedMain] INFO  o.hibernate.orm.connections.pooling - HHH10001005: Database info:
	Database JDBC URL [Connecting through datasource 'HikariDataSource (HikariPool-1)']
	Database driver: undefined/unknown
	Database version: 3.50.3
	Autocommit mode: undefined/unknown
	Isolation level: undefined/unknown
	Minimum pool size: undefined/unknown
	Maximum pool size: undefined/unknown 
25-12-22 18:59:26.573 [restartedMain] INFO  o.h.e.t.j.p.i.JtaPlatformInitiator - HHH000489: No JTA platform available (set 'hibernate.transaction.jta.platform' to enable JTA platform integration) 
25-12-22 18:59:26.573 [restartedMain] INFO  o.s.o.j.LocalContainerEntityManagerFactoryBean - Initialized JPA EntityManagerFactory for persistence unit 'default' 
25-12-22 18:59:26.587 [restartedMain] WARN  o.s.b.a.o.j.JpaBaseConfiguration$JpaWebConfiguration - spring.jpa.open-in-view is enabled by default. Therefore, database queries may be performed during view rendering. Explicitly configure spring.jpa.open-in-view to disable this warning 
25-12-22 18:59:26.611 [restartedMain] INFO  o.s.b.a.w.s.WelcomePageHandlerMapping - Adding welcome page: class path resource [static/index.html] 
25-12-22 18:59:26.684 [restartedMain] INFO  o.s.b.d.a.OptionalLiveReloadServer - LiveReload server is running on port 35729 
25-12-22 18:59:26.694 [restartedMain] INFO  o.a.coyote.http11.Http11NioProtocol - Starting ProtocolHandler ["http-nio-8080"] 
25-12-22 18:59:26.696 [restartedMain] INFO  o.s.b.w.e.tomcat.TomcatWebServer - Tomcat started on port 8080 (http) with context path '/' 
25-12-22 18:59:26.699 [restartedMain] INFO  c.v.vatManager.VatManagerApplication - Started VatManagerApplication in 0.433 seconds (process running for 1674.141) 
25-12-22 18:59:26.702 [restartedMain] INFO  o.s.b.d.a.ConditionEvaluationDeltaLoggingListener - Condition evaluation delta:


==========================
CONDITION EVALUATION DELTA
==========================


Positive matches:
-----------------

   DataSourceAutoConfiguration.PooledDataSourceConfiguration matched:
      - AnyNestedCondition 1 matched 1 did not; NestedCondition on DataSourceAutoConfiguration.PooledDataSourceCondition.PooledDataSourceAvailable PooledDataSource found supported DataSource; NestedCondition on DataSourceAutoConfiguration.PooledDataSourceCondition.ExplicitType @ConditionalOnProperty (spring.datasource.type) did not find property 'spring.datasource.type' (DataSourceAutoConfiguration.PooledDataSourceCondition)
      - @ConditionalOnMissingBean (types: javax.sql.DataSource,javax.sql.XADataSource; SearchStrategy: all) did not find any beans (OnBeanCondition)

   DataSourceAutoConfiguration.PooledDataSourceConfiguration#jdbcConnectionDetails matched:
      - @ConditionalOnMissingBean (types: org.springframework.boot.autoconfigure.jdbc.JdbcConnectionDetails; SearchStrategy: all) did not find any beans (OnBeanCondition)

   DevToolsDataSourceAutoConfiguration matched:
      - @ConditionalOnClass found required class 'javax.sql.DataSource' (OnClassCondition)
      - Devtools devtools enabled. (OnEnabledDevToolsCondition)
      - DevTools DataSource Condition found auto-configured DataSource (DevToolsDataSourceAutoConfiguration.DevToolsDataSourceCondition)

   DevToolsDataSourceAutoConfiguration.DatabaseShutdownExecutorEntityManagerFactoryDependsOnPostProcessor matched:
      - @ConditionalOnClass found required class 'org.springframework.orm.jpa.LocalContainerEntityManagerFactoryBean' (OnClassCondition)
      - @ConditionalOnBean (types: org.springframework.orm.jpa.AbstractEntityManagerFactoryBean; SearchStrategy: all) found bean '&entityManagerFactory' (OnBeanCondition)


Negative matches:
-----------------

    None


Exclusions:
-----------

    None


Unconditional classes:
----------------------

    None


 
25-12-22 18:59:28.557 [restartedMain] INFO  o.s.b.d.e.DevToolsPropertyDefaultsPostProcessor - Devtools property defaults active! Set 'spring.devtools.add-properties' to 'false' to disable 
25-12-22 18:59:28.558 [restartedMain] INFO  o.s.b.d.e.DevToolsPropertyDefaultsPostProcessor - For additional web related logging consider setting the 'logging.level.web' property to 'DEBUG' 
25-12-22 18:59:28.560 [restartedMain] INFO  c.v.vatManager.VatManagerApplication - Starting VatManagerApplication using Java 21.0.5 with PID 16428 (D:\SpringBoot  Projects\vatManager\target\classes started by neraz in D:\SpringBoot  Projects\vatManager) 
25-12-22 18:59:28.561 [restartedMain] INFO  c.v.vatManager.VatManagerApplication - No active profile set, falling back to 1 default profile: "default" 
25-12-22 18:59:28.735 [restartedMain] INFO  o.s.d.r.c.RepositoryConfigurationDelegate - Bootstrapping Spring Data JPA repositories in DEFAULT mode. 
25-12-22 18:59:28.746 [restartedMain] INFO  o.s.d.r.c.RepositoryConfigurationDelegate - Finished Spring Data repository scanning in 8 ms. Found 1 JPA repository interface. 
25-12-22 18:59:28.860 [restartedMain] INFO  o.s.b.w.e.tomcat.TomcatWebServer - Tomcat initialized with port 8080 (http) 
25-12-22 18:59:28.861 [restartedMain] INFO  o.a.coyote.http11.Http11NioProtocol - Initializing ProtocolHandler ["http-nio-8080"] 
25-12-22 18:59:28.861 [restartedMain] INFO  o.a.catalina.core.StandardService - Starting service [Tomcat] 
25-12-22 18:59:28.861 [restartedMain] INFO  o.a.catalina.core.StandardEngine - Starting Servlet engine: [Apache Tomcat/10.1.44] 
25-12-22 18:59:28.889 [restartedMain] INFO  o.a.c.c.C.[Tomcat-3].[localhost].[/] - Initializing Spring embedded WebApplicationContext 
25-12-22 18:59:28.889 [restartedMain] INFO  o.s.b.w.s.c.ServletWebServerApplicationContext - Root WebApplicationContext: initialization completed in 328 ms 
25-12-22 18:59:28.914 [restartedMain] INFO  o.h.jpa.internal.util.LogHelper - HHH000204: Processing PersistenceUnitInfo [name: default] 
25-12-22 18:59:28.917 [restartedMain] INFO  o.h.c.i.RegionFactoryInitiator - HHH000026: Second-level cache disabled 
25-12-22 18:59:28.922 [restartedMain] INFO  o.s.o.j.p.SpringPersistenceUnitInfo - No LoadTimeWeaver setup: ignoring JPA class transformer 
25-12-22 18:59:28.930 [restartedMain] INFO  o.hibernate.orm.connections.pooling - HHH10001005: Database info:
	Database JDBC URL [Connecting through datasource 'org.sqlite.SQLiteDataSource@6d8e0cc5']
	Database driver: undefined/unknown
	Database version: 3.50.3
	Autocommit mode: undefined/unknown
	Isolation level: undefined/unknown
	Minimum pool size: undefined/unknown
	Maximum pool size: undefined/unknown 
25-12-22 18:59:28.959 [restartedMain] INFO  o.h.e.t.j.p.i.JtaPlatformInitiator - HHH000489: No JTA platform available (set 'hibernate.transaction.jta.platform' to enable JTA platform integration) 
25-12-22 18:59:28.962 [restartedMain] INFO  o.s.o.j.LocalContainerEntityManagerFactoryBean - Initialized JPA EntityManagerFactory for persistence unit 'default' 
25-12-22 18:59:29.023 [restartedMain] WARN  o.s.b.a.o.j.JpaBaseConfiguration$JpaWebConfiguration - spring.jpa.open-in-view is enabled by default. Therefore, database queries may be performed during view rendering. Explicitly configure spring.jpa.open-in-view to disable this warning 
25-12-22 18:59:29.061 [restartedMain] INFO  o.s.b.a.w.s.WelcomePageHandlerMapping - Adding welcome page: class path resource [static/index.html] 
25-12-22 18:59:29.112 [File Watcher] INFO  o.s.b.d.a.LocalDevToolsAutoConfiguration$RestartingClassPathChangeChangedEventListener - Restarting due to 23 class path changes (23 additions, 0 deletions, 0 modifications) 
25-12-22 18:59:29.113 [Thread-39] INFO  o.s.b.w.e.tomcat.GracefulShutdown - Commencing graceful shutdown. Waiting for active requests to complete 
25-12-22 18:59:29.114 [restartedMain] WARN  o.s.b.w.s.c.AnnotationConfigServletWebServerApplicationContext - Exception encountered during context initialization - cancelling refresh attempt: org.springframework.beans.factory.BeanCreationException: Error creating bean with name 'springApplicationAdminRegistrar' defined in class path resource [org/springframework/boot/autoconfigure/admin/SpringApplicationAdminJmxAutoConfiguration.class]: org.springframework.boot:type=Admin,name=SpringApplication 
25-12-22 18:59:29.114 [tomcat-shutdown] INFO  o.a.coyote.http11.Http11NioProtocol - Pausing ProtocolHandler ["http-nio-8080"] 
25-12-22 18:59:29.114 [restartedMain] INFO  o.s.o.j.LocalContainerEntityManagerFactoryBean - Closing JPA EntityManagerFactory for persistence unit 'default' 
25-12-22 18:59:29.115 [restartedMain] INFO  o.a.catalina.core.StandardService - Stopping service [Tomcat] 
25-12-22 18:59:29.120 [restartedMain] INFO  o.s.b.a.l.ConditionEvaluationReportLogger - 

Error starting ApplicationContext. To display the condition evaluation report re-run your application with 'debug' enabled. 
25-12-22 18:59:29.124 [restartedMain] ERROR o.s.boot.SpringApplication - Application run failed 
org.springframework.beans.factory.BeanCreationException: Error creating bean with name 'springApplicationAdminRegistrar' defined in class path resource [org/springframework/boot/autoconfigure/admin/SpringApplicationAdminJmxAutoConfiguration.class]: org.springframework.boot:type=Admin,name=SpringApplication
	at org.springframework.beans.factory.support.AbstractAutowireCapableBeanFactory.initializeBean(AbstractAutowireCapableBeanFactory.java:1826)
	at org.springframework.beans.factory.support.AbstractAutowireCapableBeanFactory.doCreateBean(AbstractAutowireCapableBeanFactory.java:607)
	at org.springframework.beans.factory.support.AbstractAutowireCapableBeanFactory.createBean(AbstractAutowireCapableBeanFactory.java:529)
	at org.springframework.beans.factory.support.AbstractBeanFactory.lambda$doGetBean$0(AbstractBeanFactory.java:339)
	at org.springframework.beans.factory.support.DefaultSingletonBeanRegistry.getSingleton(DefaultSingletonBeanRegistry.java:373)
	at org.springframework.beans.factory.support.AbstractBeanFactory.doGetBean(AbstractBeanFactory.java:337)
	at org.springframework.beans.factory.support.AbstractBeanFactory.getBean(AbstractBeanFactory.java:202)
	at org.springframework.beans.factory.support.DefaultListableBeanFactory.instantiateSingleton(DefaultListableBeanFactory.java:1222)
	at org.springframework.beans.factory.support.DefaultListableBeanFactory.preInstantiateSingleton(DefaultListableBeanFactory.java:1188)
	at org.springframework.beans.factory.support.DefaultListableBeanFactory.preInstantiateSingletons(DefaultListableBeanFactory.java:1123)
	at org.springframework.context.support.AbstractApplicationContext.finishBeanFactoryInitialization(AbstractApplicationContext.java:987)
	at org.springframework.context.support.AbstractApplicationContext.refresh(AbstractApplicationContext.java:627)
	at org.springframework.boot.web.servlet.context.ServletWebServerApplicationContext.refresh(ServletWebServerApplicationContext.java:146)
	at org.springframework.boot.SpringApplication.refresh(SpringApplication.java:752)
	at org.springframework.boot.SpringApplication.refreshContext(SpringApplication.java:439)
	at org.springframework.boot.SpringApplication.run(SpringApplication.java:318)
	at org.springframework.boot.SpringApplication.run(SpringApplication.java:1361)
	at org.springframework.boot.SpringApplication.run(SpringApplication.java:1350)
	at com.vatManager.vatManager.VatManagerApplication.main(VatManagerApplication.java:18)
	at java.base/jdk.internal.reflect.DirectMethodHandleAccessor.invoke(DirectMethodHandleAccessor.java:103)
	at java.base/java.lang.reflect.Method.invoke(Method.java:580)
	at org.springframework.boot.devtools.restart.RestartLauncher.run(RestartLauncher.java:50)
Caused by: javax.management.InstanceAlreadyExistsException: org.springframework.boot:type=Admin,name=SpringApplication
	at java.management/com.sun.jmx.mbeanserver.Repository.addMBean(Repository.java:322)
	at java.management/com.sun.jmx.interceptor.DefaultMBeanServerInterceptor.registerWithRepository(DefaultMBeanServerInterceptor.java:1848)
	at java.management/com.sun.jmx.interceptor.DefaultMBeanServerInterceptor.registerDynamicMBean(DefaultMBeanServerInterceptor.java:945)
	at java.management/com.sun.jmx.interceptor.DefaultMBeanServerInterceptor.registerObject(DefaultMBeanServerInterceptor.java:880)
	at java.management/com.sun.jmx.interceptor.DefaultMBeanServerInterceptor.registerMBean(DefaultMBeanServerInterceptor.java:315)
	at java.management/com.sun.jmx.mbeanserver.JmxMBeanServer.registerMBean(JmxMBeanServer.java:523)
	at org.springframework.boot.admin.SpringApplicationAdminMXBeanRegistrar.afterPropertiesSet(SpringApplicationAdminMXBeanRegistrar.java:129)
	at org.springframework.beans.factory.support.AbstractAutowireCapableBeanFactory.invokeInitMethods(AbstractAutowireCapableBeanFactory.java:1873)
	at org.springframework.beans.factory.support.AbstractAutowireCapableBeanFactory.initializeBean(AbstractAutowireCapableBeanFactory.java:1822)
	... 21 common frames omitted
25-12-22 18:59:29.134 [tomcat-shutdown] INFO  o.s.b.w.e.tomcat.GracefulShutdown - Graceful shutdown complete 
25-12-22 18:59:29.136 [Thread-39] INFO  o.s.o.j.LocalContainerEntityManagerFactoryBean - Closing JPA EntityManagerFactory for persistence unit 'default' 
25-12-22 18:59:29.138 [Thread-39] INFO  com.zaxxer.hikari.HikariDataSource - HikariPool-1 - Shutdown initiated... 
25-12-22 18:59:29.139 [Thread-39] INFO  com.zaxxer.hikari.HikariDataSource - HikariPool-1 - Shutdown completed. 
25-12-22 18:59:29.216 [restartedMain] INFO  c.v.vatManager.VatManagerApplication - Starting VatManagerApplication using Java 21.0.5 with PID 16428 (D:\SpringBoot  Projects\vatManager\target\classes started by neraz in D:\SpringBoot  Projects\vatManager) 
25-12-22 18:59:29.216 [restartedMain] INFO  c.v.vatManager.VatManagerApplication - No active profile set, falling back to 1 default profile: "default" 
25-12-22 18:59:29.354 [restartedMain] INFO  o.s.d.r.c.RepositoryConfigurationDelegate - Bootstrapping Spring Data JPA repositories in DEFAULT mode. 
25-12-22 18:59:29.364 [restartedMain] INFO  o.s.d.r.c.RepositoryConfigurationDelegate - Finished Spring Data repository scanning in 8 ms. Found 1 JPA repository interface. 
25-12-22 18:59:29.443 [restartedMain] INFO  o.s.b.w.e.tomcat.TomcatWebServer - Tomcat initialized with port 8080 (http) 
25-12-22 18:59:29.443 [restartedMain] INFO  o.a.coyote.http11.Http11NioProtocol - Initializing ProtocolHandler ["http-nio-8080"] 
25-12-22 18:59:29.443 [restartedMain] INFO  o.a.catalina.core.StandardService - Starting service [Tomcat] 
25-12-22 18:59:29.443 [restartedMain] INFO  o.a.catalina.core.StandardEngine - Starting Servlet engine: [Apache Tomcat/10.1.44] 
25-12-22 18:59:29.470 [restartedMain] INFO  o.a.c.c.C.[Tomcat-3].[localhost].[/] - Initializing Spring embedded WebApplicationContext 
25-12-22 18:59:29.470 [restartedMain] INFO  o.s.b.w.s.c.ServletWebServerApplicationContext - Root WebApplicationContext: initialization completed in 253 ms 
25-12-22 18:59:29.509 [restartedMain] INFO  o.h.jpa.internal.util.LogHelper - HHH000204: Processing PersistenceUnitInfo [name: default] 
25-12-22 18:59:29.515 [restartedMain] INFO  o.h.c.i.RegionFactoryInitiator - HHH000026: Second-level cache disabled 
25-12-22 18:59:29.523 [restartedMain] INFO  o.s.o.j.p.SpringPersistenceUnitInfo - No LoadTimeWeaver setup: ignoring JPA class transformer 
25-12-22 18:59:29.528 [restartedMain] INFO  o.hibernate.orm.connections.pooling - HHH10001005: Database info:
	Database JDBC URL [Connecting through datasource 'org.sqlite.SQLiteDataSource@4c5d64e2']
	Database driver: undefined/unknown
	Database version: 3.50.3
	Autocommit mode: undefined/unknown
	Isolation level: undefined/unknown
	Minimum pool size: undefined/unknown
	Maximum pool size: undefined/unknown 
25-12-22 18:59:29.570 [restartedMain] INFO  o.h.e.t.j.p.i.JtaPlatformInitiator - HHH000489: No JTA platform available (set 'hibernate.transaction.jta.platform' to enable JTA platform integration) 
25-12-22 18:59:29.574 [restartedMain] INFO  o.s.o.j.LocalContainerEntityManagerFactoryBean - Initialized JPA EntityManagerFactory for persistence unit 'default' 
25-12-22 18:59:29.647 [restartedMain] WARN  o.s.b.a.o.j.JpaBaseConfiguration$JpaWebConfiguration - spring.jpa.open-in-view is enabled by default. Therefore, database queries may be performed during view rendering. Explicitly configure spring.jpa.open-in-view to disable this warning 
25-12-22 18:59:29.674 [restartedMain] INFO  o.s.b.a.w.s.WelcomePageHandlerMapping - Adding welcome page: class path resource [static/index.html] 
25-12-22 18:59:29.741 [restartedMain] INFO  o.s.b.d.a.OptionalLiveReloadServer - LiveReload server is running on port 35729 
25-12-22 18:59:29.747 [restartedMain] INFO  o.a.coyote.http11.Http11NioProtocol - Starting ProtocolHandler ["http-nio-8080"] 
25-12-22 18:59:29.751 [restartedMain] INFO  o.s.b.w.e.tomcat.TomcatWebServer - Tomcat started on port 8080 (http) with context path '/' 
25-12-22 18:59:29.755 [restartedMain] INFO  c.v.vatManager.VatManagerApplication - Started VatManagerApplication in 0.565 seconds (process running for 1677.197) 
25-12-22 18:59:29.757 [restartedMain] INFO  o.s.b.d.a.ConditionEvaluationDeltaLoggingListener - Condition evaluation delta:


==========================
CONDITION EVALUATION DELTA
==========================


Positive matches:
-----------------

    None


Negative matches:
-----------------

   DataSourceAutoConfiguration.PooledDataSourceConfiguration:
      Did not match:
         - @ConditionalOnMissingBean (types: javax.sql.DataSource,javax.sql.XADataSource; SearchStrategy: all) found beans of type 'javax.sql.DataSource' dataSource (OnBeanCondition)
      Matched:
         - AnyNestedCondition 1 matched 1 did not; NestedCondition on DataSourceAutoConfiguration.PooledDataSourceCondition.PooledDataSourceAvailable PooledDataSource found supported DataSource; NestedCondition on DataSourceAutoConfiguration.PooledDataSourceCondition.ExplicitType @ConditionalOnProperty (spring.datasource.type) did not find property 'spring.datasource.type' (DataSourceAutoConfiguration.PooledDataSourceCondition)

   DevToolsDataSourceAutoConfiguration:
      Did not match:
         - DevTools DataSource Condition did not find an auto-configured DataSource (DevToolsDataSourceAutoConfiguration.DevToolsDataSourceCondition)
      Matched:
         - @ConditionalOnClass found required class 'javax.sql.DataSource' (OnClassCondition)
         - Devtools devtools enabled. (OnEnabledDevToolsCondition)

   DevToolsDataSourceAutoConfiguration.DatabaseShutdownExecutorEntityManagerFactoryDependsOnPostProcessor:
      Did not match:
         - Ancestor org.springframework.boot.devtools.autoconfigure.DevToolsDataSourceAutoConfiguration did not match (ConditionEvaluationReport.AncestorsMatchedCondition)
      Matched:
         - @ConditionalOnClass found required class 'org.springframework.orm.jpa.LocalContainerEntityManagerFactoryBean' (OnClassCondition)


Exclusions:
-----------

    None


Unconditional classes:
----------------------

    None


 
25-12-22 18:59:30.984 [http-nio-8080-exec-1] INFO  o.a.c.c.C.[Tomcat-3].[localhost].[/] - Initializing Spring DispatcherServlet 'dispatcherServlet' 
25-12-22 18:59:30.984 [http-nio-8080-exec-1] INFO  o.s.web.servlet.DispatcherServlet - Initializing Servlet 'dispatcherServlet' 
25-12-22 18:59:30.985 [http-nio-8080-exec-1] INFO  o.s.web.servlet.DispatcherServlet - Completed initialization in 1 ms 
25-12-22 18:59:31.155 [http-nio-8080-exec-4] INFO  c.v.vatManager.utils.PageableUtils -  : This is the sortDirection received in the pageableUtils method. 
25-12-22 18:59:31.155 [http-nio-8080-exec-4] INFO  c.v.v.service.ClientServiceImpl - Getting all the Clients from the Database. 
25-12-22 18:59:34.135 [http-nio-8080-exec-10] INFO  c.v.vatManager.utils.PageableUtils -  : This is the sortDirection received in the pageableUtils method. 
25-12-22 18:59:34.135 [http-nio-8080-exec-10] INFO  c.v.v.service.ClientServiceImpl - Getting all the Clients from the Database. 
25-12-22 19:01:39.171 [File Watcher] INFO  o.s.b.d.a.LocalDevToolsAutoConfiguration$RestartingClassPathChangeChangedEventListener - Restarting due to 1 class path change (0 additions, 0 deletions, 1 modification) 
25-12-22 19:01:39.172 [Thread-47] INFO  o.s.b.w.e.tomcat.GracefulShutdown - Commencing graceful shutdown. Waiting for active requests to complete 
25-12-22 19:01:39.172 [tomcat-shutdown] INFO  o.a.coyote.http11.Http11NioProtocol - Pausing ProtocolHandler ["http-nio-8080"] 
25-12-22 19:01:39.191 [tomcat-shutdown] INFO  o.s.b.w.e.tomcat.GracefulShutdown - Graceful shutdown complete 
25-12-22 19:01:39.191 [Thread-47] INFO  o.a.coyote.http11.Http11NioProtocol - Stopping ProtocolHandler ["http-nio-8080"] 
25-12-22 19:01:39.193 [Thread-47] INFO  o.s.o.j.LocalContainerEntityManagerFactoryBean - Closing JPA EntityManagerFactory for persistence unit 'default' 
25-12-22 19:01:39.251 [restartedMain] INFO  c.v.vatManager.VatManagerApplication - Starting VatManagerApplication using Java 21.0.5 with PID 16428 (D:\SpringBoot  Projects\vatManager\target\classes started by neraz in D:\SpringBoot  Projects\vatManager) 
25-12-22 19:01:39.251 [restartedMain] INFO  c.v.vatManager.VatManagerApplication - No active profile set, falling back to 1 default profile: "default" 
25-12-22 19:01:39.367 [restartedMain] INFO  o.s.d.r.c.RepositoryConfigurationDelegate - Bootstrapping Spring Data JPA repositories in DEFAULT mode. 
25-12-22 19:01:39.374 [restartedMain] INFO  o.s.d.r.c.RepositoryConfigurationDelegate - Finished Spring Data repository scanning in 6 ms. Found 1 JPA repository interface. 
25-12-22 19:01:39.428 [restartedMain] INFO  o.s.b.w.e.tomcat.TomcatWebServer - Tomcat initialized with port 8080 (http) 
25-12-22 19:01:39.429 [restartedMain] INFO  o.a.coyote.http11.Http11NioProtocol - Initializing ProtocolHandler ["http-nio-8080"] 
25-12-22 19:01:39.429 [restartedMain] INFO  o.a.catalina.core.StandardService - Starting service [Tomcat] 
25-12-22 19:01:39.429 [restartedMain] INFO  o.a.catalina.core.StandardEngine - Starting Servlet engine: [Apache Tomcat/10.1.44] 
25-12-22 19:01:39.450 [restartedMain] INFO  o.a.c.c.C.[Tomcat-3].[localhost].[/] - Initializing Spring embedded WebApplicationContext 
25-12-22 19:01:39.450 [restartedMain] INFO  o.s.b.w.s.c.ServletWebServerApplicationContext - Root WebApplicationContext: initialization completed in 197 ms 
25-12-22 19:01:39.468 [restartedMain] INFO  o.h.jpa.internal.util.LogHelper - HHH000204: Processing PersistenceUnitInfo [name: default] 
25-12-22 19:01:39.471 [restartedMain] INFO  o.h.c.i.RegionFactoryInitiator - HHH000026: Second-level cache disabled 
25-12-22 19:01:39.476 [restartedMain] INFO  o.s.o.j.p.SpringPersistenceUnitInfo - No LoadTimeWeaver setup: ignoring JPA class transformer 
25-12-22 19:01:39.480 [restartedMain] INFO  o.hibernate.orm.connections.pooling - HHH10001005: Database info:
	Database JDBC URL [Connecting through datasource 'org.sqlite.SQLiteDataSource@30ea99bb']
	Database driver: undefined/unknown
	Database version: 3.50.3
	Autocommit mode: undefined/unknown
	Isolation level: undefined/unknown
	Minimum pool size: undefined/unknown
	Maximum pool size: undefined/unknown 
25-12-22 19:01:39.504 [restartedMain] INFO  o.h.e.t.j.p.i.JtaPlatformInitiator - HHH000489: No JTA platform available (set 'hibernate.transaction.jta.platform' to enable JTA platform integration) 
25-12-22 19:01:39.506 [restartedMain] INFO  o.s.o.j.LocalContainerEntityManagerFactoryBean - Initialized JPA EntityManagerFactory for persistence unit 'default' 
25-12-22 19:01:39.527 [restartedMain] INFO  o.s.b.d.e.DevToolsPropertyDefaultsPostProcessor - Devtools property defaults active! Set 'spring.devtools.add-properties' to 'false' to disable 
25-12-22 19:01:39.528 [restartedMain] INFO  o.s.b.d.e.DevToolsPropertyDefaultsPostProcessor - For additional web related logging consider setting the 'logging.level.web' property to 'DEBUG' 
25-12-22 19:01:39.529 [restartedMain] INFO  c.v.vatManager.VatManagerApplication - Starting VatManagerApplication using Java 21.0.5 with PID 16428 (D:\SpringBoot  Projects\vatManager\target\classes started by neraz in D:\SpringBoot  Projects\vatManager) 
25-12-22 19:01:39.529 [restartedMain] INFO  c.v.vatManager.VatManagerApplication - No active profile set, falling back to 1 default profile: "default" 
25-12-22 19:01:39.553 [restartedMain] WARN  o.s.b.a.o.j.JpaBaseConfiguration$JpaWebConfiguration - spring.jpa.open-in-view is enabled by default. Therefore, database queries may be performed during view rendering. Explicitly configure spring.jpa.open-in-view to disable this warning 
25-12-22 19:01:39.574 [restartedMain] INFO  o.s.b.a.w.s.WelcomePageHandlerMapping - Adding welcome page: class path resource [static/index.html] 
25-12-22 19:01:39.625 [restartedMain] INFO  o.s.b.d.a.OptionalLiveReloadServer - LiveReload server is running on port 35729 
25-12-22 19:01:39.631 [restartedMain] INFO  o.a.coyote.http11.Http11NioProtocol - Starting ProtocolHandler ["http-nio-8080"] 
25-12-22 19:01:39.633 [restartedMain] INFO  o.s.b.w.e.tomcat.TomcatWebServer - Tomcat started on port 8080 (http) with context path '/' 
25-12-22 19:01:39.636 [restartedMain] INFO  c.v.vatManager.VatManagerApplication - Started VatManagerApplication in 0.402 seconds (process running for 1807.079) 
25-12-22 19:01:39.637 [restartedMain] INFO  o.s.b.d.a.ConditionEvaluationDeltaLoggingListener - Condition evaluation unchanged 
25-12-22 19:01:39.643 [restartedMain] INFO  o.s.d.r.c.RepositoryConfigurationDelegate - Bootstrapping Spring Data JPA repositories in DEFAULT mode. 
25-12-22 19:01:39.652 [restartedMain] INFO  o.s.d.r.c.RepositoryConfigurationDelegate - Finished Spring Data repository scanning in 7 ms. Found 1 JPA repository interface. 
25-12-22 19:01:39.710 [restartedMain] INFO  o.s.b.w.e.tomcat.TomcatWebServer - Tomcat initialized with port 8080 (http) 
25-12-22 19:01:39.710 [restartedMain] INFO  o.a.coyote.http11.Http11NioProtocol - Initializing ProtocolHandler ["http-nio-8080"] 
25-12-22 19:01:39.710 [restartedMain] INFO  o.a.catalina.core.StandardService - Starting service [Tomcat] 
25-12-22 19:01:39.710 [restartedMain] INFO  o.a.catalina.core.StandardEngine - Starting Servlet engine: [Apache Tomcat/10.1.44] 
25-12-22 19:01:39.741 [restartedMain] INFO  o.a.c.c.C.[Tomcat-4].[localhost].[/] - Initializing Spring embedded WebApplicationContext 
25-12-22 19:01:39.741 [restartedMain] INFO  o.s.b.w.s.c.ServletWebServerApplicationContext - Root WebApplicationContext: initialization completed in 211 ms 
25-12-22 19:01:39.759 [restartedMain] INFO  o.h.jpa.internal.util.LogHelper - HHH000204: Processing PersistenceUnitInfo [name: default] 
25-12-22 19:01:39.762 [restartedMain] INFO  o.h.c.i.RegionFactoryInitiator - HHH000026: Second-level cache disabled 
25-12-22 19:01:39.767 [restartedMain] INFO  o.s.o.j.p.SpringPersistenceUnitInfo - No LoadTimeWeaver setup: ignoring JPA class transformer 
25-12-22 19:01:39.769 [restartedMain] INFO  o.hibernate.orm.connections.pooling - HHH10001005: Database info:
	Database JDBC URL [Connecting through datasource 'org.sqlite.SQLiteDataSource@416ed6be']
	Database driver: undefined/unknown
	Database version: 3.50.3
	Autocommit mode: undefined/unknown
	Isolation level: undefined/unknown
	Minimum pool size: undefined/unknown
	Maximum pool size: undefined/unknown 
25-12-22 19:01:39.796 [restartedMain] INFO  o.h.e.t.j.p.i.JtaPlatformInitiator - HHH000489: No JTA platform available (set 'hibernate.transaction.jta.platform' to enable JTA platform integration) 
25-12-22 19:01:39.798 [restartedMain] INFO  o.s.o.j.LocalContainerEntityManagerFactoryBean - Initialized JPA EntityManagerFactory for persistence unit 'default' 
25-12-22 19:01:39.840 [restartedMain] WARN  o.s.b.a.o.j.JpaBaseConfiguration$JpaWebConfiguration - spring.jpa.open-in-view is enabled by default. Therefore, database queries may be performed during view rendering. Explicitly configure spring.jpa.open-in-view to disable this warning 
25-12-22 19:01:39.862 [restartedMain] INFO  o.s.b.a.w.s.WelcomePageHandlerMapping - Adding welcome page: class path resource [static/index.html] 
25-12-22 19:01:39.892 [restartedMain] WARN  o.s.b.w.s.c.AnnotationConfigServletWebServerApplicationContext - Exception encountered during context initialization - cancelling refresh attempt: org.springframework.beans.factory.BeanCreationException: Error creating bean with name 'springApplicationAdminRegistrar' defined in class path resource [org/springframework/boot/autoconfigure/admin/SpringApplicationAdminJmxAutoConfiguration.class]: org.springframework.boot:type=Admin,name=SpringApplication 
25-12-22 19:01:39.892 [restartedMain] INFO  o.s.o.j.LocalContainerEntityManagerFactoryBean - Closing JPA EntityManagerFactory for persistence unit 'default' 
25-12-22 19:01:39.892 [restartedMain] INFO  o.a.catalina.core.StandardService - Stopping service [Tomcat] 
25-12-22 19:01:39.896 [restartedMain] INFO  o.s.b.a.l.ConditionEvaluationReportLogger - 

Error starting ApplicationContext. To display the condition evaluation report re-run your application with 'debug' enabled. 
25-12-22 19:01:39.898 [restartedMain] ERROR o.s.boot.SpringApplication - Application run failed 
org.springframework.beans.factory.BeanCreationException: Error creating bean with name 'springApplicationAdminRegistrar' defined in class path resource [org/springframework/boot/autoconfigure/admin/SpringApplicationAdminJmxAutoConfiguration.class]: org.springframework.boot:type=Admin,name=SpringApplication
	at org.springframework.beans.factory.support.AbstractAutowireCapableBeanFactory.initializeBean(AbstractAutowireCapableBeanFactory.java:1826)
	at org.springframework.beans.factory.support.AbstractAutowireCapableBeanFactory.doCreateBean(AbstractAutowireCapableBeanFactory.java:607)
	at org.springframework.beans.factory.support.AbstractAutowireCapableBeanFactory.createBean(AbstractAutowireCapableBeanFactory.java:529)
	at org.springframework.beans.factory.support.AbstractBeanFactory.lambda$doGetBean$0(AbstractBeanFactory.java:339)
	at org.springframework.beans.factory.support.DefaultSingletonBeanRegistry.getSingleton(DefaultSingletonBeanRegistry.java:373)
	at org.springframework.beans.factory.support.AbstractBeanFactory.doGetBean(AbstractBeanFactory.java:337)
	at org.springframework.beans.factory.support.AbstractBeanFactory.getBean(AbstractBeanFactory.java:202)
	at org.springframework.beans.factory.support.DefaultListableBeanFactory.instantiateSingleton(DefaultListableBeanFactory.java:1222)
	at org.springframework.beans.factory.support.DefaultListableBeanFactory.preInstantiateSingleton(DefaultListableBeanFactory.java:1188)
	at org.springframework.beans.factory.support.DefaultListableBeanFactory.preInstantiateSingletons(DefaultListableBeanFactory.java:1123)
	at org.springframework.context.support.AbstractApplicationContext.finishBeanFactoryInitialization(AbstractApplicationContext.java:987)
	at org.springframework.context.support.AbstractApplicationContext.refresh(AbstractApplicationContext.java:627)
	at org.springframework.boot.web.servlet.context.ServletWebServerApplicationContext.refresh(ServletWebServerApplicationContext.java:146)
	at org.springframework.boot.SpringApplication.refresh(SpringApplication.java:752)
	at org.springframework.boot.SpringApplication.refreshContext(SpringApplication.java:439)
	at org.springframework.boot.SpringApplication.run(SpringApplication.java:318)
	at org.springframework.boot.SpringApplication.run(SpringApplication.java:1361)
	at org.springframework.boot.SpringApplication.run(SpringApplication.java:1350)
	at com.vatManager.vatManager.VatManagerApplication.main(VatManagerApplication.java:18)
	at java.base/jdk.internal.reflect.DirectMethodHandleAccessor.invoke(DirectMethodHandleAccessor.java:103)
	at java.base/java.lang.reflect.Method.invoke(Method.java:580)
	at org.springframework.boot.devtools.restart.RestartLauncher.run(RestartLauncher.java:50)
Caused by: javax.management.InstanceAlreadyExistsException: org.springframework.boot:type=Admin,name=SpringApplication
	at java.management/com.sun.jmx.mbeanserver.Repository.addMBean(Repository.java:322)
	at java.management/com.sun.jmx.interceptor.DefaultMBeanServerInterceptor.registerWithRepository(DefaultMBeanServerInterceptor.java:1848)
	at java.management/com.sun.jmx.interceptor.DefaultMBeanServerInterceptor.registerDynamicMBean(DefaultMBeanServerInterceptor.java:945)
	at java.management/com.sun.jmx.interceptor.DefaultMBeanServerInterceptor.registerObject(DefaultMBeanServerInterceptor.java:880)
	at java.management/com.sun.jmx.interceptor.DefaultMBeanServerInterceptor.registerMBean(DefaultMBeanServerInterceptor.java:315)
	at java.management/com.sun.jmx.mbeanserver.JmxMBeanServer.registerMBean(JmxMBeanServer.java:523)
	at org.springframework.boot.admin.SpringApplicationAdminMXBeanRegistrar.afterPropertiesSet(SpringApplicationAdminMXBeanRegistrar.java:129)
	at org.springframework.beans.factory.support.AbstractAutowireCapableBeanFactory.invokeInitMethods(AbstractAutowireCapableBeanFactory.java:1873)
	at org.springframework.beans.factory.support.AbstractAutowireCapableBeanFactory.initializeBean(AbstractAutowireCapableBeanFactory.java:1822)
	... 21 common frames omitted
25-12-22 19:01:43.920 [http-nio-8080-exec-1] INFO  o.s.web.servlet.DispatcherServlet - Initializing Servlet 'dispatcherServlet' 
25-12-22 19:01:43.921 [http-nio-8080-exec-1] INFO  o.s.web.servlet.DispatcherServlet - Completed initialization in 1 ms 
25-12-22 19:01:44.112 [http-nio-8080-exec-5] INFO  c.v.vatManager.utils.PageableUtils -  : This is the sortDirection received in the pageableUtils method. 
25-12-22 19:01:44.113 [http-nio-8080-exec-5] INFO  c.v.v.service.ClientServiceImpl - Getting all the Clients from the Database. 
25-12-22 19:02:05.065 [restartedMain] INFO  c.v.vatManager.VatManagerApplication - Starting VatManagerApplication using Java 21.0.5 with PID 16428 (D:\SpringBoot  Projects\vatManager\target\classes started by neraz in D:\SpringBoot  Projects\vatManager) 
25-12-22 19:02:05.065 [restartedMain] INFO  c.v.vatManager.VatManagerApplication - No active profile set, falling back to 1 default profile: "default" 
25-12-22 19:02:05.194 [restartedMain] INFO  o.s.d.r.c.RepositoryConfigurationDelegate - Bootstrapping Spring Data JPA repositories in DEFAULT mode. 
25-12-22 19:02:05.195 [restartedMain] INFO  o.s.d.r.c.RepositoryConfigurationDelegate - Finished Spring Data repository scanning in 0 ms. Found 0 JPA repository interfaces. 
25-12-22 19:02:05.259 [restartedMain] INFO  o.s.b.w.e.tomcat.TomcatWebServer - Tomcat initialized with port 8080 (http) 
25-12-22 19:02:05.260 [restartedMain] INFO  o.a.coyote.http11.Http11NioProtocol - Initializing ProtocolHandler ["http-nio-8080"] 
25-12-22 19:02:05.260 [restartedMain] INFO  o.a.catalina.core.StandardService - Starting service [Tomcat] 
25-12-22 19:02:05.260 [restartedMain] INFO  o.a.catalina.core.StandardEngine - Starting Servlet engine: [Apache Tomcat/10.1.44] 
25-12-22 19:02:05.282 [restartedMain] INFO  o.a.c.c.C.[Tomcat-5].[localhost].[/] - Initializing Spring embedded WebApplicationContext 
25-12-22 19:02:05.282 [restartedMain] INFO  o.s.b.w.s.c.ServletWebServerApplicationContext - Root WebApplicationContext: initialization completed in 216 ms 
25-12-22 19:02:05.303 [restartedMain] INFO  o.h.jpa.internal.util.LogHelper - HHH000204: Processing PersistenceUnitInfo [name: default] 
25-12-22 19:02:05.306 [restartedMain] INFO  o.h.c.i.RegionFactoryInitiator - HHH000026: Second-level cache disabled 
25-12-22 19:02:05.311 [restartedMain] INFO  o.s.o.j.p.SpringPersistenceUnitInfo - No LoadTimeWeaver setup: ignoring JPA class transformer 
25-12-22 19:02:05.312 [restartedMain] INFO  com.zaxxer.hikari.HikariDataSource - HikariPool-2 - Starting... 
25-12-22 19:02:05.314 [restartedMain] INFO  com.zaxxer.hikari.pool.HikariPool - HikariPool-2 - Added connection org.sqlite.jdbc4.JDBC4Connection@3c463380 
25-12-22 19:02:05.314 [restartedMain] INFO  com.zaxxer.hikari.HikariDataSource - HikariPool-2 - Start completed. 
25-12-22 19:02:05.315 [restartedMain] INFO  o.hibernate.orm.connections.pooling - HHH10001005: Database info:
	Database JDBC URL [Connecting through datasource 'HikariDataSource (HikariPool-2)']
	Database driver: undefined/unknown
	Database version: 3.50.3
	Autocommit mode: undefined/unknown
	Isolation level: undefined/unknown
	Minimum pool size: undefined/unknown
	Maximum pool size: undefined/unknown 
25-12-22 19:02:05.327 [restartedMain] INFO  o.h.e.t.j.p.i.JtaPlatformInitiator - HHH000489: No JTA platform available (set 'hibernate.transaction.jta.platform' to enable JTA platform integration) 
25-12-22 19:02:05.327 [restartedMain] INFO  o.s.o.j.LocalContainerEntityManagerFactoryBean - Initialized JPA EntityManagerFactory for persistence unit 'default' 
25-12-22 19:02:05.340 [restartedMain] WARN  o.s.b.a.o.j.JpaBaseConfiguration$JpaWebConfiguration - spring.jpa.open-in-view is enabled by default. Therefore, database queries may be performed during view rendering. Explicitly configure spring.jpa.open-in-view to disable this warning 
25-12-22 19:02:05.361 [restartedMain] INFO  o.s.b.a.w.s.WelcomePageHandlerMapping - Adding welcome page: class path resource [static/index.html] 
25-12-22 19:02:05.373 [File Watcher] INFO  o.s.b.d.a.LocalDevToolsAutoConfiguration$RestartingClassPathChangeChangedEventListener - Restarting due to 24 class path changes (0 additions, 23 deletions, 1 modification) 
25-12-22 19:02:05.373 [Thread-53] INFO  o.s.b.w.e.tomcat.GracefulShutdown - Commencing graceful shutdown. Waiting for active requests to complete 
25-12-22 19:02:05.374 [tomcat-shutdown] INFO  o.a.coyote.http11.Http11NioProtocol - Pausing ProtocolHandler ["http-nio-8080"] 
25-12-22 19:02:05.392 [tomcat-shutdown] INFO  o.s.b.w.e.tomcat.GracefulShutdown - Graceful shutdown complete 
25-12-22 19:02:05.392 [Thread-53] INFO  o.a.coyote.http11.Http11NioProtocol - Stopping ProtocolHandler ["http-nio-8080"] 
25-12-22 19:02:05.394 [Thread-53] INFO  o.s.o.j.LocalContainerEntityManagerFactoryBean - Closing JPA EntityManagerFactory for persistence unit 'default' 
25-12-22 19:02:05.434 [restartedMain] INFO  o.s.b.d.a.OptionalLiveReloadServer - LiveReload server is running on port 35729 
25-12-22 19:02:05.447 [restartedMain] INFO  o.s.b.w.e.tomcat.TomcatWebServer - Tomcat started on port 8080 (http) with context path '/' 
25-12-22 19:02:05.451 [restartedMain] INFO  c.v.vatManager.VatManagerApplication - Started VatManagerApplication in 0.403 seconds (process running for 1832.893) 
25-12-22 19:02:05.452 [Thread-53] INFO  o.s.b.w.e.tomcat.GracefulShutdown - Commencing graceful shutdown. Waiting for active requests to complete 
25-12-22 19:02:05.452 [restartedMain] INFO  o.s.b.d.a.ConditionEvaluationDeltaLoggingListener - Condition evaluation delta:


==========================
CONDITION EVALUATION DELTA
==========================


Positive matches:
-----------------

   DataSourceAutoConfiguration.PooledDataSourceConfiguration matched:
      - AnyNestedCondition 1 matched 1 did not; NestedCondition on DataSourceAutoConfiguration.PooledDataSourceCondition.PooledDataSourceAvailable PooledDataSource found supported DataSource; NestedCondition on DataSourceAutoConfiguration.PooledDataSourceCondition.ExplicitType @ConditionalOnProperty (spring.datasource.type) did not find property 'spring.datasource.type' (DataSourceAutoConfiguration.PooledDataSourceCondition)
      - @ConditionalOnMissingBean (types: javax.sql.DataSource,javax.sql.XADataSource; SearchStrategy: all) did not find any beans (OnBeanCondition)

   DataSourceAutoConfiguration.PooledDataSourceConfiguration#jdbcConnectionDetails matched:
      - @ConditionalOnMissingBean (types: org.springframework.boot.autoconfigure.jdbc.JdbcConnectionDetails; SearchStrategy: all) did not find any beans (OnBeanCondition)

   DevToolsDataSourceAutoConfiguration matched:
      - @ConditionalOnClass found required class 'javax.sql.DataSource' (OnClassCondition)
      - Devtools devtools enabled. (OnEnabledDevToolsCondition)
      - DevTools DataSource Condition found auto-configured DataSource (DevToolsDataSourceAutoConfiguration.DevToolsDataSourceCondition)

   DevToolsDataSourceAutoConfiguration.DatabaseShutdownExecutorEntityManagerFactoryDependsOnPostProcessor matched:
      - @ConditionalOnClass found required class 'org.springframework.orm.jpa.LocalContainerEntityManagerFactoryBean' (OnClassCondition)
      - @ConditionalOnBean (types: org.springframework.orm.jpa.AbstractEntityManagerFactoryBean; SearchStrategy: all) found bean '&entityManagerFactory' (OnBeanCondition)


Negative matches:
-----------------

    None


Exclusions:
-----------

    None


Unconditional classes:
----------------------

    None


 
25-12-22 19:02:05.481 [tomcat-shutdown] INFO  o.s.b.w.e.tomcat.GracefulShutdown - Graceful shutdown complete 
25-12-22 19:02:05.483 [Thread-53] INFO  o.s.o.j.LocalContainerEntityManagerFactoryBean - Closing JPA EntityManagerFactory for persistence unit 'default' 
25-12-22 19:02:05.484 [Thread-53] INFO  com.zaxxer.hikari.HikariDataSource - HikariPool-2 - Shutdown initiated... 
25-12-22 19:02:05.496 [Thread-53] INFO  com.zaxxer.hikari.HikariDataSource - HikariPool-2 - Shutdown completed. 
25-12-22 19:02:05.554 [restartedMain] INFO  c.v.vatManager.VatManagerApplication - Starting VatManagerApplication using Java 21.0.5 with PID 16428 (D:\SpringBoot  Projects\vatManager\target\classes started by neraz in D:\SpringBoot  Projects\vatManager) 
25-12-22 19:02:05.555 [restartedMain] INFO  c.v.vatManager.VatManagerApplication - No active profile set, falling back to 1 default profile: "default" 
25-12-22 19:02:05.673 [restartedMain] INFO  o.s.d.r.c.RepositoryConfigurationDelegate - Bootstrapping Spring Data JPA repositories in DEFAULT mode. 
25-12-22 19:02:05.674 [restartedMain] INFO  o.s.d.r.c.RepositoryConfigurationDelegate - Finished Spring Data repository scanning in 0 ms. Found 0 JPA repository interfaces. 
25-12-22 19:02:05.741 [restartedMain] INFO  o.s.b.w.e.tomcat.TomcatWebServer - Tomcat initialized with port 8080 (http) 
25-12-22 19:02:05.741 [restartedMain] INFO  o.a.coyote.http11.Http11NioProtocol - Initializing ProtocolHandler ["http-nio-8080"] 
25-12-22 19:02:05.742 [restartedMain] INFO  o.a.catalina.core.StandardService - Starting service [Tomcat] 
25-12-22 19:02:05.742 [restartedMain] INFO  o.a.catalina.core.StandardEngine - Starting Servlet engine: [Apache Tomcat/10.1.44] 
25-12-22 19:02:05.770 [restartedMain] INFO  o.a.c.c.C.[Tomcat-4].[localhost].[/] - Initializing Spring embedded WebApplicationContext 
25-12-22 19:02:05.770 [restartedMain] INFO  o.s.b.w.s.c.ServletWebServerApplicationContext - Root WebApplicationContext: initialization completed in 214 ms 
25-12-22 19:02:05.804 [restartedMain] INFO  o.h.jpa.internal.util.LogHelper - HHH000204: Processing PersistenceUnitInfo [name: default] 
25-12-22 19:02:05.808 [restartedMain] INFO  o.h.c.i.RegionFactoryInitiator - HHH000026: Second-level cache disabled 
25-12-22 19:02:05.815 [restartedMain] INFO  o.s.o.j.p.SpringPersistenceUnitInfo - No LoadTimeWeaver setup: ignoring JPA class transformer 
25-12-22 19:02:05.818 [restartedMain] INFO  com.zaxxer.hikari.HikariDataSource - HikariPool-3 - Starting... 
25-12-22 19:02:05.819 [restartedMain] INFO  com.zaxxer.hikari.pool.HikariPool - HikariPool-3 - Added connection org.sqlite.jdbc4.JDBC4Connection@3ff31b9b 
25-12-22 19:02:05.819 [restartedMain] INFO  com.zaxxer.hikari.HikariDataSource - HikariPool-3 - Start completed. 
25-12-22 19:02:05.820 [restartedMain] INFO  o.hibernate.orm.connections.pooling - HHH10001005: Database info:
	Database JDBC URL [Connecting through datasource 'HikariDataSource (HikariPool-3)']
	Database driver: undefined/unknown
	Database version: 3.50.3
	Autocommit mode: undefined/unknown
	Isolation level: undefined/unknown
	Minimum pool size: undefined/unknown
	Maximum pool size: undefined/unknown 
25-12-22 19:02:05.835 [restartedMain] INFO  o.h.e.t.j.p.i.JtaPlatformInitiator - HHH000489: No JTA platform available (set 'hibernate.transaction.jta.platform' to enable JTA platform integration) 
25-12-22 19:02:05.835 [restartedMain] INFO  o.s.o.j.LocalContainerEntityManagerFactoryBean - Initialized JPA EntityManagerFactory for persistence unit 'default' 
25-12-22 19:02:05.856 [restartedMain] WARN  o.s.b.a.o.j.JpaBaseConfiguration$JpaWebConfiguration - spring.jpa.open-in-view is enabled by default. Therefore, database queries may be performed during view rendering. Explicitly configure spring.jpa.open-in-view to disable this warning 
25-12-22 19:02:05.894 [restartedMain] INFO  o.s.b.a.w.s.WelcomePageHandlerMapping - Adding welcome page: class path resource [static/index.html] 
25-12-22 19:02:05.990 [restartedMain] INFO  o.s.b.d.a.OptionalLiveReloadServer - LiveReload server is running on port 35729 
25-12-22 19:02:05.998 [restartedMain] INFO  o.a.coyote.http11.Http11NioProtocol - Starting ProtocolHandler ["http-nio-8080"] 
25-12-22 19:02:06.002 [restartedMain] INFO  o.s.b.w.e.tomcat.TomcatWebServer - Tomcat started on port 8080 (http) with context path '/' 
25-12-22 19:02:06.006 [restartedMain] INFO  c.v.vatManager.VatManagerApplication - Started VatManagerApplication in 0.47 seconds (process running for 1833.448) 
25-12-22 19:02:06.007 [restartedMain] INFO  o.s.b.d.a.ConditionEvaluationDeltaLoggingListener - Condition evaluation unchanged 
25-12-22 19:02:07.419 [File Watcher] INFO  o.s.b.d.a.LocalDevToolsAutoConfiguration$RestartingClassPathChangeChangedEventListener - Restarting due to 23 class path changes (23 additions, 0 deletions, 0 modifications) 
25-12-22 19:02:07.420 [Thread-63] INFO  o.s.b.w.e.tomcat.GracefulShutdown - Commencing graceful shutdown. Waiting for active requests to complete 
25-12-22 19:02:07.420 [tomcat-shutdown] INFO  o.a.coyote.http11.Http11NioProtocol - Pausing ProtocolHandler ["http-nio-8080"] 
25-12-22 19:02:07.441 [tomcat-shutdown] INFO  o.s.b.w.e.tomcat.GracefulShutdown - Graceful shutdown complete 
25-12-22 19:02:07.441 [Thread-63] INFO  o.a.coyote.http11.Http11NioProtocol - Stopping ProtocolHandler ["http-nio-8080"] 
25-12-22 19:02:07.442 [Thread-63] INFO  o.s.o.j.LocalContainerEntityManagerFactoryBean - Closing JPA EntityManagerFactory for persistence unit 'default' 
25-12-22 19:02:07.442 [Thread-63] INFO  com.zaxxer.hikari.HikariDataSource - HikariPool-3 - Shutdown initiated... 
25-12-22 19:02:07.443 [Thread-63] INFO  com.zaxxer.hikari.HikariDataSource - HikariPool-3 - Shutdown completed. 
25-12-22 19:02:07.498 [restartedMain] INFO  o.s.b.d.e.DevToolsPropertyDefaultsPostProcessor - Devtools property defaults active! Set 'spring.devtools.add-properties' to 'false' to disable 
25-12-22 19:02:07.499 [restartedMain] INFO  o.s.b.d.e.DevToolsPropertyDefaultsPostProcessor - For additional web related logging consider setting the 'logging.level.web' property to 'DEBUG' 
25-12-22 19:02:07.500 [restartedMain] INFO  c.v.vatManager.VatManagerApplication - Starting VatManagerApplication using Java 21.0.5 with PID 16428 (D:\SpringBoot  Projects\vatManager\target\classes started by neraz in D:\SpringBoot  Projects\vatManager) 
25-12-22 19:02:07.500 [restartedMain] INFO  c.v.vatManager.VatManagerApplication - No active profile set, falling back to 1 default profile: "default" 
25-12-22 19:02:07.502 [restartedMain] INFO  c.v.vatManager.VatManagerApplication - Starting VatManagerApplication using Java 21.0.5 with PID 16428 (D:\SpringBoot  Projects\vatManager\target\classes started by neraz in D:\SpringBoot  Projects\vatManager) 
25-12-22 19:02:07.502 [restartedMain] INFO  c.v.vatManager.VatManagerApplication - No active profile set, falling back to 1 default profile: "default" 
25-12-22 19:02:07.687 [restartedMain] INFO  o.s.d.r.c.RepositoryConfigurationDelegate - Bootstrapping Spring Data JPA repositories in DEFAULT mode. 
25-12-22 19:02:07.687 [restartedMain] INFO  o.s.d.r.c.RepositoryConfigurationDelegate - Bootstrapping Spring Data JPA repositories in DEFAULT mode. 
25-12-22 19:02:07.698 [restartedMain] INFO  o.s.d.r.c.RepositoryConfigurationDelegate - Finished Spring Data repository scanning in 10 ms. Found 1 JPA repository interface. 
25-12-22 19:02:07.698 [restartedMain] INFO  o.s.d.r.c.RepositoryConfigurationDelegate - Finished Spring Data repository scanning in 10 ms. Found 1 JPA repository interface. 
25-12-22 19:02:07.782 [restartedMain] INFO  o.s.b.w.e.tomcat.TomcatWebServer - Tomcat initialized with port 8080 (http) 
25-12-22 19:02:07.782 [restartedMain] INFO  o.s.b.w.e.tomcat.TomcatWebServer - Tomcat initialized with port 8080 (http) 
25-12-22 19:02:07.783 [restartedMain] INFO  o.a.coyote.http11.Http11NioProtocol - Initializing ProtocolHandler ["http-nio-8080"] 
25-12-22 19:02:07.783 [restartedMain] INFO  o.a.catalina.core.StandardService - Starting service [Tomcat] 
25-12-22 19:02:07.783 [restartedMain] INFO  o.a.catalina.core.StandardEngine - Starting Servlet engine: [Apache Tomcat/10.1.44] 
25-12-22 19:02:07.783 [restartedMain] INFO  o.a.coyote.http11.Http11NioProtocol - Initializing ProtocolHandler ["http-nio-8080"] 
25-12-22 19:02:07.783 [restartedMain] INFO  o.a.catalina.core.StandardService - Starting service [Tomcat] 
25-12-22 19:02:07.783 [restartedMain] INFO  o.a.catalina.core.StandardEngine - Starting Servlet engine: [Apache Tomcat/10.1.44] 
25-12-22 19:02:07.809 [restartedMain] INFO  o.a.c.c.C.[Tomcat-4].[localhost].[/] - Initializing Spring embedded WebApplicationContext 
25-12-22 19:02:07.809 [restartedMain] INFO  o.s.b.w.s.c.ServletWebServerApplicationContext - Root WebApplicationContext: initialization completed in 306 ms 
25-12-22 19:02:07.810 [restartedMain] INFO  o.a.c.c.C.[Tomcat-5].[localhost].[/] - Initializing Spring embedded WebApplicationContext 
25-12-22 19:02:07.811 [restartedMain] INFO  o.s.b.w.s.c.ServletWebServerApplicationContext - Root WebApplicationContext: initialization completed in 309 ms 
25-12-22 19:02:07.835 [restartedMain] INFO  o.h.jpa.internal.util.LogHelper - HHH000204: Processing PersistenceUnitInfo [name: default] 
25-12-22 19:02:07.838 [restartedMain] INFO  o.h.c.i.RegionFactoryInitiator - HHH000026: Second-level cache disabled 
25-12-22 19:02:07.839 [restartedMain] INFO  o.h.jpa.internal.util.LogHelper - HHH000204: Processing PersistenceUnitInfo [name: default] 
25-12-22 19:02:07.843 [restartedMain] INFO  o.h.c.i.RegionFactoryInitiator - HHH000026: Second-level cache disabled 
25-12-22 19:02:07.846 [restartedMain] INFO  o.s.o.j.p.SpringPersistenceUnitInfo - No LoadTimeWeaver setup: ignoring JPA class transformer 
25-12-22 19:02:07.850 [restartedMain] INFO  o.hibernate.orm.connections.pooling - HHH10001005: Database info:
	Database JDBC URL [Connecting through datasource 'org.sqlite.SQLiteDataSource@59ec7ed9']
	Database driver: undefined/unknown
	Database version: 3.50.3
	Autocommit mode: undefined/unknown
	Isolation level: undefined/unknown
	Minimum pool size: undefined/unknown
	Maximum pool size: undefined/unknown 
25-12-22 19:02:07.851 [restartedMain] INFO  o.s.o.j.p.SpringPersistenceUnitInfo - No LoadTimeWeaver setup: ignoring JPA class transformer 
25-12-22 19:02:07.855 [restartedMain] INFO  o.hibernate.orm.connections.pooling - HHH10001005: Database info:
	Database JDBC URL [Connecting through datasource 'org.sqlite.SQLiteDataSource@135d9a77']
	Database driver: undefined/unknown
	Database version: 3.50.3
	Autocommit mode: undefined/unknown
	Isolation level: undefined/unknown
	Minimum pool size: undefined/unknown
	Maximum pool size: undefined/unknown 
25-12-22 19:02:07.883 [restartedMain] INFO  o.h.e.t.j.p.i.JtaPlatformInitiator - HHH000489: No JTA platform available (set 'hibernate.transaction.jta.platform' to enable JTA platform integration) 
25-12-22 19:02:07.886 [restartedMain] INFO  o.s.o.j.LocalContainerEntityManagerFactoryBean - Initialized JPA EntityManagerFactory for persistence unit 'default' 
25-12-22 19:02:07.894 [restartedMain] INFO  o.h.e.t.j.p.i.JtaPlatformInitiator - HHH000489: No JTA platform available (set 'hibernate.transaction.jta.platform' to enable JTA platform integration) 
25-12-22 19:02:07.897 [restartedMain] INFO  o.s.o.j.LocalContainerEntityManagerFactoryBean - Initialized JPA EntityManagerFactory for persistence unit 'default' 
25-12-22 19:02:07.922 [restartedMain] INFO  o.s.b.d.e.DevToolsPropertyDefaultsPostProcessor - Devtools property defaults active! Set 'spring.devtools.add-properties' to 'false' to disable 
25-12-22 19:02:07.923 [restartedMain] INFO  o.s.b.d.e.DevToolsPropertyDefaultsPostProcessor - For additional web related logging consider setting the 'logging.level.web' property to 'DEBUG' 
25-12-22 19:02:07.926 [restartedMain] INFO  c.v.vatManager.VatManagerApplication - Starting VatManagerApplication using Java 21.0.5 with PID 16428 (D:\SpringBoot  Projects\vatManager\target\classes started by neraz in D:\SpringBoot  Projects\vatManager) 
25-12-22 19:02:07.926 [restartedMain] INFO  c.v.vatManager.VatManagerApplication - No active profile set, falling back to 1 default profile: "default" 
25-12-22 19:02:07.957 [restartedMain] WARN  o.s.b.a.o.j.JpaBaseConfiguration$JpaWebConfiguration - spring.jpa.open-in-view is enabled by default. Therefore, database queries may be performed during view rendering. Explicitly configure spring.jpa.open-in-view to disable this warning 
25-12-22 19:02:07.959 [restartedMain] WARN  o.s.b.a.o.j.JpaBaseConfiguration$JpaWebConfiguration - spring.jpa.open-in-view is enabled by default. Therefore, database queries may be performed during view rendering. Explicitly configure spring.jpa.open-in-view to disable this warning 
25-12-22 19:02:07.991 [restartedMain] INFO  o.s.b.a.w.s.WelcomePageHandlerMapping - Adding welcome page: class path resource [static/index.html] 
25-12-22 19:02:07.998 [restartedMain] INFO  o.s.b.a.w.s.WelcomePageHandlerMapping - Adding welcome page: class path resource [static/index.html] 
25-12-22 19:02:08.049 [restartedMain] WARN  o.s.b.w.s.c.AnnotationConfigServletWebServerApplicationContext - Exception encountered during context initialization - cancelling refresh attempt: org.springframework.beans.factory.BeanCreationException: Error creating bean with name 'springApplicationAdminRegistrar' defined in class path resource [org/springframework/boot/autoconfigure/admin/SpringApplicationAdminJmxAutoConfiguration.class]: org.springframework.boot:type=Admin,name=SpringApplication 
25-12-22 19:02:08.050 [restartedMain] INFO  o.s.o.j.LocalContainerEntityManagerFactoryBean - Closing JPA EntityManagerFactory for persistence unit 'default' 
25-12-22 19:02:08.050 [restartedMain] INFO  o.a.catalina.core.StandardService - Stopping service [Tomcat] 
25-12-22 19:02:08.053 [restartedMain] INFO  o.s.b.a.l.ConditionEvaluationReportLogger - 

Error starting ApplicationContext. To display the condition evaluation report re-run your application with 'debug' enabled. 
25-12-22 19:02:08.055 [restartedMain] ERROR o.s.boot.SpringApplication - Application run failed 
org.springframework.beans.factory.BeanCreationException: Error creating bean with name 'springApplicationAdminRegistrar' defined in class path resource [org/springframework/boot/autoconfigure/admin/SpringApplicationAdminJmxAutoConfiguration.class]: org.springframework.boot:type=Admin,name=SpringApplication
	at org.springframework.beans.factory.support.AbstractAutowireCapableBeanFactory.initializeBean(AbstractAutowireCapableBeanFactory.java:1826)
	at org.springframework.beans.factory.support.AbstractAutowireCapableBeanFactory.doCreateBean(AbstractAutowireCapableBeanFactory.java:607)
	at org.springframework.beans.factory.support.AbstractAutowireCapableBeanFactory.createBean(AbstractAutowireCapableBeanFactory.java:529)
	at org.springframework.beans.factory.support.AbstractBeanFactory.lambda$doGetBean$0(AbstractBeanFactory.java:339)
	at org.springframework.beans.factory.support.DefaultSingletonBeanRegistry.getSingleton(DefaultSingletonBeanRegistry.java:373)
	at org.springframework.beans.factory.support.AbstractBeanFactory.doGetBean(AbstractBeanFactory.java:337)
	at org.springframework.beans.factory.support.AbstractBeanFactory.getBean(AbstractBeanFactory.java:202)
	at org.springframework.beans.factory.support.DefaultListableBeanFactory.instantiateSingleton(DefaultListableBeanFactory.java:1222)
	at org.springframework.beans.factory.support.DefaultListableBeanFactory.preInstantiateSingleton(DefaultListableBeanFactory.java:1188)
	at org.springframework.beans.factory.support.DefaultListableBeanFactory.preInstantiateSingletons(DefaultListableBeanFactory.java:1123)
	at org.springframework.context.support.AbstractApplicationContext.finishBeanFactoryInitialization(AbstractApplicationContext.java:987)
	at org.springframework.context.support.AbstractApplicationContext.refresh(AbstractApplicationContext.java:627)
	at org.springframework.boot.web.servlet.context.ServletWebServerApplicationContext.refresh(ServletWebServerApplicationContext.java:146)
	at org.springframework.boot.SpringApplication.refresh(SpringApplication.java:752)
	at org.springframework.boot.SpringApplication.refreshContext(SpringApplication.java:439)
	at org.springframework.boot.SpringApplication.run(SpringApplication.java:318)
	at org.springframework.boot.SpringApplication.run(SpringApplication.java:1361)
	at org.springframework.boot.SpringApplication.run(SpringApplication.java:1350)
	at com.vatManager.vatManager.VatManagerApplication.main(VatManagerApplication.java:18)
	at java.base/jdk.internal.reflect.DirectMethodHandleAccessor.invoke(DirectMethodHandleAccessor.java:103)
	at java.base/java.lang.reflect.Method.invoke(Method.java:580)
	at org.springframework.boot.devtools.restart.RestartLauncher.run(RestartLauncher.java:50)
Caused by: javax.management.InstanceAlreadyExistsException: org.springframework.boot:type=Admin,name=SpringApplication
	at java.management/com.sun.jmx.mbeanserver.Repository.addMBean(Repository.java:322)
	at java.management/com.sun.jmx.interceptor.DefaultMBeanServerInterceptor.registerWithRepository(DefaultMBeanServerInterceptor.java:1848)
	at java.management/com.sun.jmx.interceptor.DefaultMBeanServerInterceptor.registerDynamicMBean(DefaultMBeanServerInterceptor.java:945)
	at java.management/com.sun.jmx.interceptor.DefaultMBeanServerInterceptor.registerObject(DefaultMBeanServerInterceptor.java:880)
	at java.management/com.sun.jmx.interceptor.DefaultMBeanServerInterceptor.registerMBean(DefaultMBeanServerInterceptor.java:315)
	at java.management/com.sun.jmx.mbeanserver.JmxMBeanServer.registerMBean(JmxMBeanServer.java:523)
	at org.springframework.boot.admin.SpringApplicationAdminMXBeanRegistrar.afterPropertiesSet(SpringApplicationAdminMXBeanRegistrar.java:129)
	at org.springframework.beans.factory.support.AbstractAutowireCapableBeanFactory.invokeInitMethods(AbstractAutowireCapableBeanFactory.java:1873)
	at org.springframework.beans.factory.support.AbstractAutowireCapableBeanFactory.initializeBean(AbstractAutowireCapableBeanFactory.java:1822)
	... 21 common frames omitted
25-12-22 19:02:08.063 [restartedMain] INFO  o.s.b.d.a.OptionalLiveReloadServer - LiveReload server is running on port 35729 
25-12-22 19:02:08.075 [restartedMain] INFO  o.s.b.w.e.tomcat.TomcatWebServer - Tomcat started on port 8080 (http) with context path '/' 
25-12-22 19:02:08.078 [restartedMain] INFO  c.v.vatManager.VatManagerApplication - Started VatManagerApplication in 0.594 seconds (process running for 1835.52) 
25-12-22 19:02:08.080 [restartedMain] INFO  o.s.b.d.a.ConditionEvaluationDeltaLoggingListener - Condition evaluation delta:


==========================
CONDITION EVALUATION DELTA
==========================


Positive matches:
-----------------

    None


Negative matches:
-----------------

   DataSourceAutoConfiguration.PooledDataSourceConfiguration:
      Did not match:
         - @ConditionalOnMissingBean (types: javax.sql.DataSource,javax.sql.XADataSource; SearchStrategy: all) found beans of type 'javax.sql.DataSource' dataSource (OnBeanCondition)
      Matched:
         - AnyNestedCondition 1 matched 1 did not; NestedCondition on DataSourceAutoConfiguration.PooledDataSourceCondition.PooledDataSourceAvailable PooledDataSource found supported DataSource; NestedCondition on DataSourceAutoConfiguration.PooledDataSourceCondition.ExplicitType @ConditionalOnProperty (spring.datasource.type) did not find property 'spring.datasource.type' (DataSourceAutoConfiguration.PooledDataSourceCondition)

   DevToolsDataSourceAutoConfiguration:
      Did not match:
         - DevTools DataSource Condition did not find an auto-configured DataSource (DevToolsDataSourceAutoConfiguration.DevToolsDataSourceCondition)
      Matched:
         - @ConditionalOnClass found required class 'javax.sql.DataSource' (OnClassCondition)
         - Devtools devtools enabled. (OnEnabledDevToolsCondition)

   DevToolsDataSourceAutoConfiguration.DatabaseShutdownExecutorEntityManagerFactoryDependsOnPostProcessor:
      Did not match:
         - Ancestor org.springframework.boot.devtools.autoconfigure.DevToolsDataSourceAutoConfiguration did not match (ConditionEvaluationReport.AncestorsMatchedCondition)
      Matched:
         - @ConditionalOnClass found required class 'org.springframework.orm.jpa.LocalContainerEntityManagerFactoryBean' (OnClassCondition)


Exclusions:
-----------

    None


Unconditional classes:
----------------------

    None


 
25-12-22 19:02:08.087 [restartedMain] INFO  o.s.d.r.c.RepositoryConfigurationDelegate - Bootstrapping Spring Data JPA repositories in DEFAULT mode. 
25-12-22 19:02:08.098 [restartedMain] INFO  o.s.d.r.c.RepositoryConfigurationDelegate - Finished Spring Data repository scanning in 9 ms. Found 1 JPA repository interface. 
25-12-22 19:02:08.180 [restartedMain] INFO  o.s.b.w.e.tomcat.TomcatWebServer - Tomcat initialized with port 8080 (http) 
25-12-22 19:02:08.214 [restartedMain] INFO  o.s.b.w.s.c.ServletWebServerApplicationContext - Root WebApplicationContext: initialization completed in 287 ms 
25-12-22 19:02:08.240 [restartedMain] INFO  o.h.jpa.internal.util.LogHelper - HHH000204: Processing PersistenceUnitInfo [name: default] 
25-12-22 19:02:08.243 [restartedMain] INFO  o.h.c.i.RegionFactoryInitiator - HHH000026: Second-level cache disabled 
25-12-22 19:02:08.250 [restartedMain] INFO  o.s.o.j.p.SpringPersistenceUnitInfo - No LoadTimeWeaver setup: ignoring JPA class transformer 
25-12-22 19:02:08.253 [restartedMain] INFO  o.hibernate.orm.connections.pooling - HHH10001005: Database info:
	Database JDBC URL [Connecting through datasource 'org.sqlite.SQLiteDataSource@782f5b08']
	Database driver: undefined/unknown
	Database version: 3.50.3
	Autocommit mode: undefined/unknown
	Isolation level: undefined/unknown
	Minimum pool size: undefined/unknown
	Maximum pool size: undefined/unknown 
25-12-22 19:02:08.306 [restartedMain] INFO  o.h.e.t.j.p.i.JtaPlatformInitiator - HHH000489: No JTA platform available (set 'hibernate.transaction.jta.platform' to enable JTA platform integration) 
25-12-22 19:02:08.309 [restartedMain] INFO  o.s.o.j.LocalContainerEntityManagerFactoryBean - Initialized JPA EntityManagerFactory for persistence unit 'default' 
25-12-22 19:02:08.377 [restartedMain] WARN  o.s.b.a.o.j.JpaBaseConfiguration$JpaWebConfiguration - spring.jpa.open-in-view is enabled by default. Therefore, database queries may be performed during view rendering. Explicitly configure spring.jpa.open-in-view to disable this warning 
25-12-22 19:02:08.411 [restartedMain] INFO  o.s.b.a.w.s.WelcomePageHandlerMapping - Adding welcome page: class path resource [static/index.html] 
25-12-22 19:02:08.455 [restartedMain] WARN  o.s.b.w.s.c.AnnotationConfigServletWebServerApplicationContext - Exception encountered during context initialization - cancelling refresh attempt: org.springframework.beans.factory.BeanCreationException: Error creating bean with name 'springApplicationAdminRegistrar' defined in class path resource [org/springframework/boot/autoconfigure/admin/SpringApplicationAdminJmxAutoConfiguration.class]: org.springframework.boot:type=Admin,name=SpringApplication 
25-12-22 19:02:08.455 [restartedMain] INFO  o.s.o.j.LocalContainerEntityManagerFactoryBean - Closing JPA EntityManagerFactory for persistence unit 'default' 
25-12-22 19:02:08.458 [restartedMain] INFO  o.s.b.a.l.ConditionEvaluationReportLogger - 

Error starting ApplicationContext. To display the condition evaluation report re-run your application with 'debug' enabled. 
25-12-22 19:02:08.460 [restartedMain] ERROR o.s.boot.SpringApplication - Application run failed 
org.springframework.beans.factory.BeanCreationException: Error creating bean with name 'springApplicationAdminRegistrar' defined in class path resource [org/springframework/boot/autoconfigure/admin/SpringApplicationAdminJmxAutoConfiguration.class]: org.springframework.boot:type=Admin,name=SpringApplication
	at org.springframework.beans.factory.support.AbstractAutowireCapableBeanFactory.initializeBean(AbstractAutowireCapableBeanFactory.java:1826)
	at org.springframework.beans.factory.support.AbstractAutowireCapableBeanFactory.doCreateBean(AbstractAutowireCapableBeanFactory.java:607)
	at org.springframework.beans.factory.support.AbstractAutowireCapableBeanFactory.createBean(AbstractAutowireCapableBeanFactory.java:529)
	at org.springframework.beans.factory.support.AbstractBeanFactory.lambda$doGetBean$0(AbstractBeanFactory.java:339)
	at org.springframework.beans.factory.support.DefaultSingletonBeanRegistry.getSingleton(DefaultSingletonBeanRegistry.java:373)
	at org.springframework.beans.factory.support.AbstractBeanFactory.doGetBean(AbstractBeanFactory.java:337)
	at org.springframework.beans.factory.support.AbstractBeanFactory.getBean(AbstractBeanFactory.java:202)
	at org.springframework.beans.factory.support.DefaultListableBeanFactory.instantiateSingleton(DefaultListableBeanFactory.java:1222)
	at org.springframework.beans.factory.support.DefaultListableBeanFactory.preInstantiateSingleton(DefaultListableBeanFactory.java:1188)
	at org.springframework.beans.factory.support.DefaultListableBeanFactory.preInstantiateSingletons(DefaultListableBeanFactory.java:1123)
	at org.springframework.context.support.AbstractApplicationContext.finishBeanFactoryInitialization(AbstractApplicationContext.java:987)
	at org.springframework.context.support.AbstractApplicationContext.refresh(AbstractApplicationContext.java:627)
	at org.springframework.boot.web.servlet.context.ServletWebServerApplicationContext.refresh(ServletWebServerApplicationContext.java:146)
	at org.springframework.boot.SpringApplication.refresh(SpringApplication.java:752)
	at org.springframework.boot.SpringApplication.refreshContext(SpringApplication.java:439)
	at org.springframework.boot.SpringApplication.run(SpringApplication.java:318)
	at org.springframework.boot.SpringApplication.run(SpringApplication.java:1361)
	at org.springframework.boot.SpringApplication.run(SpringApplication.java:1350)
	at com.vatManager.vatManager.VatManagerApplication.main(VatManagerApplication.java:18)
	at java.base/jdk.internal.reflect.DirectMethodHandleAccessor.invoke(DirectMethodHandleAccessor.java:103)
	at java.base/java.lang.reflect.Method.invoke(Method.java:580)
	at org.springframework.boot.devtools.restart.RestartLauncher.run(RestartLauncher.java:50)
Caused by: javax.management.InstanceAlreadyExistsException: org.springframework.boot:type=Admin,name=SpringApplication
	at java.management/com.sun.jmx.mbeanserver.Repository.addMBean(Repository.java:322)
	at java.management/com.sun.jmx.interceptor.DefaultMBeanServerInterceptor.registerWithRepository(DefaultMBeanServerInterceptor.java:1848)
	at java.management/com.sun.jmx.interceptor.DefaultMBeanServerInterceptor.registerDynamicMBean(DefaultMBeanServerInterceptor.java:945)
	at java.management/com.sun.jmx.interceptor.DefaultMBeanServerInterceptor.registerObject(DefaultMBeanServerInterceptor.java:880)
	at java.management/com.sun.jmx.interceptor.DefaultMBeanServerInterceptor.registerMBean(DefaultMBeanServerInterceptor.java:315)
	at java.management/com.sun.jmx.mbeanserver.JmxMBeanServer.registerMBean(JmxMBeanServer.java:523)
	at org.springframework.boot.admin.SpringApplicationAdminMXBeanRegistrar.afterPropertiesSet(SpringApplicationAdminMXBeanRegistrar.java:129)
	at org.springframework.beans.factory.support.AbstractAutowireCapableBeanFactory.invokeInitMethods(AbstractAutowireCapableBeanFactory.java:1873)
	at org.springframework.beans.factory.support.AbstractAutowireCapableBeanFactory.initializeBean(AbstractAutowireCapableBeanFactory.java:1822)
	... 21 common frames omitted
25-12-22 19:02:09.732 [http-nio-8080-exec-1] INFO  o.s.web.servlet.DispatcherServlet - Initializing Servlet 'dispatcherServlet' 
25-12-22 19:02:09.733 [http-nio-8080-exec-1] INFO  o.s.web.servlet.DispatcherServlet - Completed initialization in 1 ms 
25-12-22 19:02:09.890 [http-nio-8080-exec-5] INFO  c.v.vatManager.utils.PageableUtils -  : This is the sortDirection received in the pageableUtils method. 
25-12-22 19:02:09.890 [http-nio-8080-exec-5] INFO  c.v.v.service.ClientServiceImpl - Getting all the Clients from the Database. 
25-12-22 19:02:10.412 [http-nio-8080-exec-1] INFO  c.v.vatManager.utils.PageableUtils -  : This is the sortDirection received in the pageableUtils method. 
25-12-22 19:02:10.412 [http-nio-8080-exec-1] INFO  c.v.v.service.ClientServiceImpl - Getting all the Clients from the Database. 
25-12-22 19:02:12.511 [http-nio-8080-exec-6] INFO  c.v.vatManager.utils.PageableUtils -  : This is the sortDirection received in the pageableUtils method. 
25-12-22 19:02:12.512 [http-nio-8080-exec-6] INFO  c.v.v.service.ClientServiceImpl - Getting all the Clients from the Database. 
25-12-22 19:03:26.293 [restartedMain] INFO  c.v.vatManager.VatManagerApplication - Starting VatManagerApplication using Java 21.0.5 with PID 16428 (D:\SpringBoot  Projects\vatManager\target\classes started by neraz in D:\SpringBoot  Projects\vatManager) 
25-12-22 19:03:26.293 [restartedMain] INFO  c.v.vatManager.VatManagerApplication - No active profile set, falling back to 1 default profile: "default" 
25-12-22 19:03:26.446 [restartedMain] INFO  o.s.d.r.c.RepositoryConfigurationDelegate - Bootstrapping Spring Data JPA repositories in DEFAULT mode. 
25-12-22 19:03:26.448 [restartedMain] INFO  o.s.d.r.c.RepositoryConfigurationDelegate - Finished Spring Data repository scanning in 1 ms. Found 0 JPA repository interfaces. 
25-12-22 19:03:26.533 [restartedMain] INFO  o.s.b.w.e.tomcat.TomcatWebServer - Tomcat initialized with port 8080 (http) 
25-12-22 19:03:26.534 [restartedMain] INFO  o.a.coyote.http11.Http11NioProtocol - Initializing ProtocolHandler ["http-nio-8080"] 
25-12-22 19:03:26.535 [restartedMain] INFO  o.a.catalina.core.StandardService - Starting service [Tomcat] 
25-12-22 19:03:26.535 [restartedMain] INFO  o.a.catalina.core.StandardEngine - Starting Servlet engine: [Apache Tomcat/10.1.44] 
25-12-22 19:03:26.559 [restartedMain] INFO  o.a.c.c.C.[Tomcat-7].[localhost].[/] - Initializing Spring embedded WebApplicationContext 
25-12-22 19:03:26.559 [restartedMain] INFO  o.s.b.w.s.c.ServletWebServerApplicationContext - Root WebApplicationContext: initialization completed in 265 ms 
25-12-22 19:03:26.593 [restartedMain] INFO  o.h.jpa.internal.util.LogHelper - HHH000204: Processing PersistenceUnitInfo [name: default] 
25-12-22 19:03:26.595 [restartedMain] INFO  o.h.c.i.RegionFactoryInitiator - HHH000026: Second-level cache disabled 
25-12-22 19:03:26.601 [restartedMain] INFO  o.s.o.j.p.SpringPersistenceUnitInfo - No LoadTimeWeaver setup: ignoring JPA class transformer 
25-12-22 19:03:26.603 [restartedMain] INFO  com.zaxxer.hikari.HikariDataSource - HikariPool-4 - Starting... 
25-12-22 19:03:26.604 [restartedMain] INFO  com.zaxxer.hikari.pool.HikariPool - HikariPool-4 - Added connection org.sqlite.jdbc4.JDBC4Connection@7dccd506 
25-12-22 19:03:26.604 [restartedMain] INFO  com.zaxxer.hikari.HikariDataSource - HikariPool-4 - Start completed. 
25-12-22 19:03:26.605 [restartedMain] INFO  o.hibernate.orm.connections.pooling - HHH10001005: Database info:
	Database JDBC URL [Connecting through datasource 'HikariDataSource (HikariPool-4)']
	Database driver: undefined/unknown
	Database version: 3.50.3
	Autocommit mode: undefined/unknown
	Isolation level: undefined/unknown
	Minimum pool size: undefined/unknown
	Maximum pool size: undefined/unknown 
25-12-22 19:03:26.617 [restartedMain] INFO  o.h.e.t.j.p.i.JtaPlatformInitiator - HHH000489: No JTA platform available (set 'hibernate.transaction.jta.platform' to enable JTA platform integration) 
25-12-22 19:03:26.617 [restartedMain] INFO  o.s.o.j.LocalContainerEntityManagerFactoryBean - Initialized JPA EntityManagerFactory for persistence unit 'default' 
25-12-22 19:03:26.636 [restartedMain] WARN  o.s.b.a.o.j.JpaBaseConfiguration$JpaWebConfiguration - spring.jpa.open-in-view is enabled by default. Therefore, database queries may be performed during view rendering. Explicitly configure spring.jpa.open-in-view to disable this warning 
25-12-22 19:03:26.648 [File Watcher] INFO  o.s.b.d.a.LocalDevToolsAutoConfiguration$RestartingClassPathChangeChangedEventListener - Restarting due to 24 class path changes (0 additions, 23 deletions, 1 modification) 
25-12-22 19:03:26.649 [Thread-72] INFO  o.s.b.w.e.tomcat.GracefulShutdown - Commencing graceful shutdown. Waiting for active requests to complete 
25-12-22 19:03:26.650 [tomcat-shutdown] INFO  o.a.coyote.http11.Http11NioProtocol - Pausing ProtocolHandler ["http-nio-8080"] 
25-12-22 19:03:26.660 [restartedMain] INFO  o.s.b.d.e.DevToolsPropertyDefaultsPostProcessor - Devtools property defaults active! Set 'spring.devtools.add-properties' to 'false' to disable 
25-12-22 19:03:26.660 [restartedMain] INFO  o.s.b.d.e.DevToolsPropertyDefaultsPostProcessor - For additional web related logging consider setting the 'logging.level.web' property to 'DEBUG' 
25-12-22 19:03:26.665 [restartedMain] INFO  c.v.vatManager.VatManagerApplication - Starting VatManagerApplication using Java 21.0.5 with PID 16428 (D:\SpringBoot  Projects\vatManager\target\classes started by neraz in D:\SpringBoot  Projects\vatManager) 
25-12-22 19:03:26.665 [restartedMain] INFO  c.v.vatManager.VatManagerApplication - No active profile set, falling back to 1 default profile: "default" 
25-12-22 19:03:26.668 [tomcat-shutdown] INFO  o.s.b.w.e.tomcat.GracefulShutdown - Graceful shutdown complete 
25-12-22 19:03:26.668 [Thread-72] INFO  o.a.coyote.http11.Http11NioProtocol - Stopping ProtocolHandler ["http-nio-8080"] 
25-12-22 19:03:26.669 [Thread-72] INFO  o.s.o.j.LocalContainerEntityManagerFactoryBean - Closing JPA EntityManagerFactory for persistence unit 'default' 
25-12-22 19:03:26.677 [restartedMain] INFO  o.s.b.a.w.s.WelcomePageHandlerMapping - Adding welcome page: class path resource [static/index.html] 
25-12-22 19:03:26.764 [restartedMain] INFO  o.s.b.d.a.OptionalLiveReloadServer - LiveReload server is running on port 35729 
25-12-22 19:03:26.775 [restartedMain] INFO  o.s.b.w.e.tomcat.TomcatWebServer - Tomcat started on port 8080 (http) with context path '/' 
25-12-22 19:03:26.778 [restartedMain] INFO  c.v.vatManager.VatManagerApplication - Started VatManagerApplication in 0.502 seconds (process running for 1914.22) 
25-12-22 19:03:26.778 [Thread-72] INFO  o.s.b.w.e.tomcat.GracefulShutdown - Commencing graceful shutdown. Waiting for active requests to complete 
25-12-22 19:03:26.778 [restartedMain] INFO  o.s.b.d.a.ConditionEvaluationDeltaLoggingListener - Condition evaluation delta:


==========================
CONDITION EVALUATION DELTA
==========================


Positive matches:
-----------------

   DataSourceAutoConfiguration.PooledDataSourceConfiguration matched:
      - AnyNestedCondition 1 matched 1 did not; NestedCondition on DataSourceAutoConfiguration.PooledDataSourceCondition.PooledDataSourceAvailable PooledDataSource found supported DataSource; NestedCondition on DataSourceAutoConfiguration.PooledDataSourceCondition.ExplicitType @ConditionalOnProperty (spring.datasource.type) did not find property 'spring.datasource.type' (DataSourceAutoConfiguration.PooledDataSourceCondition)
      - @ConditionalOnMissingBean (types: javax.sql.DataSource,javax.sql.XADataSource; SearchStrategy: all) did not find any beans (OnBeanCondition)

   DataSourceAutoConfiguration.PooledDataSourceConfiguration#jdbcConnectionDetails matched:
      - @ConditionalOnMissingBean (types: org.springframework.boot.autoconfigure.jdbc.JdbcConnectionDetails; SearchStrategy: all) did not find any beans (OnBeanCondition)

   DevToolsDataSourceAutoConfiguration matched:
      - @ConditionalOnClass found required class 'javax.sql.DataSource' (OnClassCondition)
      - Devtools devtools enabled. (OnEnabledDevToolsCondition)
      - DevTools DataSource Condition found auto-configured DataSource (DevToolsDataSourceAutoConfiguration.DevToolsDataSourceCondition)

   DevToolsDataSourceAutoConfiguration.DatabaseShutdownExecutorEntityManagerFactoryDependsOnPostProcessor matched:
      - @ConditionalOnClass found required class 'org.springframework.orm.jpa.LocalContainerEntityManagerFactoryBean' (OnClassCondition)
      - @ConditionalOnBean (types: org.springframework.orm.jpa.AbstractEntityManagerFactoryBean; SearchStrategy: all) found bean '&entityManagerFactory' (OnBeanCondition)


Negative matches:
-----------------

    None


Exclusions:
-----------

    None


Unconditional classes:
----------------------

    None


 
25-12-22 19:03:26.783 [restartedMain] INFO  o.s.d.r.c.RepositoryConfigurationDelegate - Bootstrapping Spring Data JPA repositories in DEFAULT mode. 
25-12-22 19:03:26.784 [restartedMain] INFO  o.s.d.r.c.RepositoryConfigurationDelegate - Finished Spring Data repository scanning in 0 ms. Found 0 JPA repository interfaces. 
25-12-22 19:03:26.798 [tomcat-shutdown] INFO  o.s.b.w.e.tomcat.GracefulShutdown - Graceful shutdown complete 
25-12-22 19:03:26.800 [Thread-72] INFO  o.s.o.j.LocalContainerEntityManagerFactoryBean - Closing JPA EntityManagerFactory for persistence unit 'default' 
25-12-22 19:03:26.800 [Thread-72] INFO  com.zaxxer.hikari.HikariDataSource - HikariPool-4 - Shutdown initiated... 
25-12-22 19:03:26.803 [Thread-72] INFO  com.zaxxer.hikari.HikariDataSource - HikariPool-4 - Shutdown completed. 
25-12-22 19:03:26.878 [restartedMain] INFO  c.v.vatManager.VatManagerApplication - Starting VatManagerApplication using Java 21.0.5 with PID 16428 (D:\SpringBoot  Projects\vatManager\target\classes started by neraz in D:\SpringBoot  Projects\vatManager) 
25-12-22 19:03:26.878 [restartedMain] INFO  c.v.vatManager.VatManagerApplication - No active profile set, falling back to 1 default profile: "default" 
25-12-22 19:03:26.905 [restartedMain] INFO  o.s.b.w.e.tomcat.TomcatWebServer - Tomcat initialized with port 8080 (http) 
25-12-22 19:03:26.906 [restartedMain] INFO  o.a.coyote.http11.Http11NioProtocol - Initializing ProtocolHandler ["http-nio-8080"] 
25-12-22 19:03:26.906 [restartedMain] INFO  o.a.catalina.core.StandardService - Starting service [Tomcat] 
25-12-22 19:03:26.906 [restartedMain] INFO  o.a.catalina.core.StandardEngine - Starting Servlet engine: [Apache Tomcat/10.1.44] 
25-12-22 19:03:26.929 [restartedMain] INFO  o.a.c.c.C.[Tomcat-6].[localhost].[/] - Initializing Spring embedded WebApplicationContext 
25-12-22 19:03:26.929 [restartedMain] INFO  o.s.b.w.s.c.ServletWebServerApplicationContext - Root WebApplicationContext: initialization completed in 263 ms 
25-12-22 19:03:26.952 [restartedMain] INFO  o.h.jpa.internal.util.LogHelper - HHH000204: Processing PersistenceUnitInfo [name: default] 
25-12-22 19:03:26.955 [restartedMain] INFO  o.h.c.i.RegionFactoryInitiator - HHH000026: Second-level cache disabled 
25-12-22 19:03:26.960 [restartedMain] INFO  o.s.o.j.p.SpringPersistenceUnitInfo - No LoadTimeWeaver setup: ignoring JPA class transformer 
25-12-22 19:03:26.962 [restartedMain] INFO  com.zaxxer.hikari.HikariDataSource - HikariPool-5 - Starting... 
25-12-22 19:03:26.963 [restartedMain] INFO  com.zaxxer.hikari.pool.HikariPool - HikariPool-5 - Added connection org.sqlite.jdbc4.JDBC4Connection@834f252 
25-12-22 19:03:26.963 [restartedMain] INFO  com.zaxxer.hikari.HikariDataSource - HikariPool-5 - Start completed. 
25-12-22 19:03:26.964 [restartedMain] INFO  o.hibernate.orm.connections.pooling - HHH10001005: Database info:
	Database JDBC URL [Connecting through datasource 'HikariDataSource (HikariPool-5)']
	Database driver: undefined/unknown
	Database version: 3.50.3
	Autocommit mode: undefined/unknown
	Isolation level: undefined/unknown
	Minimum pool size: undefined/unknown
	Maximum pool size: undefined/unknown 
25-12-22 19:03:26.977 [restartedMain] INFO  o.h.e.t.j.p.i.JtaPlatformInitiator - HHH000489: No JTA platform available (set 'hibernate.transaction.jta.platform' to enable JTA platform integration) 
25-12-22 19:03:26.977 [restartedMain] INFO  o.s.o.j.LocalContainerEntityManagerFactoryBean - Initialized JPA EntityManagerFactory for persistence unit 'default' 
25-12-22 19:03:26.990 [restartedMain] WARN  o.s.b.a.o.j.JpaBaseConfiguration$JpaWebConfiguration - spring.jpa.open-in-view is enabled by default. Therefore, database queries may be performed during view rendering. Explicitly configure spring.jpa.open-in-view to disable this warning 
25-12-22 19:03:26.999 [restartedMain] INFO  o.s.d.r.c.RepositoryConfigurationDelegate - Bootstrapping Spring Data JPA repositories in DEFAULT mode. 
25-12-22 19:03:27.000 [restartedMain] INFO  o.s.d.r.c.RepositoryConfigurationDelegate - Finished Spring Data repository scanning in 0 ms. Found 0 JPA repository interfaces. 
25-12-22 19:03:27.022 [restartedMain] INFO  o.s.b.a.w.s.WelcomePageHandlerMapping - Adding welcome page: class path resource [static/index.html] 
25-12-22 19:03:27.066 [restartedMain] INFO  o.s.b.w.e.tomcat.TomcatWebServer - Tomcat initialized with port 8080 (http) 
25-12-22 19:03:27.066 [restartedMain] INFO  o.a.coyote.http11.Http11NioProtocol - Initializing ProtocolHandler ["http-nio-8080"] 
25-12-22 19:03:27.066 [restartedMain] INFO  o.a.catalina.core.StandardService - Starting service [Tomcat] 
25-12-22 19:03:27.066 [restartedMain] INFO  o.a.catalina.core.StandardEngine - Starting Servlet engine: [Apache Tomcat/10.1.44] 
25-12-22 19:03:27.094 [restartedMain] INFO  o.a.c.c.C.[Tomcat-7].[localhost].[/] - Initializing Spring embedded WebApplicationContext 
25-12-22 19:03:27.094 [restartedMain] INFO  o.s.b.w.s.c.ServletWebServerApplicationContext - Root WebApplicationContext: initialization completed in 215 ms 
25-12-22 19:03:27.105 [restartedMain] INFO  o.s.b.d.a.OptionalLiveReloadServer - LiveReload server is running on port 35729 
25-12-22 19:03:27.111 [restartedMain] INFO  o.a.coyote.http11.Http11NioProtocol - Starting ProtocolHandler ["http-nio-8080"] 
25-12-22 19:03:27.115 [restartedMain] INFO  o.h.jpa.internal.util.LogHelper - HHH000204: Processing PersistenceUnitInfo [name: default] 
25-12-22 19:03:27.115 [restartedMain] INFO  o.s.b.w.e.tomcat.TomcatWebServer - Tomcat started on port 8080 (http) with context path '/' 
25-12-22 19:03:27.127 [restartedMain] INFO  c.v.vatManager.VatManagerApplication - Started VatManagerApplication in 0.477 seconds (process running for 1914.569) 
25-12-22 19:03:27.127 [restartedMain] INFO  o.h.c.i.RegionFactoryInitiator - HHH000026: Second-level cache disabled 
25-12-22 19:03:27.128 [restartedMain] INFO  o.s.b.d.a.ConditionEvaluationDeltaLoggingListener - Condition evaluation unchanged 
25-12-22 19:03:27.132 [restartedMain] INFO  o.s.o.j.p.SpringPersistenceUnitInfo - No LoadTimeWeaver setup: ignoring JPA class transformer 
25-12-22 19:03:27.134 [restartedMain] INFO  com.zaxxer.hikari.HikariDataSource - HikariPool-6 - Starting... 
25-12-22 19:03:27.135 [restartedMain] INFO  com.zaxxer.hikari.pool.HikariPool - HikariPool-6 - Added connection org.sqlite.jdbc4.JDBC4Connection@643be9a0 
25-12-22 19:03:27.135 [restartedMain] INFO  com.zaxxer.hikari.HikariDataSource - HikariPool-6 - Start completed. 
25-12-22 19:03:27.135 [restartedMain] INFO  o.hibernate.orm.connections.pooling - HHH10001005: Database info:
	Database JDBC URL [Connecting through datasource 'HikariDataSource (HikariPool-6)']
	Database driver: undefined/unknown
	Database version: 3.50.3
	Autocommit mode: undefined/unknown
	Isolation level: undefined/unknown
	Minimum pool size: undefined/unknown
	Maximum pool size: undefined/unknown 
25-12-22 19:03:27.146 [restartedMain] INFO  o.h.e.t.j.p.i.JtaPlatformInitiator - HHH000489: No JTA platform available (set 'hibernate.transaction.jta.platform' to enable JTA platform integration) 
25-12-22 19:03:27.146 [restartedMain] INFO  o.s.o.j.LocalContainerEntityManagerFactoryBean - Initialized JPA EntityManagerFactory for persistence unit 'default' 
25-12-22 19:03:27.161 [restartedMain] WARN  o.s.b.a.o.j.JpaBaseConfiguration$JpaWebConfiguration - spring.jpa.open-in-view is enabled by default. Therefore, database queries may be performed during view rendering. Explicitly configure spring.jpa.open-in-view to disable this warning 
25-12-22 19:03:27.184 [restartedMain] INFO  o.s.b.a.w.s.WelcomePageHandlerMapping - Adding welcome page: class path resource [static/index.html] 
25-12-22 19:03:27.222 [restartedMain] WARN  o.s.b.w.s.c.AnnotationConfigServletWebServerApplicationContext - Exception encountered during context initialization - cancelling refresh attempt: org.springframework.beans.factory.BeanCreationException: Error creating bean with name 'springApplicationAdminRegistrar' defined in class path resource [org/springframework/boot/autoconfigure/admin/SpringApplicationAdminJmxAutoConfiguration.class]: org.springframework.boot:type=Admin,name=SpringApplication 
25-12-22 19:03:27.223 [restartedMain] INFO  o.s.o.j.LocalContainerEntityManagerFactoryBean - Closing JPA EntityManagerFactory for persistence unit 'default' 
25-12-22 19:03:27.223 [restartedMain] INFO  com.zaxxer.hikari.HikariDataSource - HikariPool-6 - Shutdown initiated... 
25-12-22 19:03:27.223 [restartedMain] INFO  com.zaxxer.hikari.HikariDataSource - HikariPool-6 - Shutdown completed. 
25-12-22 19:03:27.223 [restartedMain] INFO  o.a.catalina.core.StandardService - Stopping service [Tomcat] 
25-12-22 19:03:27.227 [restartedMain] INFO  o.s.b.a.l.ConditionEvaluationReportLogger - 

Error starting ApplicationContext. To display the condition evaluation report re-run your application with 'debug' enabled. 
25-12-22 19:03:27.229 [restartedMain] ERROR o.s.boot.SpringApplication - Application run failed 
org.springframework.beans.factory.BeanCreationException: Error creating bean with name 'springApplicationAdminRegistrar' defined in class path resource [org/springframework/boot/autoconfigure/admin/SpringApplicationAdminJmxAutoConfiguration.class]: org.springframework.boot:type=Admin,name=SpringApplication
	at org.springframework.beans.factory.support.AbstractAutowireCapableBeanFactory.initializeBean(AbstractAutowireCapableBeanFactory.java:1826)
	at org.springframework.beans.factory.support.AbstractAutowireCapableBeanFactory.doCreateBean(AbstractAutowireCapableBeanFactory.java:607)
	at org.springframework.beans.factory.support.AbstractAutowireCapableBeanFactory.createBean(AbstractAutowireCapableBeanFactory.java:529)
	at org.springframework.beans.factory.support.AbstractBeanFactory.lambda$doGetBean$0(AbstractBeanFactory.java:339)
	at org.springframework.beans.factory.support.DefaultSingletonBeanRegistry.getSingleton(DefaultSingletonBeanRegistry.java:373)
	at org.springframework.beans.factory.support.AbstractBeanFactory.doGetBean(AbstractBeanFactory.java:337)
	at org.springframework.beans.factory.support.AbstractBeanFactory.getBean(AbstractBeanFactory.java:202)
	at org.springframework.beans.factory.support.DefaultListableBeanFactory.instantiateSingleton(DefaultListableBeanFactory.java:1222)
	at org.springframework.beans.factory.support.DefaultListableBeanFactory.preInstantiateSingleton(DefaultListableBeanFactory.java:1188)
	at org.springframework.beans.factory.support.DefaultListableBeanFactory.preInstantiateSingletons(DefaultListableBeanFactory.java:1123)
	at org.springframework.context.support.AbstractApplicationContext.finishBeanFactoryInitialization(AbstractApplicationContext.java:987)
	at org.springframework.context.support.AbstractApplicationContext.refresh(AbstractApplicationContext.java:627)
	at org.springframework.boot.web.servlet.context.ServletWebServerApplicationContext.refresh(ServletWebServerApplicationContext.java:146)
	at org.springframework.boot.SpringApplication.refresh(SpringApplication.java:752)
	at org.springframework.boot.SpringApplication.refreshContext(SpringApplication.java:439)
	at org.springframework.boot.SpringApplication.run(SpringApplication.java:318)
	at org.springframework.boot.SpringApplication.run(SpringApplication.java:1361)
	at org.springframework.boot.SpringApplication.run(SpringApplication.java:1350)
	at com.vatManager.vatManager.VatManagerApplication.main(VatManagerApplication.java:18)
	at java.base/jdk.internal.reflect.DirectMethodHandleAccessor.invoke(DirectMethodHandleAccessor.java:103)
	at java.base/java.lang.reflect.Method.invoke(Method.java:580)
	at org.springframework.boot.devtools.restart.RestartLauncher.run(RestartLauncher.java:50)
Caused by: javax.management.InstanceAlreadyExistsException: org.springframework.boot:type=Admin,name=SpringApplication
	at java.management/com.sun.jmx.mbeanserver.Repository.addMBean(Repository.java:322)
	at java.management/com.sun.jmx.interceptor.DefaultMBeanServerInterceptor.registerWithRepository(DefaultMBeanServerInterceptor.java:1848)
	at java.management/com.sun.jmx.interceptor.DefaultMBeanServerInterceptor.registerDynamicMBean(DefaultMBeanServerInterceptor.java:945)
	at java.management/com.sun.jmx.interceptor.DefaultMBeanServerInterceptor.registerObject(DefaultMBeanServerInterceptor.java:880)
	at java.management/com.sun.jmx.interceptor.DefaultMBeanServerInterceptor.registerMBean(DefaultMBeanServerInterceptor.java:315)
	at java.management/com.sun.jmx.mbeanserver.JmxMBeanServer.registerMBean(JmxMBeanServer.java:523)
	at org.springframework.boot.admin.SpringApplicationAdminMXBeanRegistrar.afterPropertiesSet(SpringApplicationAdminMXBeanRegistrar.java:129)
	at org.springframework.beans.factory.support.AbstractAutowireCapableBeanFactory.invokeInitMethods(AbstractAutowireCapableBeanFactory.java:1873)
	at org.springframework.beans.factory.support.AbstractAutowireCapableBeanFactory.initializeBean(AbstractAutowireCapableBeanFactory.java:1822)
	... 21 common frames omitted
25-12-22 19:03:28.927 [File Watcher] INFO  o.s.b.d.a.LocalDevToolsAutoConfiguration$RestartingClassPathChangeChangedEventListener - Restarting due to 23 class path changes (23 additions, 0 deletions, 0 modifications) 
25-12-22 19:03:28.927 [Thread-86] INFO  o.s.b.w.e.tomcat.GracefulShutdown - Commencing graceful shutdown. Waiting for active requests to complete 
25-12-22 19:03:28.950 [tomcat-shutdown] INFO  o.s.b.w.e.tomcat.GracefulShutdown - Graceful shutdown complete 
25-12-22 19:03:28.951 [Thread-86] INFO  o.s.o.j.LocalContainerEntityManagerFactoryBean - Closing JPA EntityManagerFactory for persistence unit 'default' 
25-12-22 19:03:28.951 [Thread-86] INFO  com.zaxxer.hikari.HikariDataSource - HikariPool-5 - Shutdown initiated... 
25-12-22 19:03:28.952 [Thread-86] INFO  com.zaxxer.hikari.HikariDataSource - HikariPool-5 - Shutdown completed. 
25-12-22 19:03:29.017 [restartedMain] INFO  c.v.vatManager.VatManagerApplication - Starting VatManagerApplication using Java 21.0.5 with PID 16428 (D:\SpringBoot  Projects\vatManager\target\classes started by neraz in D:\SpringBoot  Projects\vatManager) 
25-12-22 19:03:29.017 [restartedMain] INFO  c.v.vatManager.VatManagerApplication - No active profile set, falling back to 1 default profile: "default" 
25-12-22 19:03:29.026 [restartedMain] ERROR o.s.boot.SpringApplication - Application run failed 
java.lang.IllegalStateException: java.lang.IllegalStateException: Logback configuration error detected: 
ERROR in ch.qos.logback.core.rolling.RollingFileAppender[myFileAppender] - 'FileNamePattern' option has the same value "logs/clientRecords-%d{yy-MM-dd}.%i.log" as that given for appender [myFileAppender] defined earlier.
ERROR in ch.qos.logback.core.rolling.RollingFileAppender[myFileAppender] - Collisions detected with FileAppender/RollingAppender instances defined earlier. Aborting.
ERROR in ch.qos.logback.core.rolling.RollingFileAppender[myFileAppender] - For more information, please visit https://logback.qos.ch/codes.html#earlier_fa_collision
	at org.springframework.boot.context.logging.LoggingApplicationListener.initializeSystem(LoggingApplicationListener.java:347)
	at org.springframework.boot.context.logging.LoggingApplicationListener.initialize(LoggingApplicationListener.java:298)
	at org.springframework.boot.context.logging.LoggingApplicationListener.onApplicationEnvironmentPreparedEvent(LoggingApplicationListener.java:246)
	at org.springframework.boot.context.logging.LoggingApplicationListener.onApplicationEvent(LoggingApplicationListener.java:223)
	at org.springframework.context.event.SimpleApplicationEventMulticaster.doInvokeListener(SimpleApplicationEventMulticaster.java:185)
	at org.springframework.context.event.SimpleApplicationEventMulticaster.invokeListener(SimpleApplicationEventMulticaster.java:178)
	at org.springframework.context.event.SimpleApplicationEventMulticaster.multicastEvent(SimpleApplicationEventMulticaster.java:156)
	at org.springframework.context.event.SimpleApplicationEventMulticaster.multicastEvent(SimpleApplicationEventMulticaster.java:138)
	at org.springframework.boot.context.event.EventPublishingRunListener.multicastInitialEvent(EventPublishingRunListener.java:136)
	at org.springframework.boot.context.event.EventPublishingRunListener.environmentPrepared(EventPublishingRunListener.java:81)
	at org.springframework.boot.SpringApplicationRunListeners.lambda$environmentPrepared$2(SpringApplicationRunListeners.java:64)
	at java.base/java.lang.Iterable.forEach(Iterable.java:75)
	at org.springframework.boot.SpringApplicationRunListeners.doWithListeners(SpringApplicationRunListeners.java:118)
	at org.springframework.boot.SpringApplicationRunListeners.doWithListeners(SpringApplicationRunListeners.java:112)
	at org.springframework.boot.SpringApplicationRunListeners.environmentPrepared(SpringApplicationRunListeners.java:63)
	at org.springframework.boot.SpringApplication.prepareEnvironment(SpringApplication.java:353)
	at org.springframework.boot.SpringApplication.run(SpringApplication.java:313)
	at org.springframework.boot.SpringApplication.run(SpringApplication.java:1361)
	at org.springframework.boot.SpringApplication.run(SpringApplication.java:1350)
	at com.vatManager.vatManager.VatManagerApplication.main(VatManagerApplication.java:18)
	at java.base/jdk.internal.reflect.DirectMethodHandleAccessor.invoke(DirectMethodHandleAccessor.java:103)
	at java.base/java.lang.reflect.Method.invoke(Method.java:580)
	at org.springframework.boot.devtools.restart.RestartLauncher.run(RestartLauncher.java:50)
Caused by: java.lang.IllegalStateException: Logback configuration error detected: 
ERROR in ch.qos.logback.core.rolling.RollingFileAppender[myFileAppender] - 'FileNamePattern' option has the same value "logs/clientRecords-%d{yy-MM-dd}.%i.log" as that given for appender [myFileAppender] defined earlier.
ERROR in ch.qos.logback.core.rolling.RollingFileAppender[myFileAppender] - Collisions detected with FileAppender/RollingAppender instances defined earlier. Aborting.
ERROR in ch.qos.logback.core.rolling.RollingFileAppender[myFileAppender] - For more information, please visit https://logback.qos.ch/codes.html#earlier_fa_collision
	at org.springframework.boot.logging.logback.LogbackLoggingSystem.reportConfigurationErrorsIfNecessary(LogbackLoggingSystem.java:289)
	at org.springframework.boot.logging.logback.LogbackLoggingSystem.loadConfiguration(LogbackLoggingSystem.java:267)
	at org.springframework.boot.logging.AbstractLoggingSystem.initializeWithConventions(AbstractLoggingSystem.java:81)
	at org.springframework.boot.logging.AbstractLoggingSystem.initialize(AbstractLoggingSystem.java:61)
	at org.springframework.boot.logging.logback.LogbackLoggingSystem.initialize(LogbackLoggingSystem.java:195)
	at org.springframework.boot.context.logging.LoggingApplicationListener.initializeSystem(LoggingApplicationListener.java:332)
	... 22 common frames omitted
25-12-22 19:03:29.074 [restartedMain] INFO  c.v.vatManager.VatManagerApplication - Starting VatManagerApplication using Java 21.0.5 with PID 16428 (D:\SpringBoot  Projects\vatManager\target\classes started by neraz in D:\SpringBoot  Projects\vatManager) 
25-12-22 19:03:29.074 [restartedMain] INFO  c.v.vatManager.VatManagerApplication - No active profile set, falling back to 1 default profile: "default" 
25-12-22 19:03:29.214 [restartedMain] INFO  o.s.d.r.c.RepositoryConfigurationDelegate - Bootstrapping Spring Data JPA repositories in DEFAULT mode. 
25-12-22 19:03:29.214 [restartedMain] INFO  o.s.d.r.c.RepositoryConfigurationDelegate - Bootstrapping Spring Data JPA repositories in DEFAULT mode. 
25-12-22 19:03:29.218 [restartedMain] INFO  o.s.b.d.e.DevToolsPropertyDefaultsPostProcessor - Devtools property defaults active! Set 'spring.devtools.add-properties' to 'false' to disable 
25-12-22 19:03:29.218 [restartedMain] INFO  o.s.b.d.e.DevToolsPropertyDefaultsPostProcessor - For additional web related logging consider setting the 'logging.level.web' property to 'DEBUG' 
25-12-22 19:03:29.222 [restartedMain] INFO  c.v.vatManager.VatManagerApplication - Starting VatManagerApplication using Java 21.0.5 with PID 16428 (D:\SpringBoot  Projects\vatManager\target\classes started by neraz in D:\SpringBoot  Projects\vatManager) 
25-12-22 19:03:29.222 [restartedMain] INFO  c.v.vatManager.VatManagerApplication - No active profile set, falling back to 1 default profile: "default" 
25-12-22 19:03:29.224 [restartedMain] INFO  o.s.d.r.c.RepositoryConfigurationDelegate - Finished Spring Data repository scanning in 9 ms. Found 1 JPA repository interface. 
25-12-22 19:03:29.225 [restartedMain] INFO  o.s.d.r.c.RepositoryConfigurationDelegate - Finished Spring Data repository scanning in 9 ms. Found 1 JPA repository interface. 
25-12-22 19:03:29.329 [restartedMain] INFO  o.s.b.w.e.tomcat.TomcatWebServer - Tomcat initialized with port 8080 (http) 
25-12-22 19:03:29.330 [restartedMain] INFO  o.a.coyote.http11.Http11NioProtocol - Initializing ProtocolHandler ["http-nio-8080"] 
25-12-22 19:03:29.330 [restartedMain] INFO  o.a.catalina.core.StandardService - Starting service [Tomcat] 
25-12-22 19:03:29.330 [restartedMain] INFO  o.a.catalina.core.StandardEngine - Starting Servlet engine: [Apache Tomcat/10.1.44] 
25-12-22 19:03:29.330 [restartedMain] INFO  o.s.b.w.e.tomcat.TomcatWebServer - Tomcat initialized with port 8080 (http) 
25-12-22 19:03:29.331 [restartedMain] INFO  o.a.coyote.http11.Http11NioProtocol - Initializing ProtocolHandler ["http-nio-8080"] 
25-12-22 19:03:29.331 [restartedMain] INFO  o.a.catalina.core.StandardService - Starting service [Tomcat] 
25-12-22 19:03:29.331 [restartedMain] INFO  o.a.catalina.core.StandardEngine - Starting Servlet engine: [Apache Tomcat/10.1.44] 
25-12-22 19:03:29.356 [restartedMain] INFO  o.a.c.c.C.[Tomcat-8].[localhost].[/] - Initializing Spring embedded WebApplicationContext 
25-12-22 19:03:29.356 [restartedMain] INFO  o.s.b.w.s.c.ServletWebServerApplicationContext - Root WebApplicationContext: initialization completed in 336 ms 
25-12-22 19:03:29.357 [restartedMain] INFO  o.a.c.c.C.[Tomcat-7].[localhost].[/] - Initializing Spring embedded WebApplicationContext 
25-12-22 19:03:29.357 [restartedMain] INFO  o.s.b.w.s.c.ServletWebServerApplicationContext - Root WebApplicationContext: initialization completed in 282 ms 
25-12-22 19:03:29.385 [restartedMain] INFO  o.h.jpa.internal.util.LogHelper - HHH000204: Processing PersistenceUnitInfo [name: default] 
25-12-22 19:03:29.386 [restartedMain] INFO  o.h.jpa.internal.util.LogHelper - HHH000204: Processing PersistenceUnitInfo [name: default] 
25-12-22 19:03:29.390 [restartedMain] INFO  o.h.c.i.RegionFactoryInitiator - HHH000026: Second-level cache disabled 
25-12-22 19:03:29.390 [restartedMain] INFO  o.h.c.i.RegionFactoryInitiator - HHH000026: Second-level cache disabled 
25-12-22 19:03:29.398 [restartedMain] INFO  o.s.d.r.c.RepositoryConfigurationDelegate - Bootstrapping Spring Data JPA repositories in DEFAULT mode. 
25-12-22 19:03:29.399 [restartedMain] INFO  o.s.o.j.p.SpringPersistenceUnitInfo - No LoadTimeWeaver setup: ignoring JPA class transformer 
25-12-22 19:03:29.399 [restartedMain] INFO  o.s.o.j.p.SpringPersistenceUnitInfo - No LoadTimeWeaver setup: ignoring JPA class transformer 
25-12-22 19:03:29.403 [restartedMain] INFO  o.hibernate.orm.connections.pooling - HHH10001005: Database info:
	Database JDBC URL [Connecting through datasource 'org.sqlite.SQLiteDataSource@58688a8c']
	Database driver: undefined/unknown
	Database version: 3.50.3
	Autocommit mode: undefined/unknown
	Isolation level: undefined/unknown
	Minimum pool size: undefined/unknown
	Maximum pool size: undefined/unknown 
25-12-22 19:03:29.403 [restartedMain] INFO  o.hibernate.orm.connections.pooling - HHH10001005: Database info:
	Database JDBC URL [Connecting through datasource 'org.sqlite.SQLiteDataSource@5fdc7242']
	Database driver: undefined/unknown
	Database version: 3.50.3
	Autocommit mode: undefined/unknown
	Isolation level: undefined/unknown
	Minimum pool size: undefined/unknown
	Maximum pool size: undefined/unknown 
25-12-22 19:03:29.412 [restartedMain] INFO  o.s.d.r.c.RepositoryConfigurationDelegate - Finished Spring Data repository scanning in 12 ms. Found 1 JPA repository interface. 
25-12-22 19:03:29.463 [restartedMain] INFO  o.h.e.t.j.p.i.JtaPlatformInitiator - HHH000489: No JTA platform available (set 'hibernate.transaction.jta.platform' to enable JTA platform integration) 
25-12-22 19:03:29.463 [restartedMain] INFO  o.h.e.t.j.p.i.JtaPlatformInitiator - HHH000489: No JTA platform available (set 'hibernate.transaction.jta.platform' to enable JTA platform integration) 
25-12-22 19:03:29.468 [restartedMain] INFO  o.s.o.j.LocalContainerEntityManagerFactoryBean - Initialized JPA EntityManagerFactory for persistence unit 'default' 
25-12-22 19:03:29.469 [restartedMain] INFO  o.s.o.j.LocalContainerEntityManagerFactoryBean - Initialized JPA EntityManagerFactory for persistence unit 'default' 
25-12-22 19:03:29.539 [restartedMain] INFO  o.s.b.w.e.tomcat.TomcatWebServer - Tomcat initialized with port 8080 (http) 
25-12-22 19:03:29.539 [restartedMain] INFO  o.a.coyote.http11.Http11NioProtocol - Initializing ProtocolHandler ["http-nio-8080"] 
25-12-22 19:03:29.539 [restartedMain] INFO  o.a.catalina.core.StandardService - Starting service [Tomcat] 
25-12-22 19:03:29.540 [restartedMain] INFO  o.a.catalina.core.StandardEngine - Starting Servlet engine: [Apache Tomcat/10.1.44] 
25-12-22 19:03:29.547 [restartedMain] WARN  o.s.b.a.o.j.JpaBaseConfiguration$JpaWebConfiguration - spring.jpa.open-in-view is enabled by default. Therefore, database queries may be performed during view rendering. Explicitly configure spring.jpa.open-in-view to disable this warning 
25-12-22 19:03:29.548 [restartedMain] WARN  o.s.b.a.o.j.JpaBaseConfiguration$JpaWebConfiguration - spring.jpa.open-in-view is enabled by default. Therefore, database queries may be performed during view rendering. Explicitly configure spring.jpa.open-in-view to disable this warning 
25-12-22 19:03:29.573 [restartedMain] INFO  o.a.c.c.C.[Tomcat-9].[localhost].[/] - Initializing Spring embedded WebApplicationContext 
25-12-22 19:03:29.573 [restartedMain] INFO  o.s.b.w.s.c.ServletWebServerApplicationContext - Root WebApplicationContext: initialization completed in 350 ms 
25-12-22 19:03:29.583 [restartedMain] INFO  o.s.b.a.w.s.WelcomePageHandlerMapping - Adding welcome page: class path resource [static/index.html] 
25-12-22 19:03:29.583 [restartedMain] INFO  o.s.b.a.w.s.WelcomePageHandlerMapping - Adding welcome page: class path resource [static/index.html] 
25-12-22 19:03:29.600 [restartedMain] INFO  o.h.jpa.internal.util.LogHelper - HHH000204: Processing PersistenceUnitInfo [name: default] 
25-12-22 19:03:29.605 [restartedMain] INFO  o.h.c.i.RegionFactoryInitiator - HHH000026: Second-level cache disabled 
25-12-22 19:03:29.616 [restartedMain] INFO  o.s.o.j.p.SpringPersistenceUnitInfo - No LoadTimeWeaver setup: ignoring JPA class transformer 
25-12-22 19:03:29.620 [restartedMain] INFO  o.hibernate.orm.connections.pooling - HHH10001005: Database info:
	Database JDBC URL [Connecting through datasource 'org.sqlite.SQLiteDataSource@45e335a8']
	Database driver: undefined/unknown
	Database version: 3.50.3
	Autocommit mode: undefined/unknown
	Isolation level: undefined/unknown
	Minimum pool size: undefined/unknown
	Maximum pool size: undefined/unknown 
25-12-22 19:03:29.640 [restartedMain] WARN  o.s.b.w.s.c.AnnotationConfigServletWebServerApplicationContext - Exception encountered during context initialization - cancelling refresh attempt: org.springframework.beans.factory.BeanCreationException: Error creating bean with name 'springApplicationAdminRegistrar' defined in class path resource [org/springframework/boot/autoconfigure/admin/SpringApplicationAdminJmxAutoConfiguration.class]: org.springframework.boot:type=Admin,name=SpringApplication 
25-12-22 19:03:29.640 [restartedMain] INFO  o.s.o.j.LocalContainerEntityManagerFactoryBean - Closing JPA EntityManagerFactory for persistence unit 'default' 
25-12-22 19:03:29.641 [restartedMain] INFO  o.a.catalina.core.StandardService - Stopping service [Tomcat] 
25-12-22 19:03:29.644 [restartedMain] INFO  o.s.b.a.l.ConditionEvaluationReportLogger - 

Error starting ApplicationContext. To display the condition evaluation report re-run your application with 'debug' enabled. 
25-12-22 19:03:29.649 [restartedMain] ERROR o.s.boot.SpringApplication - Application run failed 
org.springframework.beans.factory.BeanCreationException: Error creating bean with name 'springApplicationAdminRegistrar' defined in class path resource [org/springframework/boot/autoconfigure/admin/SpringApplicationAdminJmxAutoConfiguration.class]: org.springframework.boot:type=Admin,name=SpringApplication
	at org.springframework.beans.factory.support.AbstractAutowireCapableBeanFactory.initializeBean(AbstractAutowireCapableBeanFactory.java:1826)
	at org.springframework.beans.factory.support.AbstractAutowireCapableBeanFactory.doCreateBean(AbstractAutowireCapableBeanFactory.java:607)
	at org.springframework.beans.factory.support.AbstractAutowireCapableBeanFactory.createBean(AbstractAutowireCapableBeanFactory.java:529)
	at org.springframework.beans.factory.support.AbstractBeanFactory.lambda$doGetBean$0(AbstractBeanFactory.java:339)
	at org.springframework.beans.factory.support.DefaultSingletonBeanRegistry.getSingleton(DefaultSingletonBeanRegistry.java:373)
	at org.springframework.beans.factory.support.AbstractBeanFactory.doGetBean(AbstractBeanFactory.java:337)
	at org.springframework.beans.factory.support.AbstractBeanFactory.getBean(AbstractBeanFactory.java:202)
	at org.springframework.beans.factory.support.DefaultListableBeanFactory.instantiateSingleton(DefaultListableBeanFactory.java:1222)
	at org.springframework.beans.factory.support.DefaultListableBeanFactory.preInstantiateSingleton(DefaultListableBeanFactory.java:1188)
	at org.springframework.beans.factory.support.DefaultListableBeanFactory.preInstantiateSingletons(DefaultListableBeanFactory.java:1123)
	at org.springframework.context.support.AbstractApplicationContext.finishBeanFactoryInitialization(AbstractApplicationContext.java:987)
	at org.springframework.context.support.AbstractApplicationContext.refresh(AbstractApplicationContext.java:627)
	at org.springframework.boot.web.servlet.context.ServletWebServerApplicationContext.refresh(ServletWebServerApplicationContext.java:146)
	at org.springframework.boot.SpringApplication.refresh(SpringApplication.java:752)
	at org.springframework.boot.SpringApplication.refreshContext(SpringApplication.java:439)
	at org.springframework.boot.SpringApplication.run(SpringApplication.java:318)
	at org.springframework.boot.SpringApplication.run(SpringApplication.java:1361)
	at org.springframework.boot.SpringApplication.run(SpringApplication.java:1350)
	at com.vatManager.vatManager.VatManagerApplication.main(VatManagerApplication.java:18)
	at java.base/jdk.internal.reflect.DirectMethodHandleAccessor.invoke(DirectMethodHandleAccessor.java:103)
	at java.base/java.lang.reflect.Method.invoke(Method.java:580)
	at org.springframework.boot.devtools.restart.RestartLauncher.run(RestartLauncher.java:50)
Caused by: javax.management.InstanceAlreadyExistsException: org.springframework.boot:type=Admin,name=SpringApplication
	at java.management/com.sun.jmx.mbeanserver.Repository.addMBean(Repository.java:322)
	at java.management/com.sun.jmx.interceptor.DefaultMBeanServerInterceptor.registerWithRepository(DefaultMBeanServerInterceptor.java:1848)
	at java.management/com.sun.jmx.interceptor.DefaultMBeanServerInterceptor.registerDynamicMBean(DefaultMBeanServerInterceptor.java:945)
	at java.management/com.sun.jmx.interceptor.DefaultMBeanServerInterceptor.registerObject(DefaultMBeanServerInterceptor.java:880)
	at java.management/com.sun.jmx.interceptor.DefaultMBeanServerInterceptor.registerMBean(DefaultMBeanServerInterceptor.java:315)
	at java.management/com.sun.jmx.mbeanserver.JmxMBeanServer.registerMBean(JmxMBeanServer.java:523)
	at org.springframework.boot.admin.SpringApplicationAdminMXBeanRegistrar.afterPropertiesSet(SpringApplicationAdminMXBeanRegistrar.java:129)
	at org.springframework.beans.factory.support.AbstractAutowireCapableBeanFactory.invokeInitMethods(AbstractAutowireCapableBeanFactory.java:1873)
	at org.springframework.beans.factory.support.AbstractAutowireCapableBeanFactory.initializeBean(AbstractAutowireCapableBeanFactory.java:1822)
	... 21 common frames omitted
25-12-22 19:03:29.666 [restartedMain] INFO  o.h.e.t.j.p.i.JtaPlatformInitiator - HHH000489: No JTA platform available (set 'hibernate.transaction.jta.platform' to enable JTA platform integration) 
25-12-22 19:03:29.671 [restartedMain] INFO  o.s.o.j.LocalContainerEntityManagerFactoryBean - Initialized JPA EntityManagerFactory for persistence unit 'default' 
25-12-22 19:03:29.683 [restartedMain] INFO  o.s.b.d.a.OptionalLiveReloadServer - LiveReload server is running on port 35729 
25-12-22 19:03:29.696 [restartedMain] INFO  o.s.b.w.e.tomcat.TomcatWebServer - Tomcat started on port 8080 (http) with context path '/' 
25-12-22 19:03:29.701 [restartedMain] INFO  c.v.vatManager.VatManagerApplication - Started VatManagerApplication in 0.707 seconds (process running for 1917.144) 
25-12-22 19:03:29.703 [restartedMain] INFO  o.s.b.d.a.ConditionEvaluationDeltaLoggingListener - Condition evaluation delta:


==========================
CONDITION EVALUATION DELTA
==========================


Positive matches:
-----------------

    None


Negative matches:
-----------------

   DataSourceAutoConfiguration.PooledDataSourceConfiguration:
      Did not match:
         - @ConditionalOnMissingBean (types: javax.sql.DataSource,javax.sql.XADataSource; SearchStrategy: all) found beans of type 'javax.sql.DataSource' dataSource (OnBeanCondition)
      Matched:
         - AnyNestedCondition 1 matched 1 did not; NestedCondition on DataSourceAutoConfiguration.PooledDataSourceCondition.PooledDataSourceAvailable PooledDataSource found supported DataSource; NestedCondition on DataSourceAutoConfiguration.PooledDataSourceCondition.ExplicitType @ConditionalOnProperty (spring.datasource.type) did not find property 'spring.datasource.type' (DataSourceAutoConfiguration.PooledDataSourceCondition)

   DevToolsDataSourceAutoConfiguration:
      Did not match:
         - DevTools DataSource Condition did not find an auto-configured DataSource (DevToolsDataSourceAutoConfiguration.DevToolsDataSourceCondition)
      Matched:
         - @ConditionalOnClass found required class 'javax.sql.DataSource' (OnClassCondition)
         - Devtools devtools enabled. (OnEnabledDevToolsCondition)

   DevToolsDataSourceAutoConfiguration.DatabaseShutdownExecutorEntityManagerFactoryDependsOnPostProcessor:
      Did not match:
         - Ancestor org.springframework.boot.devtools.autoconfigure.DevToolsDataSourceAutoConfiguration did not match (ConditionEvaluationReport.AncestorsMatchedCondition)
      Matched:
         - @ConditionalOnClass found required class 'org.springframework.orm.jpa.LocalContainerEntityManagerFactoryBean' (OnClassCondition)


Exclusions:
-----------

    None


Unconditional classes:
----------------------

    None


 
25-12-22 19:03:29.742 [restartedMain] WARN  o.s.b.a.o.j.JpaBaseConfiguration$JpaWebConfiguration - spring.jpa.open-in-view is enabled by default. Therefore, database queries may be performed during view rendering. Explicitly configure spring.jpa.open-in-view to disable this warning 
25-12-22 19:03:29.775 [restartedMain] INFO  o.s.b.a.w.s.WelcomePageHandlerMapping - Adding welcome page: class path resource [static/index.html] 
25-12-22 19:03:29.818 [restartedMain] WARN  o.s.b.w.s.c.AnnotationConfigServletWebServerApplicationContext - Exception encountered during context initialization - cancelling refresh attempt: org.springframework.beans.factory.BeanCreationException: Error creating bean with name 'springApplicationAdminRegistrar' defined in class path resource [org/springframework/boot/autoconfigure/admin/SpringApplicationAdminJmxAutoConfiguration.class]: org.springframework.boot:type=Admin,name=SpringApplication 
25-12-22 19:03:29.818 [restartedMain] INFO  o.s.o.j.LocalContainerEntityManagerFactoryBean - Closing JPA EntityManagerFactory for persistence unit 'default' 
25-12-22 19:03:29.821 [restartedMain] INFO  o.s.b.a.l.ConditionEvaluationReportLogger - 

Error starting ApplicationContext. To display the condition evaluation report re-run your application with 'debug' enabled. 
25-12-22 19:03:29.823 [restartedMain] ERROR o.s.boot.SpringApplication - Application run failed 
org.springframework.beans.factory.BeanCreationException: Error creating bean with name 'springApplicationAdminRegistrar' defined in class path resource [org/springframework/boot/autoconfigure/admin/SpringApplicationAdminJmxAutoConfiguration.class]: org.springframework.boot:type=Admin,name=SpringApplication
	at org.springframework.beans.factory.support.AbstractAutowireCapableBeanFactory.initializeBean(AbstractAutowireCapableBeanFactory.java:1826)
	at org.springframework.beans.factory.support.AbstractAutowireCapableBeanFactory.doCreateBean(AbstractAutowireCapableBeanFactory.java:607)
	at org.springframework.beans.factory.support.AbstractAutowireCapableBeanFactory.createBean(AbstractAutowireCapableBeanFactory.java:529)
	at org.springframework.beans.factory.support.AbstractBeanFactory.lambda$doGetBean$0(AbstractBeanFactory.java:339)
	at org.springframework.beans.factory.support.DefaultSingletonBeanRegistry.getSingleton(DefaultSingletonBeanRegistry.java:373)
	at org.springframework.beans.factory.support.AbstractBeanFactory.doGetBean(AbstractBeanFactory.java:337)
	at org.springframework.beans.factory.support.AbstractBeanFactory.getBean(AbstractBeanFactory.java:202)
	at org.springframework.beans.factory.support.DefaultListableBeanFactory.instantiateSingleton(DefaultListableBeanFactory.java:1222)
	at org.springframework.beans.factory.support.DefaultListableBeanFactory.preInstantiateSingleton(DefaultListableBeanFactory.java:1188)
	at org.springframework.beans.factory.support.DefaultListableBeanFactory.preInstantiateSingletons(DefaultListableBeanFactory.java:1123)
	at org.springframework.context.support.AbstractApplicationContext.finishBeanFactoryInitialization(AbstractApplicationContext.java:987)
	at org.springframework.context.support.AbstractApplicationContext.refresh(AbstractApplicationContext.java:627)
	at org.springframework.boot.web.servlet.context.ServletWebServerApplicationContext.refresh(ServletWebServerApplicationContext.java:146)
	at org.springframework.boot.SpringApplication.refresh(SpringApplication.java:752)
	at org.springframework.boot.SpringApplication.refreshContext(SpringApplication.java:439)
	at org.springframework.boot.SpringApplication.run(SpringApplication.java:318)
	at org.springframework.boot.SpringApplication.run(SpringApplication.java:1361)
	at org.springframework.boot.SpringApplication.run(SpringApplication.java:1350)
	at com.vatManager.vatManager.VatManagerApplication.main(VatManagerApplication.java:18)
	at java.base/jdk.internal.reflect.DirectMethodHandleAccessor.invoke(DirectMethodHandleAccessor.java:103)
	at java.base/java.lang.reflect.Method.invoke(Method.java:580)
	at org.springframework.boot.devtools.restart.RestartLauncher.run(RestartLauncher.java:50)
Caused by: javax.management.InstanceAlreadyExistsException: org.springframework.boot:type=Admin,name=SpringApplication
	at java.management/com.sun.jmx.mbeanserver.Repository.addMBean(Repository.java:322)
	at java.management/com.sun.jmx.interceptor.DefaultMBeanServerInterceptor.registerWithRepository(DefaultMBeanServerInterceptor.java:1848)
	at java.management/com.sun.jmx.interceptor.DefaultMBeanServerInterceptor.registerDynamicMBean(DefaultMBeanServerInterceptor.java:945)
	at java.management/com.sun.jmx.interceptor.DefaultMBeanServerInterceptor.registerObject(DefaultMBeanServerInterceptor.java:880)
	at java.management/com.sun.jmx.interceptor.DefaultMBeanServerInterceptor.registerMBean(DefaultMBeanServerInterceptor.java:315)
	at java.management/com.sun.jmx.mbeanserver.JmxMBeanServer.registerMBean(JmxMBeanServer.java:523)
	at org.springframework.boot.admin.SpringApplicationAdminMXBeanRegistrar.afterPropertiesSet(SpringApplicationAdminMXBeanRegistrar.java:129)
	at org.springframework.beans.factory.support.AbstractAutowireCapableBeanFactory.invokeInitMethods(AbstractAutowireCapableBeanFactory.java:1873)
	at org.springframework.beans.factory.support.AbstractAutowireCapableBeanFactory.initializeBean(AbstractAutowireCapableBeanFactory.java:1822)
	... 21 common frames omitted
25-12-22 19:03:31.052 [http-nio-8080-exec-1] INFO  o.s.web.servlet.DispatcherServlet - Initializing Servlet 'dispatcherServlet' 
25-12-22 19:03:31.053 [http-nio-8080-exec-1] INFO  o.s.web.servlet.DispatcherServlet - Completed initialization in 0 ms 
25-12-22 19:03:31.215 [http-nio-8080-exec-5] INFO  c.v.vatManager.utils.PageableUtils -  : This is the sortDirection received in the pageableUtils method. 
25-12-22 19:03:31.215 [http-nio-8080-exec-5] INFO  c.v.v.service.ClientServiceImpl - Getting all the Clients from the Database. 
25-12-22 19:03:31.542 [http-nio-8080-exec-1] INFO  c.v.vatManager.utils.PageableUtils -  : This is the sortDirection received in the pageableUtils method. 
25-12-22 19:03:31.542 [http-nio-8080-exec-1] INFO  c.v.v.service.ClientServiceImpl - Getting all the Clients from the Database. 
25-12-22 19:03:34.098 [http-nio-8080-exec-6] INFO  c.v.vatManager.utils.PageableUtils -  : This is the sortDirection received in the pageableUtils method. 
25-12-22 19:03:34.099 [http-nio-8080-exec-6] INFO  c.v.v.service.ClientServiceImpl - Getting all the Clients from the Database. 
25-12-22 19:07:44.959 [background-preinit] INFO  o.h.validator.internal.util.Version - HV000001: Hibernate Validator 8.0.3.Final 
25-12-22 19:07:45.026 [main] INFO  c.v.vatManager.VatManagerApplication - Starting VatManagerApplication v0.0.1-SNAPSHOT using Java 21.0.5 with PID 9192 (D:\SpringBoot  Projects\vatManager\target\TDS-ClientManager.jar started by neraz in D:\SpringBoot  Projects\vatManager) 
25-12-22 19:07:45.028 [main] INFO  c.v.vatManager.VatManagerApplication - No active profile set, falling back to 1 default profile: "default" 
25-12-22 19:07:45.894 [main] INFO  o.s.d.r.c.RepositoryConfigurationDelegate - Bootstrapping Spring Data JPA repositories in DEFAULT mode. 
25-12-22 19:07:45.961 [main] INFO  o.s.d.r.c.RepositoryConfigurationDelegate - Finished Spring Data repository scanning in 54 ms. Found 1 JPA repository interface. 
25-12-22 19:07:46.592 [main] INFO  o.s.b.w.e.tomcat.TomcatWebServer - Tomcat initialized with port 8080 (http) 
25-12-22 19:07:46.605 [main] INFO  o.a.coyote.http11.Http11NioProtocol - Initializing ProtocolHandler ["http-nio-8080"] 
25-12-22 19:07:46.607 [main] INFO  o.a.catalina.core.StandardService - Starting service [Tomcat] 
25-12-22 19:07:46.607 [main] INFO  o.a.catalina.core.StandardEngine - Starting Servlet engine: [Apache Tomcat/10.1.44] 
25-12-22 19:07:46.641 [main] INFO  o.a.c.c.C.[Tomcat].[localhost].[/] - Initializing Spring embedded WebApplicationContext 
25-12-22 19:07:46.641 [main] INFO  o.s.b.w.s.c.ServletWebServerApplicationContext - Root WebApplicationContext: initialization completed in 1550 ms 
25-12-22 19:07:46.852 [main] INFO  o.h.jpa.internal.util.LogHelper - HHH000204: Processing PersistenceUnitInfo [name: default] 
25-12-22 19:07:46.911 [main] INFO  org.hibernate.Version - HHH000412: Hibernate ORM core version 6.6.26.Final 
25-12-22 19:07:46.954 [main] INFO  o.h.c.i.RegionFactoryInitiator - HHH000026: Second-level cache disabled 
25-12-22 19:07:47.279 [main] INFO  o.s.o.j.p.SpringPersistenceUnitInfo - No LoadTimeWeaver setup: ignoring JPA class transformer 
25-12-22 19:07:47.529 [main] INFO  o.hibernate.orm.connections.pooling - HHH10001005: Database info:
	Database JDBC URL [Connecting through datasource 'org.sqlite.SQLiteDataSource@3e046e39']
	Database driver: undefined/unknown
	Database version: 3.50.3
	Autocommit mode: undefined/unknown
	Isolation level: undefined/unknown
	Minimum pool size: undefined/unknown
	Maximum pool size: undefined/unknown 
25-12-22 19:07:48.189 [main] INFO  o.h.e.t.j.p.i.JtaPlatformInitiator - HHH000489: No JTA platform available (set 'hibernate.transaction.jta.platform' to enable JTA platform integration) 
25-12-22 19:07:48.213 [main] INFO  o.s.o.j.LocalContainerEntityManagerFactoryBean - Initialized JPA EntityManagerFactory for persistence unit 'default' 
25-12-22 19:07:48.492 [main] INFO  o.s.d.j.r.query.QueryEnhancerFactory - Hibernate is in classpath; If applicable, HQL parser will be used. 
25-12-22 19:07:48.579 [main] WARN  o.s.b.a.o.j.JpaBaseConfiguration$JpaWebConfiguration - spring.jpa.open-in-view is enabled by default. Therefore, database queries may be performed during view rendering. Explicitly configure spring.jpa.open-in-view to disable this warning 
25-12-22 19:07:48.668 [main] INFO  o.s.b.a.w.s.WelcomePageHandlerMapping - Adding welcome page: class path resource [static/index.html] 
25-12-22 19:07:49.093 [main] INFO  o.a.coyote.http11.Http11NioProtocol - Starting ProtocolHandler ["http-nio-8080"] 
25-12-22 19:07:49.109 [main] WARN  o.s.b.w.s.c.AnnotationConfigServletWebServerApplicationContext - Exception encountered during context initialization - cancelling refresh attempt: org.springframework.context.ApplicationContextException: Failed to start bean 'webServerStartStop' 
25-12-22 19:07:49.110 [main] INFO  o.s.o.j.LocalContainerEntityManagerFactoryBean - Closing JPA EntityManagerFactory for persistence unit 'default' 
25-12-22 19:07:49.128 [main] INFO  o.s.b.a.l.ConditionEvaluationReportLogger - 

Error starting ApplicationContext. To display the condition evaluation report re-run your application with 'debug' enabled. 
25-12-22 19:07:49.157 [main] ERROR o.s.b.d.LoggingFailureAnalysisReporter - 

***************************
APPLICATION FAILED TO START
***************************

Description:

Web server failed to start. Port 8080 was already in use.

Action:

Identify and stop the process that's listening on port 8080 or configure this application to listen on another port.
 
25-12-22 19:07:57.206 [RMI TCP Connection(76)-127.0.0.1] INFO  o.s.b.a.SpringApplicationAdminMXBeanRegistrar$SpringApplicationAdmin - Application shutdown requested. 
25-12-22 19:07:57.207 [RMI TCP Connection(76)-127.0.0.1] INFO  o.s.b.w.e.tomcat.GracefulShutdown - Commencing graceful shutdown. Waiting for active requests to complete 
25-12-22 19:07:57.230 [tomcat-shutdown] INFO  o.s.b.w.e.tomcat.GracefulShutdown - Graceful shutdown complete 
25-12-22 19:07:57.232 [RMI TCP Connection(76)-127.0.0.1] INFO  o.s.o.j.LocalContainerEntityManagerFactoryBean - Closing JPA EntityManagerFactory for persistence unit 'default' 
25-12-22 19:08:02.488 [background-preinit] INFO  o.h.validator.internal.util.Version - HV000001: Hibernate Validator 8.0.3.Final 
25-12-22 19:08:02.561 [main] INFO  c.v.vatManager.VatManagerApplication - Starting VatManagerApplication v0.0.1-SNAPSHOT using Java 21.0.5 with PID 17072 (D:\SpringBoot  Projects\vatManager\target\TDS-ClientManager.jar started by neraz in D:\SpringBoot  Projects\vatManager) 
25-12-22 19:08:02.563 [main] INFO  c.v.vatManager.VatManagerApplication - No active profile set, falling back to 1 default profile: "default" 
25-12-22 19:08:03.553 [main] INFO  o.s.d.r.c.RepositoryConfigurationDelegate - Bootstrapping Spring Data JPA repositories in DEFAULT mode. 
25-12-22 19:08:03.634 [main] INFO  o.s.d.r.c.RepositoryConfigurationDelegate - Finished Spring Data repository scanning in 62 ms. Found 1 JPA repository interface. 
25-12-22 19:08:04.258 [main] INFO  o.s.b.w.e.tomcat.TomcatWebServer - Tomcat initialized with port 8080 (http) 
25-12-22 19:08:04.270 [main] INFO  o.a.coyote.http11.Http11NioProtocol - Initializing ProtocolHandler ["http-nio-8080"] 
25-12-22 19:08:04.273 [main] INFO  o.a.catalina.core.StandardService - Starting service [Tomcat] 
25-12-22 19:08:04.273 [main] INFO  o.a.catalina.core.StandardEngine - Starting Servlet engine: [Apache Tomcat/10.1.44] 
25-12-22 19:08:04.309 [main] INFO  o.a.c.c.C.[Tomcat].[localhost].[/] - Initializing Spring embedded WebApplicationContext 
25-12-22 19:08:04.310 [main] INFO  o.s.b.w.s.c.ServletWebServerApplicationContext - Root WebApplicationContext: initialization completed in 1677 ms 
25-12-22 19:08:04.518 [main] INFO  o.h.jpa.internal.util.LogHelper - HHH000204: Processing PersistenceUnitInfo [name: default] 
25-12-22 19:08:04.580 [main] INFO  org.hibernate.Version - HHH000412: Hibernate ORM core version 6.6.26.Final 
25-12-22 19:08:04.628 [main] INFO  o.h.c.i.RegionFactoryInitiator - HHH000026: Second-level cache disabled 
25-12-22 19:08:04.977 [main] INFO  o.s.o.j.p.SpringPersistenceUnitInfo - No LoadTimeWeaver setup: ignoring JPA class transformer 
25-12-22 19:08:05.265 [main] INFO  o.hibernate.orm.connections.pooling - HHH10001005: Database info:
	Database JDBC URL [Connecting through datasource 'org.sqlite.SQLiteDataSource@46fc522d']
	Database driver: undefined/unknown
	Database version: 3.50.3
	Autocommit mode: undefined/unknown
	Isolation level: undefined/unknown
	Minimum pool size: undefined/unknown
	Maximum pool size: undefined/unknown 
25-12-22 19:08:05.916 [main] INFO  o.h.e.t.j.p.i.JtaPlatformInitiator - HHH000489: No JTA platform available (set 'hibernate.transaction.jta.platform' to enable JTA platform integration) 
25-12-22 19:08:05.941 [main] INFO  o.s.o.j.LocalContainerEntityManagerFactoryBean - Initialized JPA EntityManagerFactory for persistence unit 'default' 
25-12-22 19:08:06.218 [main] INFO  o.s.d.j.r.query.QueryEnhancerFactory - Hibernate is in classpath; If applicable, HQL parser will be used. 
25-12-22 19:08:06.306 [main] WARN  o.s.b.a.o.j.JpaBaseConfiguration$JpaWebConfiguration - spring.jpa.open-in-view is enabled by default. Therefore, database queries may be performed during view rendering. Explicitly configure spring.jpa.open-in-view to disable this warning 
25-12-22 19:08:06.412 [main] INFO  o.s.b.a.w.s.WelcomePageHandlerMapping - Adding welcome page: class path resource [static/index.html] 
25-12-22 19:08:06.825 [main] INFO  o.a.coyote.http11.Http11NioProtocol - Starting ProtocolHandler ["http-nio-8080"] 
25-12-22 19:08:06.853 [main] INFO  o.s.b.w.e.tomcat.TomcatWebServer - Tomcat started on port 8080 (http) with context path '/' 
25-12-22 19:08:06.869 [main] INFO  c.v.vatManager.VatManagerApplication - Started VatManagerApplication in 4.787 seconds (process running for 5.554) 
25-12-22 19:08:11.255 [http-nio-8080-exec-1] INFO  o.a.c.c.C.[Tomcat].[localhost].[/] - Initializing Spring DispatcherServlet 'dispatcherServlet' 
25-12-22 19:08:11.256 [http-nio-8080-exec-1] INFO  o.s.web.servlet.DispatcherServlet - Initializing Servlet 'dispatcherServlet' 
25-12-22 19:08:11.257 [http-nio-8080-exec-1] INFO  o.s.web.servlet.DispatcherServlet - Completed initialization in 1 ms 
25-12-22 19:08:11.544 [http-nio-8080-exec-5] INFO  c.v.vatManager.utils.PageableUtils -  : This is the sortDirection received in the pageableUtils method. 
25-12-22 19:08:11.544 [http-nio-8080-exec-5] INFO  c.v.v.service.ClientServiceImpl - Getting all the Clients from the Database. 
25-12-22 19:08:14.816 [http-nio-8080-exec-7] INFO  c.v.vatManager.utils.PageableUtils -  : This is the sortDirection received in the pageableUtils method. 
25-12-22 19:08:14.817 [http-nio-8080-exec-7] INFO  c.v.v.service.ClientServiceImpl - Getting all the Clients from the Database. 
25-12-22 19:08:15.203 [http-nio-8080-exec-8] INFO  c.v.vatManager.utils.PageableUtils - desc : This is the sortDirection received in the pageableUtils method. 
25-12-22 19:08:15.203 [http-nio-8080-exec-8] INFO  c.v.v.service.ClientServiceImpl - Getting all the Clients from the Database. 
25-12-22 19:08:17.831 [http-nio-8080-exec-9] INFO  c.v.vatManager.utils.PageableUtils - desc : This is the sortDirection received in the pageableUtils method. 
25-12-22 19:08:17.833 [http-nio-8080-exec-9] INFO  c.v.v.service.ClientServiceImpl - Getting all the Clients from the Database. 
25-12-22 19:08:19.158 [http-nio-8080-exec-10] INFO  c.v.vatManager.utils.PageableUtils - desc : This is the sortDirection received in the pageableUtils method. 
25-12-22 19:08:19.158 [http-nio-8080-exec-10] INFO  c.v.v.service.ClientServiceImpl - Getting all the Clients from the Database. 
25-12-22 19:08:19.553 [http-nio-8080-exec-1] INFO  c.v.vatManager.utils.PageableUtils - asc : This is the sortDirection received in the pageableUtils method. 
25-12-22 19:08:19.554 [http-nio-8080-exec-1] INFO  c.v.v.service.ClientServiceImpl - Getting all the Clients from the Database. 
25-12-22 19:09:33.158 [SpringApplicationShutdownHook] INFO  o.s.b.w.e.tomcat.GracefulShutdown - Commencing graceful shutdown. Waiting for active requests to complete 
25-12-22 19:09:33.182 [tomcat-shutdown] INFO  o.s.b.w.e.tomcat.GracefulShutdown - Graceful shutdown complete 
25-12-22 19:09:33.185 [SpringApplicationShutdownHook] INFO  o.s.o.j.LocalContainerEntityManagerFactoryBean - Closing JPA EntityManagerFactory for persistence unit 'default' 
