25-09-29 14:54:07.260 [background-preinit] INFO  o.h.validator.internal.util.Version - HV000001: Hibernate Validator 8.0.3.Final 
25-09-29 14:54:07.299 [restartedMain] INFO  c.v.vatManager.VatManagerApplication - Starting VatManagerApplication using Java 21.0.5 with PID 5036 (D:\SpringBoot  Projects\vatManager\target\classes started by neraz in D:\SpringBoot  Projects\vatManager) 
25-09-29 14:54:07.300 [restartedMain] INFO  c.v.vatManager.VatManagerApplication - No active profile set, falling back to 1 default profile: "default" 
25-09-29 14:54:07.342 [restartedMain] INFO  o.s.b.d.e.DevToolsPropertyDefaultsPostProcessor - Devtools property defaults active! Set 'spring.devtools.add-properties' to 'false' to disable 
25-09-29 14:54:07.343 [restartedMain] INFO  o.s.b.d.e.DevToolsPropertyDefaultsPostProcessor - For additional web related logging consider setting the 'logging.level.web' property to 'DEBUG' 
25-09-29 14:54:08.113 [restartedMain] INFO  o.s.d.r.c.RepositoryConfigurationDelegate - Bootstrapping Spring Data JPA repositories in DEFAULT mode. 
25-09-29 14:54:08.162 [restartedMain] INFO  o.s.d.r.c.RepositoryConfigurationDelegate - Finished Spring Data repository scanning in 40 ms. Found 1 JPA repository interface. 
25-09-29 14:54:08.674 [restartedMain] INFO  o.s.b.w.e.tomcat.TomcatWebServer - Tomcat initialized with port 8080 (http) 
25-09-29 14:54:08.686 [restartedMain] INFO  o.a.coyote.http11.Http11NioProtocol - Initializing ProtocolHandler ["http-nio-8080"] 
25-09-29 14:54:08.688 [restartedMain] INFO  o.a.catalina.core.StandardService - Starting service [Tomcat] 
25-09-29 14:54:08.688 [restartedMain] INFO  o.a.catalina.core.StandardEngine - Starting Servlet engine: [Apache Tomcat/10.1.44] 
25-09-29 14:54:08.740 [restartedMain] INFO  o.a.c.c.C.[Tomcat].[localhost].[/] - Initializing Spring embedded WebApplicationContext 
25-09-29 14:54:08.740 [restartedMain] INFO  o.s.b.w.s.c.ServletWebServerApplicationContext - Root WebApplicationContext: initialization completed in 1396 ms 
25-09-29 14:54:08.892 [restartedMain] INFO  o.h.jpa.internal.util.LogHelper - HHH000204: Processing PersistenceUnitInfo [name: default] 
25-09-29 14:54:08.953 [restartedMain] INFO  org.hibernate.Version - HHH000412: Hibernate ORM core version 6.6.26.Final 
25-09-29 14:54:08.986 [restartedMain] INFO  o.h.c.i.RegionFactoryInitiator - HHH000026: Second-level cache disabled 
25-09-29 14:54:09.257 [restartedMain] INFO  o.s.o.j.p.SpringPersistenceUnitInfo - No LoadTimeWeaver setup: ignoring JPA class transformer 
25-09-29 14:54:09.288 [restartedMain] INFO  com.zaxxer.hikari.HikariDataSource - HikariPool-1 - Starting... 
25-09-29 14:54:09.487 [restartedMain] INFO  com.zaxxer.hikari.pool.HikariPool - HikariPool-1 - Added connection org.sqlite.jdbc4.JDBC4Connection@27d8aebe 
25-09-29 14:54:09.489 [restartedMain] INFO  com.zaxxer.hikari.HikariDataSource - HikariPool-1 - Start completed. 
25-09-29 14:54:09.528 [restartedMain] INFO  o.hibernate.orm.connections.pooling - HHH10001005: Database info:
	Database JDBC URL [Connecting through datasource 'HikariDataSource (HikariPool-1)']
	Database driver: undefined/unknown
	Database version: 3.50.3
	Autocommit mode: undefined/unknown
	Isolation level: undefined/unknown
	Minimum pool size: undefined/unknown
	Maximum pool size: undefined/unknown 
25-09-29 14:54:10.203 [restartedMain] INFO  o.h.e.t.j.p.i.JtaPlatformInitiator - HHH000489: No JTA platform available (set 'hibernate.transaction.jta.platform' to enable JTA platform integration) 
25-09-29 14:54:10.232 [restartedMain] INFO  o.s.o.j.LocalContainerEntityManagerFactoryBean - Initialized JPA EntityManagerFactory for persistence unit 'default' 
25-09-29 14:54:10.465 [restartedMain] INFO  o.s.d.j.r.query.QueryEnhancerFactory - Hibernate is in classpath; If applicable, HQL parser will be used. 
25-09-29 14:54:10.529 [restartedMain] WARN  o.s.b.a.o.j.JpaBaseConfiguration$JpaWebConfiguration - spring.jpa.open-in-view is enabled by default. Therefore, database queries may be performed during view rendering. Explicitly configure spring.jpa.open-in-view to disable this warning 
25-09-29 14:54:10.876 [restartedMain] INFO  o.s.b.d.a.OptionalLiveReloadServer - LiveReload server is running on port 35729 
25-09-29 14:54:10.895 [restartedMain] INFO  o.a.coyote.http11.Http11NioProtocol - Starting ProtocolHandler ["http-nio-8080"] 
25-09-29 14:54:10.911 [restartedMain] INFO  o.s.b.w.e.tomcat.TomcatWebServer - Tomcat started on port 8080 (http) with context path '/' 
25-09-29 14:54:10.918 [restartedMain] INFO  c.v.vatManager.VatManagerApplication - Started VatManagerApplication in 3.913 seconds (process running for 4.692) 
25-09-29 14:56:42.703 [http-nio-8080-exec-1] INFO  o.a.c.c.C.[Tomcat].[localhost].[/] - Initializing Spring DispatcherServlet 'dispatcherServlet' 
25-09-29 14:56:42.704 [http-nio-8080-exec-1] INFO  o.s.web.servlet.DispatcherServlet - Initializing Servlet 'dispatcherServlet' 
25-09-29 14:56:42.706 [http-nio-8080-exec-1] INFO  o.s.web.servlet.DispatcherServlet - Completed initialization in 2 ms 
25-09-29 14:56:42.777 [http-nio-8080-exec-1] INFO  c.v.vatManager.utils.PageableUtils -  : This is the sortDirection received in the pageableUtils method. 
25-09-29 14:56:42.777 [http-nio-8080-exec-1] INFO  c.v.v.service.ClientServiceImpl - Getting all the Clients from the Database. 
25-09-29 14:58:31.113 [http-nio-8080-exec-3] INFO  c.v.vatManager.utils.PageableUtils - asc : This is the sortDirection received in the pageableUtils method. 
25-09-29 14:58:31.113 [http-nio-8080-exec-3] INFO  c.v.v.service.ClientServiceImpl - Getting all the Clients from the Database. 
25-09-29 14:59:44.188 [http-nio-8080-exec-5] INFO  c.v.vatManager.utils.PageableUtils -  : This is the sortDirection received in the pageableUtils method. 
25-09-29 14:59:44.189 [http-nio-8080-exec-5] INFO  c.v.v.service.ClientServiceImpl - Getting all the Clients from the Database. 
25-09-29 14:59:46.428 [http-nio-8080-exec-6] INFO  c.v.vatManager.utils.PageableUtils -  : This is the sortDirection received in the pageableUtils method. 
25-09-29 14:59:46.428 [http-nio-8080-exec-6] INFO  c.v.v.service.ClientServiceImpl - Getting all the Clients from the Database. 
25-09-29 15:05:58.841 [http-nio-8080-exec-8] INFO  c.v.vatManager.utils.PageableUtils -  : This is the sortDirection received in the pageableUtils method. 
25-09-29 15:05:58.841 [http-nio-8080-exec-8] INFO  c.v.v.service.ClientServiceImpl - Getting all the Clients from the Database. 
25-09-29 15:13:04.331 [http-nio-8080-exec-10] INFO  c.v.vatManager.utils.PageableUtils -  : This is the sortDirection received in the pageableUtils method. 
25-09-29 15:13:04.332 [http-nio-8080-exec-10] INFO  c.v.v.service.ClientServiceImpl - Getting all the Clients from the Database. 
25-09-29 15:14:07.644 [http-nio-8080-exec-2] INFO  c.v.vatManager.utils.PageableUtils -  : This is the sortDirection received in the pageableUtils method. 
25-09-29 15:14:07.645 [http-nio-8080-exec-2] INFO  c.v.v.service.ClientServiceImpl - Getting all the Clients from the Database. 
25-09-29 15:15:52.118 [http-nio-8080-exec-4] INFO  c.v.vatManager.utils.PageableUtils -  : This is the sortDirection received in the pageableUtils method. 
25-09-29 15:15:52.119 [http-nio-8080-exec-4] INFO  c.v.v.service.ClientServiceImpl - Getting all the Clients from the Database. 
25-09-29 15:16:24.147 [http-nio-8080-exec-5] INFO  c.v.vatManager.utils.PageableUtils -  : This is the sortDirection received in the pageableUtils method. 
25-09-29 15:16:24.147 [http-nio-8080-exec-5] INFO  c.v.v.service.ClientServiceImpl - Getting all the Clients from the Database. 
25-09-29 15:16:34.637 [http-nio-8080-exec-6] INFO  c.v.vatManager.utils.PageableUtils -  : This is the sortDirection received in the pageableUtils method. 
25-09-29 15:16:34.638 [http-nio-8080-exec-6] INFO  c.v.v.service.ClientServiceImpl - Getting all the Clients from the Database. 
25-09-29 15:16:47.040 [http-nio-8080-exec-7] INFO  c.v.vatManager.utils.PageableUtils -  : This is the sortDirection received in the pageableUtils method. 
25-09-29 15:16:47.041 [http-nio-8080-exec-7] INFO  c.v.v.service.ClientServiceImpl - Getting all the Clients from the Database. 
25-09-29 15:16:53.162 [http-nio-8080-exec-8] INFO  c.v.vatManager.utils.PageableUtils -  : This is the sortDirection received in the pageableUtils method. 
25-09-29 15:16:53.162 [http-nio-8080-exec-8] INFO  c.v.v.service.ClientServiceImpl - Getting all the Clients from the Database. 
25-09-29 15:17:12.641 [http-nio-8080-exec-9] INFO  c.v.vatManager.utils.PageableUtils -  : This is the sortDirection received in the pageableUtils method. 
25-09-29 15:17:12.641 [http-nio-8080-exec-9] INFO  c.v.v.service.ClientServiceImpl - Getting all the Clients from the Database. 
25-09-29 15:17:14.036 [http-nio-8080-exec-10] INFO  c.v.vatManager.utils.PageableUtils -  : This is the sortDirection received in the pageableUtils method. 
25-09-29 15:17:14.037 [http-nio-8080-exec-10] INFO  c.v.v.service.ClientServiceImpl - Getting all the Clients from the Database. 
25-09-29 15:17:14.732 [http-nio-8080-exec-1] INFO  c.v.vatManager.utils.PageableUtils -  : This is the sortDirection received in the pageableUtils method. 
25-09-29 15:17:14.733 [http-nio-8080-exec-1] INFO  c.v.v.service.ClientServiceImpl - Getting all the Clients from the Database. 
25-09-29 15:17:15.340 [http-nio-8080-exec-2] INFO  c.v.vatManager.utils.PageableUtils -  : This is the sortDirection received in the pageableUtils method. 
25-09-29 15:17:15.340 [http-nio-8080-exec-2] INFO  c.v.v.service.ClientServiceImpl - Getting all the Clients from the Database. 
25-09-29 15:17:53.532 [http-nio-8080-exec-3] INFO  c.v.vatManager.utils.PageableUtils -  : This is the sortDirection received in the pageableUtils method. 
25-09-29 15:17:53.532 [http-nio-8080-exec-3] INFO  c.v.v.service.ClientServiceImpl - Getting all the Clients from the Database. 
25-09-29 15:17:54.949 [http-nio-8080-exec-4] INFO  c.v.vatManager.utils.PageableUtils - desc : This is the sortDirection received in the pageableUtils method. 
25-09-29 15:17:54.950 [http-nio-8080-exec-4] INFO  c.v.v.service.ClientServiceImpl - Getting all the Clients from the Database. 
25-09-29 15:17:56.668 [http-nio-8080-exec-5] INFO  c.v.vatManager.utils.PageableUtils -  : This is the sortDirection received in the pageableUtils method. 
25-09-29 15:17:56.668 [http-nio-8080-exec-5] INFO  c.v.v.service.ClientServiceImpl - Getting all the Clients from the Database. 
25-09-29 15:17:57.776 [http-nio-8080-exec-6] INFO  c.v.vatManager.utils.PageableUtils - asc : This is the sortDirection received in the pageableUtils method. 
25-09-29 15:17:57.776 [http-nio-8080-exec-6] INFO  c.v.v.service.ClientServiceImpl - Getting all the Clients from the Database. 
25-09-29 15:17:58.398 [http-nio-8080-exec-7] INFO  c.v.vatManager.utils.PageableUtils - desc : This is the sortDirection received in the pageableUtils method. 
25-09-29 15:17:58.398 [http-nio-8080-exec-7] INFO  c.v.v.service.ClientServiceImpl - Getting all the Clients from the Database. 
25-09-29 15:17:59.614 [http-nio-8080-exec-8] INFO  c.v.vatManager.utils.PageableUtils - asc : This is the sortDirection received in the pageableUtils method. 
25-09-29 15:17:59.614 [http-nio-8080-exec-8] INFO  c.v.v.service.ClientServiceImpl - Getting all the Clients from the Database. 
25-09-29 15:18:00.281 [http-nio-8080-exec-9] INFO  c.v.vatManager.utils.PageableUtils - desc : This is the sortDirection received in the pageableUtils method. 
25-09-29 15:18:00.281 [http-nio-8080-exec-9] INFO  c.v.v.service.ClientServiceImpl - Getting all the Clients from the Database. 
25-09-29 15:18:02.697 [http-nio-8080-exec-10] INFO  c.v.vatManager.utils.PageableUtils -  : This is the sortDirection received in the pageableUtils method. 
25-09-29 15:18:02.697 [http-nio-8080-exec-10] INFO  c.v.v.service.ClientServiceImpl - Getting all the Clients from the Database. 
25-09-29 15:18:03.431 [http-nio-8080-exec-1] INFO  c.v.vatManager.utils.PageableUtils - asc : This is the sortDirection received in the pageableUtils method. 
25-09-29 15:18:03.431 [http-nio-8080-exec-1] INFO  c.v.v.service.ClientServiceImpl - Getting all the Clients from the Database. 
25-09-29 15:18:05.126 [http-nio-8080-exec-2] INFO  c.v.vatManager.utils.PageableUtils - desc : This is the sortDirection received in the pageableUtils method. 
25-09-29 15:18:05.126 [http-nio-8080-exec-2] INFO  c.v.v.service.ClientServiceImpl - Getting all the Clients from the Database. 
25-09-29 15:18:06.994 [http-nio-8080-exec-3] INFO  c.v.vatManager.utils.PageableUtils -  : This is the sortDirection received in the pageableUtils method. 
25-09-29 15:18:06.994 [http-nio-8080-exec-3] INFO  c.v.v.service.ClientServiceImpl - Getting all the Clients from the Database. 
25-09-29 15:18:10.752 [http-nio-8080-exec-4] INFO  c.v.vatManager.utils.PageableUtils -  : This is the sortDirection received in the pageableUtils method. 
25-09-29 15:18:10.752 [http-nio-8080-exec-4] INFO  c.v.v.service.ClientServiceImpl - Getting all the Clients from the Database. 
25-09-29 15:18:12.036 [http-nio-8080-exec-5] INFO  c.v.vatManager.utils.PageableUtils -  : This is the sortDirection received in the pageableUtils method. 
25-09-29 15:18:12.036 [http-nio-8080-exec-5] INFO  c.v.v.service.ClientServiceImpl - Getting all the Clients from the Database. 
25-09-29 15:18:56.345 [http-nio-8080-exec-6] INFO  c.v.vatManager.utils.PageableUtils -  : This is the sortDirection received in the pageableUtils method. 
25-09-29 15:18:56.345 [http-nio-8080-exec-6] INFO  c.v.v.service.ClientServiceImpl - Getting all the Clients from the Database. 
25-09-29 15:19:03.842 [http-nio-8080-exec-7] INFO  c.v.vatManager.utils.PageableUtils -  : This is the sortDirection received in the pageableUtils method. 
25-09-29 15:19:03.842 [http-nio-8080-exec-7] INFO  c.v.v.service.ClientServiceImpl - Getting all the Clients from the Database. 
25-09-29 15:19:05.429 [http-nio-8080-exec-8] INFO  c.v.vatManager.utils.PageableUtils - desc : This is the sortDirection received in the pageableUtils method. 
25-09-29 15:19:05.429 [http-nio-8080-exec-8] INFO  c.v.v.service.ClientServiceImpl - Getting all the Clients from the Database. 
25-09-29 15:19:06.658 [http-nio-8080-exec-9] INFO  c.v.vatManager.utils.PageableUtils - desc : This is the sortDirection received in the pageableUtils method. 
25-09-29 15:19:06.658 [http-nio-8080-exec-9] INFO  c.v.v.service.ClientServiceImpl - Getting all the Clients from the Database. 
25-09-29 15:19:07.686 [http-nio-8080-exec-10] INFO  c.v.vatManager.utils.PageableUtils - asc : This is the sortDirection received in the pageableUtils method. 
25-09-29 15:19:07.686 [http-nio-8080-exec-10] INFO  c.v.v.service.ClientServiceImpl - Getting all the Clients from the Database. 
25-09-29 15:19:08.790 [http-nio-8080-exec-1] INFO  c.v.vatManager.utils.PageableUtils - desc : This is the sortDirection received in the pageableUtils method. 
25-09-29 15:19:08.791 [http-nio-8080-exec-1] INFO  c.v.v.service.ClientServiceImpl - Getting all the Clients from the Database. 
25-09-29 15:19:11.932 [http-nio-8080-exec-2] INFO  c.v.vatManager.utils.PageableUtils - asc : This is the sortDirection received in the pageableUtils method. 
25-09-29 15:19:11.932 [http-nio-8080-exec-2] INFO  c.v.v.service.ClientServiceImpl - Getting all the Clients from the Database. 
25-09-29 15:19:20.160 [http-nio-8080-exec-3] INFO  c.v.vatManager.utils.PageableUtils - desc : This is the sortDirection received in the pageableUtils method. 
25-09-29 15:19:20.161 [http-nio-8080-exec-3] INFO  c.v.v.service.ClientServiceImpl - Getting all the Clients from the Database. 
25-09-29 15:20:03.273 [http-nio-8080-exec-4] INFO  c.v.vatManager.utils.PageableUtils -  : This is the sortDirection received in the pageableUtils method. 
25-09-29 15:20:03.274 [http-nio-8080-exec-4] INFO  c.v.v.service.ClientServiceImpl - Getting all the Clients from the Database. 
25-09-29 15:20:17.109 [http-nio-8080-exec-5] INFO  c.v.vatManager.utils.PageableUtils - asc : This is the sortDirection received in the pageableUtils method. 
25-09-29 15:20:17.110 [http-nio-8080-exec-5] INFO  c.v.v.service.ClientServiceImpl - Getting all the Clients from the Database. 
25-09-29 15:20:35.248 [http-nio-8080-exec-6] INFO  c.v.vatManager.utils.PageableUtils -  : This is the sortDirection received in the pageableUtils method. 
25-09-29 15:20:35.248 [http-nio-8080-exec-6] INFO  c.v.v.service.ClientServiceImpl - Getting all the Clients from the Database. 
25-09-29 15:20:38.930 [http-nio-8080-exec-7] INFO  c.v.vatManager.utils.PageableUtils -  : This is the sortDirection received in the pageableUtils method. 
25-09-29 15:20:38.930 [http-nio-8080-exec-7] INFO  c.v.v.service.ClientServiceImpl - Getting all the Clients from the Database. 
25-09-29 15:20:48.542 [http-nio-8080-exec-8] INFO  c.v.vatManager.utils.PageableUtils -  : This is the sortDirection received in the pageableUtils method. 
25-09-29 15:20:48.542 [http-nio-8080-exec-8] INFO  c.v.v.service.ClientServiceImpl - Getting all the Clients from the Database. 
25-09-29 15:20:50.590 [http-nio-8080-exec-9] INFO  c.v.vatManager.utils.PageableUtils -  : This is the sortDirection received in the pageableUtils method. 
25-09-29 15:20:50.590 [http-nio-8080-exec-9] INFO  c.v.v.service.ClientServiceImpl - Getting all the Clients from the Database. 
25-09-29 15:21:07.572 [http-nio-8080-exec-10] INFO  c.v.vatManager.utils.PageableUtils -  : This is the sortDirection received in the pageableUtils method. 
25-09-29 15:21:07.572 [http-nio-8080-exec-10] INFO  c.v.v.service.ClientServiceImpl - Getting all the Clients from the Database. 
25-09-29 15:21:08.845 [http-nio-8080-exec-1] INFO  c.v.vatManager.utils.PageableUtils -  : This is the sortDirection received in the pageableUtils method. 
25-09-29 15:21:08.845 [http-nio-8080-exec-1] INFO  c.v.v.service.ClientServiceImpl - Getting all the Clients from the Database. 
25-09-29 15:21:09.957 [http-nio-8080-exec-2] INFO  c.v.vatManager.utils.PageableUtils -  : This is the sortDirection received in the pageableUtils method. 
25-09-29 15:21:09.957 [http-nio-8080-exec-2] INFO  c.v.v.service.ClientServiceImpl - Getting all the Clients from the Database. 
25-09-29 15:21:10.354 [http-nio-8080-exec-3] INFO  c.v.vatManager.utils.PageableUtils - desc : This is the sortDirection received in the pageableUtils method. 
25-09-29 15:21:10.355 [http-nio-8080-exec-3] INFO  c.v.v.service.ClientServiceImpl - Getting all the Clients from the Database. 
25-09-29 15:21:10.472 [http-nio-8080-exec-4] INFO  c.v.vatManager.utils.PageableUtils - desc : This is the sortDirection received in the pageableUtils method. 
25-09-29 15:21:10.472 [http-nio-8080-exec-4] INFO  c.v.v.service.ClientServiceImpl - Getting all the Clients from the Database. 
25-09-29 15:21:10.871 [http-nio-8080-exec-5] INFO  c.v.vatManager.utils.PageableUtils - asc : This is the sortDirection received in the pageableUtils method. 
25-09-29 15:21:10.872 [http-nio-8080-exec-5] INFO  c.v.v.service.ClientServiceImpl - Getting all the Clients from the Database. 
25-09-29 15:21:11.665 [http-nio-8080-exec-6] INFO  c.v.vatManager.utils.PageableUtils - asc : This is the sortDirection received in the pageableUtils method. 
25-09-29 15:21:11.666 [http-nio-8080-exec-6] INFO  c.v.v.service.ClientServiceImpl - Getting all the Clients from the Database. 
25-09-29 15:21:12.071 [http-nio-8080-exec-7] INFO  c.v.vatManager.utils.PageableUtils - desc : This is the sortDirection received in the pageableUtils method. 
25-09-29 15:21:12.072 [http-nio-8080-exec-7] INFO  c.v.v.service.ClientServiceImpl - Getting all the Clients from the Database. 
25-09-29 15:21:12.559 [http-nio-8080-exec-8] INFO  c.v.vatManager.utils.PageableUtils - desc : This is the sortDirection received in the pageableUtils method. 
25-09-29 15:21:12.560 [http-nio-8080-exec-8] INFO  c.v.v.service.ClientServiceImpl - Getting all the Clients from the Database. 
25-09-29 15:21:12.972 [http-nio-8080-exec-9] INFO  c.v.vatManager.utils.PageableUtils - asc : This is the sortDirection received in the pageableUtils method. 
25-09-29 15:21:12.972 [http-nio-8080-exec-9] INFO  c.v.v.service.ClientServiceImpl - Getting all the Clients from the Database. 
25-09-29 15:21:13.802 [http-nio-8080-exec-10] INFO  c.v.vatManager.utils.PageableUtils - asc : This is the sortDirection received in the pageableUtils method. 
25-09-29 15:21:13.803 [http-nio-8080-exec-10] INFO  c.v.v.service.ClientServiceImpl - Getting all the Clients from the Database. 
25-09-29 15:21:14.206 [http-nio-8080-exec-1] INFO  c.v.vatManager.utils.PageableUtils - desc : This is the sortDirection received in the pageableUtils method. 
25-09-29 15:21:14.207 [http-nio-8080-exec-1] INFO  c.v.v.service.ClientServiceImpl - Getting all the Clients from the Database. 
25-09-29 15:21:15.295 [http-nio-8080-exec-2] INFO  c.v.vatManager.utils.PageableUtils - desc : This is the sortDirection received in the pageableUtils method. 
25-09-29 15:21:15.296 [http-nio-8080-exec-2] INFO  c.v.v.service.ClientServiceImpl - Getting all the Clients from the Database. 
25-09-29 15:21:17.582 [http-nio-8080-exec-3] INFO  c.v.vatManager.utils.PageableUtils - desc : This is the sortDirection received in the pageableUtils method. 
25-09-29 15:21:17.582 [http-nio-8080-exec-3] INFO  c.v.v.service.ClientServiceImpl - Getting all the Clients from the Database. 
25-09-29 15:21:19.413 [http-nio-8080-exec-4] INFO  c.v.vatManager.utils.PageableUtils - desc : This is the sortDirection received in the pageableUtils method. 
25-09-29 15:21:19.413 [http-nio-8080-exec-4] INFO  c.v.v.service.ClientServiceImpl - Getting all the Clients from the Database. 
25-09-29 15:21:19.821 [http-nio-8080-exec-5] INFO  c.v.vatManager.utils.PageableUtils - asc : This is the sortDirection received in the pageableUtils method. 
25-09-29 15:21:19.821 [http-nio-8080-exec-5] INFO  c.v.v.service.ClientServiceImpl - Getting all the Clients from the Database. 
25-09-29 15:21:20.335 [http-nio-8080-exec-6] INFO  c.v.vatManager.utils.PageableUtils - asc : This is the sortDirection received in the pageableUtils method. 
25-09-29 15:21:20.335 [http-nio-8080-exec-6] INFO  c.v.v.service.ClientServiceImpl - Getting all the Clients from the Database. 
25-09-29 15:21:20.739 [http-nio-8080-exec-7] INFO  c.v.vatManager.utils.PageableUtils - asc : This is the sortDirection received in the pageableUtils method. 
25-09-29 15:21:20.739 [http-nio-8080-exec-7] INFO  c.v.v.service.ClientServiceImpl - Getting all the Clients from the Database. 
25-09-29 15:21:22.674 [http-nio-8080-exec-8] INFO  c.v.vatManager.utils.PageableUtils - asc : This is the sortDirection received in the pageableUtils method. 
25-09-29 15:21:22.674 [http-nio-8080-exec-8] INFO  c.v.v.service.ClientServiceImpl - Getting all the Clients from the Database. 
25-09-29 15:21:23.072 [http-nio-8080-exec-9] INFO  c.v.vatManager.utils.PageableUtils - desc : This is the sortDirection received in the pageableUtils method. 
25-09-29 15:21:23.072 [http-nio-8080-exec-9] INFO  c.v.v.service.ClientServiceImpl - Getting all the Clients from the Database. 
25-09-29 15:21:24.340 [http-nio-8080-exec-10] INFO  c.v.vatManager.utils.PageableUtils - desc : This is the sortDirection received in the pageableUtils method. 
25-09-29 15:21:24.341 [http-nio-8080-exec-10] INFO  c.v.v.service.ClientServiceImpl - Getting all the Clients from the Database. 
25-09-29 15:21:53.764 [http-nio-8080-exec-1] INFO  c.v.vatManager.utils.PageableUtils -  : This is the sortDirection received in the pageableUtils method. 
25-09-29 15:21:53.765 [http-nio-8080-exec-1] INFO  c.v.v.service.ClientServiceImpl - Getting all the Clients from the Database. 
25-09-29 15:22:42.395 [http-nio-8080-exec-2] INFO  c.v.vatManager.utils.PageableUtils -  : This is the sortDirection received in the pageableUtils method. 
25-09-29 15:22:42.395 [http-nio-8080-exec-2] INFO  c.v.v.service.ClientServiceImpl - Getting all the Clients from the Database. 
25-09-29 15:23:31.232 [http-nio-8080-exec-3] INFO  c.v.vatManager.utils.PageableUtils -  : This is the sortDirection received in the pageableUtils method. 
25-09-29 15:23:31.232 [http-nio-8080-exec-3] INFO  c.v.v.service.ClientServiceImpl - Getting all the Clients from the Database. 
25-09-29 15:23:33.934 [http-nio-8080-exec-4] INFO  c.v.vatManager.utils.PageableUtils -  : This is the sortDirection received in the pageableUtils method. 
25-09-29 15:23:33.935 [http-nio-8080-exec-4] INFO  c.v.v.service.ClientServiceImpl - Getting all the Clients from the Database. 
25-09-29 15:23:38.750 [http-nio-8080-exec-5] INFO  c.v.vatManager.utils.PageableUtils -  : This is the sortDirection received in the pageableUtils method. 
25-09-29 15:23:38.750 [http-nio-8080-exec-5] INFO  c.v.v.service.ClientServiceImpl - Getting all the Clients from the Database. 
25-09-29 15:24:12.525 [http-nio-8080-exec-6] INFO  c.v.vatManager.utils.PageableUtils -  : This is the sortDirection received in the pageableUtils method. 
25-09-29 15:24:12.525 [http-nio-8080-exec-6] INFO  c.v.v.service.ClientServiceImpl - Getting all the Clients from the Database. 
25-09-29 15:24:38.655 [http-nio-8080-exec-7] INFO  c.v.vatManager.utils.PageableUtils -  : This is the sortDirection received in the pageableUtils method. 
25-09-29 15:24:38.655 [http-nio-8080-exec-7] INFO  c.v.v.service.ClientServiceImpl - Getting all the Clients from the Database. 
25-09-29 15:24:51.574 [http-nio-8080-exec-8] INFO  c.v.vatManager.utils.PageableUtils -  : This is the sortDirection received in the pageableUtils method. 
25-09-29 15:24:51.574 [http-nio-8080-exec-8] INFO  c.v.v.service.ClientServiceImpl - Getting all the Clients from the Database. 
25-09-29 15:25:00.075 [http-nio-8080-exec-9] INFO  c.v.vatManager.utils.PageableUtils -  : This is the sortDirection received in the pageableUtils method. 
25-09-29 15:25:00.075 [http-nio-8080-exec-9] INFO  c.v.v.service.ClientServiceImpl - Getting all the Clients from the Database. 
25-09-29 15:25:02.366 [http-nio-8080-exec-10] INFO  c.v.vatManager.utils.PageableUtils -  : This is the sortDirection received in the pageableUtils method. 
25-09-29 15:25:02.366 [http-nio-8080-exec-10] INFO  c.v.v.service.ClientServiceImpl - Getting all the Clients from the Database. 
25-09-29 15:25:13.682 [http-nio-8080-exec-1] INFO  c.v.vatManager.utils.PageableUtils -  : This is the sortDirection received in the pageableUtils method. 
25-09-29 15:25:13.682 [http-nio-8080-exec-1] INFO  c.v.v.service.ClientServiceImpl - Getting all the Clients from the Database. 
25-09-29 15:25:18.249 [http-nio-8080-exec-2] INFO  c.v.vatManager.utils.PageableUtils -  : This is the sortDirection received in the pageableUtils method. 
25-09-29 15:25:18.249 [http-nio-8080-exec-2] INFO  c.v.v.service.ClientServiceImpl - Getting all the Clients from the Database. 
25-09-29 15:25:21.179 [http-nio-8080-exec-3] INFO  c.v.vatManager.utils.PageableUtils -  : This is the sortDirection received in the pageableUtils method. 
25-09-29 15:25:21.180 [http-nio-8080-exec-3] INFO  c.v.v.service.ClientServiceImpl - Getting all the Clients from the Database. 
25-09-29 15:25:30.456 [http-nio-8080-exec-4] INFO  c.v.vatManager.utils.PageableUtils -  : This is the sortDirection received in the pageableUtils method. 
25-09-29 15:25:30.456 [http-nio-8080-exec-4] INFO  c.v.v.service.ClientServiceImpl - Getting all the Clients from the Database. 
25-09-29 15:25:47.377 [http-nio-8080-exec-5] INFO  c.v.vatManager.utils.PageableUtils -  : This is the sortDirection received in the pageableUtils method. 
25-09-29 15:25:47.377 [http-nio-8080-exec-5] INFO  c.v.v.service.ClientServiceImpl - Getting all the Clients from the Database. 
25-09-29 15:27:29.493 [http-nio-8080-exec-7] INFO  c.v.vatManager.utils.PageableUtils -  : This is the sortDirection received in the pageableUtils method. 
25-09-29 15:27:29.494 [http-nio-8080-exec-7] INFO  c.v.v.service.ClientServiceImpl - Getting all the Clients from the Database. 
25-09-29 15:28:16.390 [http-nio-8080-exec-8] INFO  c.v.vatManager.utils.PageableUtils -  : This is the sortDirection received in the pageableUtils method. 
25-09-29 15:28:16.391 [http-nio-8080-exec-8] INFO  c.v.v.service.ClientServiceImpl - Getting all the Clients from the Database. 
25-09-29 15:28:17.868 [http-nio-8080-exec-9] INFO  c.v.vatManager.utils.PageableUtils -  : This is the sortDirection received in the pageableUtils method. 
25-09-29 15:28:17.868 [http-nio-8080-exec-9] INFO  c.v.v.service.ClientServiceImpl - Getting all the Clients from the Database. 
25-09-29 15:28:19.823 [http-nio-8080-exec-10] INFO  c.v.vatManager.utils.PageableUtils -  : This is the sortDirection received in the pageableUtils method. 
25-09-29 15:28:19.823 [http-nio-8080-exec-10] INFO  c.v.v.service.ClientServiceImpl - Getting all the Clients from the Database. 
25-09-29 15:28:39.768 [http-nio-8080-exec-1] INFO  c.v.vatManager.utils.PageableUtils -  : This is the sortDirection received in the pageableUtils method. 
25-09-29 15:28:39.768 [http-nio-8080-exec-1] INFO  c.v.v.service.ClientServiceImpl - Getting all the Clients from the Database. 
25-09-29 15:28:52.327 [http-nio-8080-exec-2] INFO  c.v.vatManager.utils.PageableUtils -  : This is the sortDirection received in the pageableUtils method. 
25-09-29 15:28:52.327 [http-nio-8080-exec-2] INFO  c.v.v.service.ClientServiceImpl - Getting all the Clients from the Database. 
25-09-29 15:30:30.869 [http-nio-8080-exec-4] INFO  c.v.vatManager.utils.PageableUtils -  : This is the sortDirection received in the pageableUtils method. 
25-09-29 15:30:30.869 [http-nio-8080-exec-4] INFO  c.v.v.service.ClientServiceImpl - Getting all the Clients from the Database. 
25-09-29 15:30:31.260 [http-nio-8080-exec-5] INFO  c.v.vatManager.utils.PageableUtils - asc : This is the sortDirection received in the pageableUtils method. 
25-09-29 15:30:31.260 [http-nio-8080-exec-5] INFO  c.v.v.service.ClientServiceImpl - Getting all the Clients from the Database. 
25-09-29 15:30:31.954 [http-nio-8080-exec-6] INFO  c.v.vatManager.utils.PageableUtils - asc : This is the sortDirection received in the pageableUtils method. 
25-09-29 15:30:31.954 [http-nio-8080-exec-6] INFO  c.v.v.service.ClientServiceImpl - Getting all the Clients from the Database. 
25-09-29 15:30:32.361 [http-nio-8080-exec-7] INFO  c.v.vatManager.utils.PageableUtils - asc : This is the sortDirection received in the pageableUtils method. 
25-09-29 15:30:32.361 [http-nio-8080-exec-7] INFO  c.v.v.service.ClientServiceImpl - Getting all the Clients from the Database. 
25-09-29 15:30:32.571 [http-nio-8080-exec-8] INFO  c.v.vatManager.utils.PageableUtils - asc : This is the sortDirection received in the pageableUtils method. 
25-09-29 15:30:32.571 [http-nio-8080-exec-8] INFO  c.v.v.service.ClientServiceImpl - Getting all the Clients from the Database. 
25-09-29 15:30:32.977 [http-nio-8080-exec-9] INFO  c.v.vatManager.utils.PageableUtils - desc : This is the sortDirection received in the pageableUtils method. 
25-09-29 15:30:32.977 [http-nio-8080-exec-9] INFO  c.v.v.service.ClientServiceImpl - Getting all the Clients from the Database. 
25-09-29 15:30:34.631 [http-nio-8080-exec-10] INFO  c.v.vatManager.utils.PageableUtils - desc : This is the sortDirection received in the pageableUtils method. 
25-09-29 15:30:34.631 [http-nio-8080-exec-10] INFO  c.v.v.service.ClientServiceImpl - Getting all the Clients from the Database. 
25-09-29 15:30:35.026 [http-nio-8080-exec-1] INFO  c.v.vatManager.utils.PageableUtils - asc : This is the sortDirection received in the pageableUtils method. 
25-09-29 15:30:35.026 [http-nio-8080-exec-1] INFO  c.v.v.service.ClientServiceImpl - Getting all the Clients from the Database. 
25-09-29 15:30:35.472 [http-nio-8080-exec-2] INFO  c.v.vatManager.utils.PageableUtils - asc : This is the sortDirection received in the pageableUtils method. 
25-09-29 15:30:35.474 [http-nio-8080-exec-2] INFO  c.v.v.service.ClientServiceImpl - Getting all the Clients from the Database. 
25-09-29 15:30:35.877 [http-nio-8080-exec-3] INFO  c.v.vatManager.utils.PageableUtils - asc : This is the sortDirection received in the pageableUtils method. 
25-09-29 15:30:35.877 [http-nio-8080-exec-3] INFO  c.v.v.service.ClientServiceImpl - Getting all the Clients from the Database. 
25-09-29 15:30:35.993 [http-nio-8080-exec-4] INFO  c.v.vatManager.utils.PageableUtils - asc : This is the sortDirection received in the pageableUtils method. 
25-09-29 15:30:35.993 [http-nio-8080-exec-4] INFO  c.v.v.service.ClientServiceImpl - Getting all the Clients from the Database. 
25-09-29 15:30:36.394 [http-nio-8080-exec-5] INFO  c.v.vatManager.utils.PageableUtils - desc : This is the sortDirection received in the pageableUtils method. 
25-09-29 15:30:36.394 [http-nio-8080-exec-5] INFO  c.v.v.service.ClientServiceImpl - Getting all the Clients from the Database. 
25-09-29 15:30:36.921 [http-nio-8080-exec-6] INFO  c.v.vatManager.utils.PageableUtils - desc : This is the sortDirection received in the pageableUtils method. 
25-09-29 15:30:36.921 [http-nio-8080-exec-6] INFO  c.v.v.service.ClientServiceImpl - Getting all the Clients from the Database. 
25-09-29 15:30:37.327 [http-nio-8080-exec-7] INFO  c.v.vatManager.utils.PageableUtils - desc : This is the sortDirection received in the pageableUtils method. 
25-09-29 15:30:37.327 [http-nio-8080-exec-7] INFO  c.v.v.service.ClientServiceImpl - Getting all the Clients from the Database. 
25-09-29 15:30:40.888 [http-nio-8080-exec-8] INFO  c.v.vatManager.utils.PageableUtils - desc : This is the sortDirection received in the pageableUtils method. 
25-09-29 15:30:40.888 [http-nio-8080-exec-8] INFO  c.v.v.service.ClientServiceImpl - Getting all the Clients from the Database. 
25-09-29 15:30:41.294 [http-nio-8080-exec-9] INFO  c.v.vatManager.utils.PageableUtils - desc : This is the sortDirection received in the pageableUtils method. 
25-09-29 15:30:41.294 [http-nio-8080-exec-9] INFO  c.v.v.service.ClientServiceImpl - Getting all the Clients from the Database. 
25-09-29 15:30:42.147 [http-nio-8080-exec-10] INFO  c.v.vatManager.utils.PageableUtils - desc : This is the sortDirection received in the pageableUtils method. 
25-09-29 15:30:42.148 [http-nio-8080-exec-10] INFO  c.v.v.service.ClientServiceImpl - Getting all the Clients from the Database. 
25-09-29 15:30:42.560 [http-nio-8080-exec-1] INFO  c.v.vatManager.utils.PageableUtils - asc : This is the sortDirection received in the pageableUtils method. 
25-09-29 15:30:42.560 [http-nio-8080-exec-1] INFO  c.v.v.service.ClientServiceImpl - Getting all the Clients from the Database. 
25-09-29 15:31:26.861 [http-nio-8080-exec-2] INFO  c.v.vatManager.utils.PageableUtils -  : This is the sortDirection received in the pageableUtils method. 
25-09-29 15:31:26.861 [http-nio-8080-exec-2] INFO  c.v.v.service.ClientServiceImpl - Getting all the Clients from the Database. 
25-09-29 15:34:02.612 [http-nio-8080-exec-4] INFO  c.v.vatManager.utils.PageableUtils -  : This is the sortDirection received in the pageableUtils method. 
25-09-29 15:34:02.613 [http-nio-8080-exec-4] INFO  c.v.v.service.ClientServiceImpl - Getting all the Clients from the Database. 
25-09-29 15:34:29.459 [http-nio-8080-exec-5] INFO  c.v.vatManager.utils.PageableUtils -  : This is the sortDirection received in the pageableUtils method. 
25-09-29 15:34:29.459 [http-nio-8080-exec-5] INFO  c.v.v.service.ClientServiceImpl - Getting all the Clients from the Database. 
25-09-29 15:34:32.266 [http-nio-8080-exec-6] INFO  c.v.vatManager.utils.PageableUtils -  : This is the sortDirection received in the pageableUtils method. 
25-09-29 15:34:32.266 [http-nio-8080-exec-6] INFO  c.v.v.service.ClientServiceImpl - Getting all the Clients from the Database. 
25-09-29 15:35:15.263 [http-nio-8080-exec-7] INFO  c.v.vatManager.utils.PageableUtils -  : This is the sortDirection received in the pageableUtils method. 
25-09-29 15:35:15.263 [http-nio-8080-exec-7] INFO  c.v.v.service.ClientServiceImpl - Getting all the Clients from the Database. 
25-09-29 15:35:33.079 [http-nio-8080-exec-8] INFO  c.v.vatManager.utils.PageableUtils -  : This is the sortDirection received in the pageableUtils method. 
25-09-29 15:35:33.079 [http-nio-8080-exec-8] INFO  c.v.v.service.ClientServiceImpl - Getting all the Clients from the Database. 
25-09-29 15:36:14.034 [http-nio-8080-exec-9] INFO  c.v.vatManager.utils.PageableUtils -  : This is the sortDirection received in the pageableUtils method. 
25-09-29 15:36:14.034 [http-nio-8080-exec-9] INFO  c.v.v.service.ClientServiceImpl - Getting all the Clients from the Database. 
25-09-29 15:38:23.385 [http-nio-8080-exec-1] INFO  c.v.vatManager.utils.PageableUtils -  : This is the sortDirection received in the pageableUtils method. 
25-09-29 15:38:23.385 [http-nio-8080-exec-1] INFO  c.v.v.service.ClientServiceImpl - Getting all the Clients from the Database. 
25-09-29 15:38:41.023 [http-nio-8080-exec-2] INFO  c.v.vatManager.utils.PageableUtils -  : This is the sortDirection received in the pageableUtils method. 
25-09-29 15:38:41.024 [http-nio-8080-exec-2] INFO  c.v.v.service.ClientServiceImpl - Getting all the Clients from the Database. 
25-09-29 15:38:57.226 [http-nio-8080-exec-3] INFO  c.v.vatManager.utils.PageableUtils -  : This is the sortDirection received in the pageableUtils method. 
25-09-29 15:38:57.226 [http-nio-8080-exec-3] INFO  c.v.v.service.ClientServiceImpl - Getting all the Clients from the Database. 
25-09-29 15:39:02.043 [http-nio-8080-exec-4] INFO  c.v.vatManager.utils.PageableUtils -  : This is the sortDirection received in the pageableUtils method. 
25-09-29 15:39:02.043 [http-nio-8080-exec-4] INFO  c.v.v.service.ClientServiceImpl - Getting all the Clients from the Database. 
25-09-29 15:39:18.127 [http-nio-8080-exec-5] INFO  c.v.vatManager.utils.PageableUtils -  : This is the sortDirection received in the pageableUtils method. 
25-09-29 15:39:18.127 [http-nio-8080-exec-5] INFO  c.v.v.service.ClientServiceImpl - Getting all the Clients from the Database. 
25-09-29 15:39:34.481 [http-nio-8080-exec-6] INFO  c.v.vatManager.utils.PageableUtils -  : This is the sortDirection received in the pageableUtils method. 
25-09-29 15:39:34.481 [http-nio-8080-exec-6] INFO  c.v.v.service.ClientServiceImpl - Getting all the Clients from the Database. 
25-09-29 15:39:52.308 [http-nio-8080-exec-7] INFO  c.v.vatManager.utils.PageableUtils -  : This is the sortDirection received in the pageableUtils method. 
25-09-29 15:39:52.308 [http-nio-8080-exec-7] INFO  c.v.v.service.ClientServiceImpl - Getting all the Clients from the Database. 
25-09-29 15:41:46.466 [http-nio-8080-exec-9] INFO  c.v.vatManager.utils.PageableUtils -  : This is the sortDirection received in the pageableUtils method. 
25-09-29 15:41:46.466 [http-nio-8080-exec-9] INFO  c.v.v.service.ClientServiceImpl - Getting all the Clients from the Database. 
25-09-29 15:41:48.490 [http-nio-8080-exec-10] INFO  c.v.vatManager.utils.PageableUtils -  : This is the sortDirection received in the pageableUtils method. 
25-09-29 15:41:48.490 [http-nio-8080-exec-10] INFO  c.v.v.service.ClientServiceImpl - Getting all the Clients from the Database. 
25-09-29 15:42:00.457 [http-nio-8080-exec-1] INFO  c.v.vatManager.utils.PageableUtils -  : This is the sortDirection received in the pageableUtils method. 
25-09-29 15:42:00.457 [http-nio-8080-exec-1] INFO  c.v.v.service.ClientServiceImpl - Getting all the Clients from the Database. 
25-09-29 15:42:09.835 [http-nio-8080-exec-2] INFO  c.v.vatManager.utils.PageableUtils -  : This is the sortDirection received in the pageableUtils method. 
25-09-29 15:42:09.835 [http-nio-8080-exec-2] INFO  c.v.v.service.ClientServiceImpl - Getting all the Clients from the Database. 
25-09-29 15:42:11.705 [http-nio-8080-exec-3] INFO  c.v.vatManager.utils.PageableUtils -  : This is the sortDirection received in the pageableUtils method. 
25-09-29 15:42:11.706 [http-nio-8080-exec-3] INFO  c.v.v.service.ClientServiceImpl - Getting all the Clients from the Database. 
25-09-29 15:42:13.049 [http-nio-8080-exec-4] INFO  c.v.vatManager.utils.PageableUtils -  : This is the sortDirection received in the pageableUtils method. 
25-09-29 15:42:13.049 [http-nio-8080-exec-4] INFO  c.v.v.service.ClientServiceImpl - Getting all the Clients from the Database. 
25-09-29 15:42:41.490 [http-nio-8080-exec-5] INFO  c.v.vatManager.utils.PageableUtils -  : This is the sortDirection received in the pageableUtils method. 
25-09-29 15:42:41.490 [http-nio-8080-exec-5] INFO  c.v.v.service.ClientServiceImpl - Getting all the Clients from the Database. 
25-09-29 16:15:30.640 [http-nio-8080-exec-7] INFO  c.v.vatManager.utils.PageableUtils -  : This is the sortDirection received in the pageableUtils method. 
25-09-29 16:15:30.640 [http-nio-8080-exec-7] INFO  c.v.v.service.ClientServiceImpl - Getting all the Clients from the Database. 
25-09-29 16:28:41.348 [http-nio-8080-exec-9] INFO  c.v.vatManager.utils.PageableUtils -  : This is the sortDirection received in the pageableUtils method. 
25-09-29 16:28:41.348 [http-nio-8080-exec-9] INFO  c.v.v.service.ClientServiceImpl - Getting all the Clients from the Database. 
25-09-29 16:28:53.615 [http-nio-8080-exec-10] INFO  c.v.vatManager.utils.PageableUtils -  : This is the sortDirection received in the pageableUtils method. 
25-09-29 16:28:53.616 [http-nio-8080-exec-10] INFO  c.v.v.service.ClientServiceImpl - Getting all the Clients from the Database. 
25-09-29 20:34:45.514 [background-preinit] INFO  o.h.validator.internal.util.Version - HV000001: Hibernate Validator 8.0.3.Final 
25-09-29 20:34:45.559 [restartedMain] INFO  c.v.vatManager.VatManagerApplication - Starting VatManagerApplication using Java 21.0.5 with PID 10716 (D:\SpringBoot  Projects\vatManager\target\classes started by neraz in D:\SpringBoot  Projects\vatManager) 
25-09-29 20:34:45.560 [restartedMain] INFO  c.v.vatManager.VatManagerApplication - No active profile set, falling back to 1 default profile: "default" 
25-09-29 20:34:45.600 [restartedMain] INFO  o.s.b.d.e.DevToolsPropertyDefaultsPostProcessor - Devtools property defaults active! Set 'spring.devtools.add-properties' to 'false' to disable 
25-09-29 20:34:45.601 [restartedMain] INFO  o.s.b.d.e.DevToolsPropertyDefaultsPostProcessor - For additional web related logging consider setting the 'logging.level.web' property to 'DEBUG' 
25-09-29 20:34:46.343 [restartedMain] INFO  o.s.d.r.c.RepositoryConfigurationDelegate - Bootstrapping Spring Data JPA repositories in DEFAULT mode. 
25-09-29 20:34:46.396 [restartedMain] INFO  o.s.d.r.c.RepositoryConfigurationDelegate - Finished Spring Data repository scanning in 43 ms. Found 1 JPA repository interface. 
25-09-29 20:34:46.869 [restartedMain] INFO  o.s.b.w.e.tomcat.TomcatWebServer - Tomcat initialized with port 8080 (http) 
25-09-29 20:34:46.880 [restartedMain] INFO  o.a.coyote.http11.Http11NioProtocol - Initializing ProtocolHandler ["http-nio-8080"] 
25-09-29 20:34:46.882 [restartedMain] INFO  o.a.catalina.core.StandardService - Starting service [Tomcat] 
25-09-29 20:34:46.882 [restartedMain] INFO  o.a.catalina.core.StandardEngine - Starting Servlet engine: [Apache Tomcat/10.1.44] 
25-09-29 20:34:46.931 [restartedMain] INFO  o.a.c.c.C.[Tomcat].[localhost].[/] - Initializing Spring embedded WebApplicationContext 
25-09-29 20:34:46.931 [restartedMain] INFO  o.s.b.w.s.c.ServletWebServerApplicationContext - Root WebApplicationContext: initialization completed in 1330 ms 
25-09-29 20:34:47.101 [restartedMain] INFO  o.h.jpa.internal.util.LogHelper - HHH000204: Processing PersistenceUnitInfo [name: default] 
25-09-29 20:34:47.159 [restartedMain] INFO  org.hibernate.Version - HHH000412: Hibernate ORM core version 6.6.26.Final 
25-09-29 20:34:47.194 [restartedMain] INFO  o.h.c.i.RegionFactoryInitiator - HHH000026: Second-level cache disabled 
25-09-29 20:34:47.457 [restartedMain] INFO  o.s.o.j.p.SpringPersistenceUnitInfo - No LoadTimeWeaver setup: ignoring JPA class transformer 
25-09-29 20:34:47.486 [restartedMain] INFO  com.zaxxer.hikari.HikariDataSource - HikariPool-1 - Starting... 
25-09-29 20:34:47.691 [restartedMain] INFO  com.zaxxer.hikari.pool.HikariPool - HikariPool-1 - Added connection org.sqlite.jdbc4.JDBC4Connection@6fadd9eb 
25-09-29 20:34:47.693 [restartedMain] INFO  com.zaxxer.hikari.HikariDataSource - HikariPool-1 - Start completed. 
25-09-29 20:34:47.729 [restartedMain] INFO  o.hibernate.orm.connections.pooling - HHH10001005: Database info:
	Database JDBC URL [Connecting through datasource 'HikariDataSource (HikariPool-1)']
	Database driver: undefined/unknown
	Database version: 3.50.3
	Autocommit mode: undefined/unknown
	Isolation level: undefined/unknown
	Minimum pool size: undefined/unknown
	Maximum pool size: undefined/unknown 
25-09-29 20:34:48.405 [restartedMain] INFO  o.h.e.t.j.p.i.JtaPlatformInitiator - HHH000489: No JTA platform available (set 'hibernate.transaction.jta.platform' to enable JTA platform integration) 
25-09-29 20:34:48.445 [restartedMain] INFO  o.s.o.j.LocalContainerEntityManagerFactoryBean - Initialized JPA EntityManagerFactory for persistence unit 'default' 
25-09-29 20:34:48.665 [restartedMain] INFO  o.s.d.j.r.query.QueryEnhancerFactory - Hibernate is in classpath; If applicable, HQL parser will be used. 
25-09-29 20:34:48.725 [restartedMain] WARN  o.s.b.a.o.j.JpaBaseConfiguration$JpaWebConfiguration - spring.jpa.open-in-view is enabled by default. Therefore, database queries may be performed during view rendering. Explicitly configure spring.jpa.open-in-view to disable this warning 
25-09-29 20:34:49.075 [restartedMain] INFO  o.s.b.d.a.OptionalLiveReloadServer - LiveReload server is running on port 35729 
25-09-29 20:34:49.093 [restartedMain] INFO  o.a.coyote.http11.Http11NioProtocol - Starting ProtocolHandler ["http-nio-8080"] 
25-09-29 20:34:49.109 [restartedMain] INFO  o.s.b.w.e.tomcat.TomcatWebServer - Tomcat started on port 8080 (http) with context path '/' 
25-09-29 20:34:49.116 [restartedMain] INFO  c.v.vatManager.VatManagerApplication - Started VatManagerApplication in 3.881 seconds (process running for 4.857) 
25-09-29 20:35:20.229 [http-nio-8080-exec-1] INFO  o.a.c.c.C.[Tomcat].[localhost].[/] - Initializing Spring DispatcherServlet 'dispatcherServlet' 
25-09-29 20:35:20.229 [http-nio-8080-exec-1] INFO  o.s.web.servlet.DispatcherServlet - Initializing Servlet 'dispatcherServlet' 
25-09-29 20:35:20.230 [http-nio-8080-exec-1] INFO  o.s.web.servlet.DispatcherServlet - Completed initialization in 1 ms 
25-09-29 20:35:20.286 [http-nio-8080-exec-1] INFO  c.v.vatManager.utils.PageableUtils -  : This is the sortDirection received in the pageableUtils method. 
25-09-29 20:35:20.286 [http-nio-8080-exec-1] INFO  c.v.v.service.ClientServiceImpl - Getting all the Clients from the Database. 
25-09-29 20:59:30.372 [http-nio-8080-exec-3] INFO  c.v.vatManager.utils.PageableUtils -  : This is the sortDirection received in the pageableUtils method. 
25-09-29 20:59:30.373 [http-nio-8080-exec-3] INFO  c.v.v.service.ClientServiceImpl - Getting all the Clients from the Database. 
25-09-29 20:59:31.854 [http-nio-8080-exec-4] INFO  c.v.vatManager.utils.PageableUtils -  : This is the sortDirection received in the pageableUtils method. 
25-09-29 20:59:31.854 [http-nio-8080-exec-4] INFO  c.v.v.service.ClientServiceImpl - Getting all the Clients from the Database. 
25-09-29 20:59:34.321 [http-nio-8080-exec-5] INFO  c.v.vatManager.utils.PageableUtils -  : This is the sortDirection received in the pageableUtils method. 
25-09-29 20:59:34.321 [http-nio-8080-exec-5] INFO  c.v.v.service.ClientServiceImpl - Getting all the Clients from the Database. 
25-09-29 20:59:35.933 [http-nio-8080-exec-6] INFO  c.v.vatManager.utils.PageableUtils -  : This is the sortDirection received in the pageableUtils method. 
25-09-29 20:59:35.934 [http-nio-8080-exec-6] INFO  c.v.v.service.ClientServiceImpl - Getting all the Clients from the Database. 
25-09-29 21:03:33.121 [http-nio-8080-exec-8] INFO  c.v.vatManager.utils.PageableUtils -  : This is the sortDirection received in the pageableUtils method. 
25-09-29 21:03:33.121 [http-nio-8080-exec-8] INFO  c.v.v.service.ClientServiceImpl - Getting all the Clients from the Database. 
25-09-29 21:09:29.017 [http-nio-8080-exec-10] INFO  c.v.vatManager.utils.PageableUtils -  : This is the sortDirection received in the pageableUtils method. 
25-09-29 21:09:29.017 [http-nio-8080-exec-10] INFO  c.v.v.service.ClientServiceImpl - Getting all the Clients from the Database. 
25-09-29 21:13:08.399 [http-nio-8080-exec-2] INFO  c.v.vatManager.utils.PageableUtils -  : This is the sortDirection received in the pageableUtils method. 
25-09-29 21:13:08.399 [http-nio-8080-exec-2] INFO  c.v.v.service.ClientServiceImpl - Getting all the Clients from the Database. 
25-09-29 21:13:13.810 [http-nio-8080-exec-3] INFO  c.v.vatManager.utils.PageableUtils -  : This is the sortDirection received in the pageableUtils method. 
25-09-29 21:13:13.811 [http-nio-8080-exec-3] INFO  c.v.v.service.ClientServiceImpl - Getting all the Clients from the Database. 
25-09-29 21:13:52.483 [http-nio-8080-exec-4] INFO  c.v.vatManager.utils.PageableUtils -  : This is the sortDirection received in the pageableUtils method. 
25-09-29 21:13:52.483 [http-nio-8080-exec-4] INFO  c.v.v.service.ClientServiceImpl - Getting all the Clients from the Database. 
25-09-29 21:24:33.549 [http-nio-8080-exec-6] INFO  c.v.vatManager.utils.PageableUtils -  : This is the sortDirection received in the pageableUtils method. 
25-09-29 21:24:33.549 [http-nio-8080-exec-6] INFO  c.v.v.service.ClientServiceImpl - Getting all the Clients from the Database. 
25-09-29 21:24:56.195 [http-nio-8080-exec-7] INFO  c.v.vatManager.utils.PageableUtils -  : This is the sortDirection received in the pageableUtils method. 
25-09-29 21:24:56.196 [http-nio-8080-exec-7] INFO  c.v.v.service.ClientServiceImpl - Getting all the Clients from the Database. 
25-09-29 21:25:00.778 [http-nio-8080-exec-8] INFO  c.v.vatManager.utils.PageableUtils -  : This is the sortDirection received in the pageableUtils method. 
25-09-29 21:25:00.778 [http-nio-8080-exec-8] INFO  c.v.v.service.ClientServiceImpl - Getting all the Clients from the Database. 
25-09-29 21:25:15.512 [http-nio-8080-exec-9] INFO  c.v.vatManager.utils.PageableUtils -  : This is the sortDirection received in the pageableUtils method. 
25-09-29 21:25:15.513 [http-nio-8080-exec-9] INFO  c.v.v.service.ClientServiceImpl - Getting all the Clients from the Database. 
25-09-29 21:26:35.889 [http-nio-8080-exec-1] INFO  c.v.vatManager.utils.PageableUtils -  : This is the sortDirection received in the pageableUtils method. 
25-09-29 21:26:35.889 [http-nio-8080-exec-1] INFO  c.v.v.service.ClientServiceImpl - Getting all the Clients from the Database. 
25-09-29 21:26:52.945 [http-nio-8080-exec-2] INFO  c.v.vatManager.utils.PageableUtils -  : This is the sortDirection received in the pageableUtils method. 
25-09-29 21:26:52.945 [http-nio-8080-exec-2] INFO  c.v.v.service.ClientServiceImpl - Getting all the Clients from the Database. 
25-09-29 21:27:38.882 [http-nio-8080-exec-3] INFO  c.v.vatManager.utils.PageableUtils -  : This is the sortDirection received in the pageableUtils method. 
25-09-29 21:27:38.883 [http-nio-8080-exec-3] INFO  c.v.v.service.ClientServiceImpl - Getting all the Clients from the Database. 
25-09-29 21:27:49.949 [http-nio-8080-exec-4] INFO  c.v.vatManager.utils.PageableUtils -  : This is the sortDirection received in the pageableUtils method. 
25-09-29 21:27:49.949 [http-nio-8080-exec-4] INFO  c.v.v.service.ClientServiceImpl - Getting all the Clients from the Database. 
25-09-29 21:30:25.766 [http-nio-8080-exec-6] INFO  c.v.vatManager.utils.PageableUtils -  : This is the sortDirection received in the pageableUtils method. 
25-09-29 21:30:25.766 [http-nio-8080-exec-6] INFO  c.v.v.service.ClientServiceImpl - Getting all the Clients from the Database. 
25-09-29 21:43:46.572 [http-nio-8080-exec-8] INFO  c.v.vatManager.utils.PageableUtils -  : This is the sortDirection received in the pageableUtils method. 
25-09-29 21:43:46.572 [http-nio-8080-exec-8] INFO  c.v.v.service.ClientServiceImpl - Getting all the Clients from the Database. 
25-09-29 21:46:36.866 [http-nio-8080-exec-10] INFO  c.v.vatManager.utils.PageableUtils -  : This is the sortDirection received in the pageableUtils method. 
25-09-29 21:46:36.867 [http-nio-8080-exec-10] INFO  c.v.v.service.ClientServiceImpl - Getting all the Clients from the Database. 
25-09-29 21:50:00.713 [http-nio-8080-exec-2] INFO  c.v.vatManager.utils.PageableUtils -  : This is the sortDirection received in the pageableUtils method. 
25-09-29 21:50:00.713 [http-nio-8080-exec-2] INFO  c.v.v.service.ClientServiceImpl - Getting all the Clients from the Database. 
25-09-29 21:50:29.039 [http-nio-8080-exec-3] INFO  c.v.vatManager.utils.PageableUtils -  : This is the sortDirection received in the pageableUtils method. 
25-09-29 21:50:29.040 [http-nio-8080-exec-3] INFO  c.v.v.service.ClientServiceImpl - Getting all the Clients from the Database. 
25-09-29 21:50:48.041 [http-nio-8080-exec-4] INFO  c.v.vatManager.utils.PageableUtils -  : This is the sortDirection received in the pageableUtils method. 
25-09-29 21:50:48.042 [http-nio-8080-exec-4] INFO  c.v.v.service.ClientServiceImpl - Getting all the Clients from the Database. 
25-09-29 21:50:50.344 [http-nio-8080-exec-5] INFO  c.v.vatManager.utils.PageableUtils -  : This is the sortDirection received in the pageableUtils method. 
25-09-29 21:50:50.345 [http-nio-8080-exec-5] INFO  c.v.v.service.ClientServiceImpl - Getting all the Clients from the Database. 
25-09-29 21:50:51.214 [http-nio-8080-exec-6] INFO  c.v.vatManager.utils.PageableUtils -  : This is the sortDirection received in the pageableUtils method. 
25-09-29 21:50:51.215 [http-nio-8080-exec-6] INFO  c.v.v.service.ClientServiceImpl - Getting all the Clients from the Database. 
25-09-29 21:50:51.611 [http-nio-8080-exec-7] INFO  c.v.vatManager.utils.PageableUtils - asc : This is the sortDirection received in the pageableUtils method. 
25-09-29 21:50:51.612 [http-nio-8080-exec-7] INFO  c.v.v.service.ClientServiceImpl - Getting all the Clients from the Database. 
25-09-29 21:50:51.970 [http-nio-8080-exec-8] INFO  c.v.vatManager.utils.PageableUtils - asc : This is the sortDirection received in the pageableUtils method. 
25-09-29 21:50:51.970 [http-nio-8080-exec-8] INFO  c.v.v.service.ClientServiceImpl - Getting all the Clients from the Database. 
25-09-29 21:50:52.362 [http-nio-8080-exec-9] INFO  c.v.vatManager.utils.PageableUtils - desc : This is the sortDirection received in the pageableUtils method. 
25-09-29 21:50:52.362 [http-nio-8080-exec-9] INFO  c.v.v.service.ClientServiceImpl - Getting all the Clients from the Database. 
25-09-29 21:51:09.795 [http-nio-8080-exec-10] INFO  c.v.vatManager.utils.PageableUtils -  : This is the sortDirection received in the pageableUtils method. 
25-09-29 21:51:09.795 [http-nio-8080-exec-10] INFO  c.v.v.service.ClientServiceImpl - Getting all the Clients from the Database. 
25-09-29 22:13:07.928 [http-nio-8080-exec-2] INFO  c.v.vatManager.utils.PageableUtils -  : This is the sortDirection received in the pageableUtils method. 
25-09-29 22:13:07.929 [http-nio-8080-exec-2] INFO  c.v.v.service.ClientServiceImpl - Getting all the Clients from the Database. 
25-09-29 22:33:50.411 [http-nio-8080-exec-4] INFO  c.v.vatManager.utils.PageableUtils -  : This is the sortDirection received in the pageableUtils method. 
25-09-29 22:33:50.411 [http-nio-8080-exec-4] INFO  c.v.v.service.ClientServiceImpl - Getting all the Clients from the Database. 
25-09-29 22:34:21.756 [http-nio-8080-exec-5] INFO  c.v.vatManager.utils.PageableUtils -  : This is the sortDirection received in the pageableUtils method. 
25-09-29 22:34:21.756 [http-nio-8080-exec-5] INFO  c.v.v.service.ClientServiceImpl - Getting all the Clients from the Database. 
25-09-29 22:37:47.056 [http-nio-8080-exec-7] INFO  c.v.vatManager.utils.PageableUtils -  : This is the sortDirection received in the pageableUtils method. 
25-09-29 22:37:47.056 [http-nio-8080-exec-7] INFO  c.v.v.service.ClientServiceImpl - Getting all the Clients from the Database. 
25-09-29 22:38:18.109 [http-nio-8080-exec-8] INFO  c.v.vatManager.utils.PageableUtils -  : This is the sortDirection received in the pageableUtils method. 
25-09-29 22:38:18.110 [http-nio-8080-exec-8] INFO  c.v.v.service.ClientServiceImpl - Getting all the Clients from the Database. 
25-09-29 22:38:25.245 [http-nio-8080-exec-9] INFO  c.v.vatManager.utils.PageableUtils -  : This is the sortDirection received in the pageableUtils method. 
25-09-29 22:38:25.245 [http-nio-8080-exec-9] INFO  c.v.v.service.ClientServiceImpl - Getting all the Clients from the Database. 
25-09-29 22:38:31.899 [http-nio-8080-exec-10] INFO  c.v.vatManager.utils.PageableUtils -  : This is the sortDirection received in the pageableUtils method. 
25-09-29 22:38:31.899 [http-nio-8080-exec-10] INFO  c.v.v.service.ClientServiceImpl - Getting all the Clients from the Database. 
25-09-29 22:38:38.112 [http-nio-8080-exec-1] INFO  c.v.vatManager.utils.PageableUtils -  : This is the sortDirection received in the pageableUtils method. 
25-09-29 22:38:38.112 [http-nio-8080-exec-1] INFO  c.v.v.service.ClientServiceImpl - Getting all the Clients from the Database. 
25-09-29 22:38:43.156 [http-nio-8080-exec-2] INFO  c.v.vatManager.utils.PageableUtils -  : This is the sortDirection received in the pageableUtils method. 
25-09-29 22:38:43.156 [http-nio-8080-exec-2] INFO  c.v.v.service.ClientServiceImpl - Getting all the Clients from the Database. 
25-09-29 22:38:47.276 [http-nio-8080-exec-3] INFO  c.v.vatManager.utils.PageableUtils -  : This is the sortDirection received in the pageableUtils method. 
25-09-29 22:38:47.276 [http-nio-8080-exec-3] INFO  c.v.v.service.ClientServiceImpl - Getting all the Clients from the Database. 
25-09-29 22:41:32.418 [http-nio-8080-exec-5] INFO  c.v.vatManager.utils.PageableUtils -  : This is the sortDirection received in the pageableUtils method. 
25-09-29 22:41:32.418 [http-nio-8080-exec-5] INFO  c.v.v.service.ClientServiceImpl - Getting all the Clients from the Database. 
25-09-29 22:42:09.732 [http-nio-8080-exec-6] INFO  c.v.vatManager.utils.PageableUtils -  : This is the sortDirection received in the pageableUtils method. 
25-09-29 22:42:09.732 [http-nio-8080-exec-6] INFO  c.v.v.service.ClientServiceImpl - Getting all the Clients from the Database. 
25-09-29 22:42:49.062 [http-nio-8080-exec-7] INFO  c.v.vatManager.utils.PageableUtils -  : This is the sortDirection received in the pageableUtils method. 
25-09-29 22:42:49.062 [http-nio-8080-exec-7] INFO  c.v.v.service.ClientServiceImpl - Getting all the Clients from the Database. 
25-09-29 22:43:35.575 [http-nio-8080-exec-8] INFO  c.v.vatManager.utils.PageableUtils -  : This is the sortDirection received in the pageableUtils method. 
25-09-29 22:43:35.575 [http-nio-8080-exec-8] INFO  c.v.v.service.ClientServiceImpl - Getting all the Clients from the Database. 
25-09-29 22:44:53.641 [http-nio-8080-exec-10] INFO  c.v.vatManager.utils.PageableUtils -  : This is the sortDirection received in the pageableUtils method. 
25-09-29 22:44:53.641 [http-nio-8080-exec-10] INFO  c.v.v.service.ClientServiceImpl - Getting all the Clients from the Database. 
25-09-29 22:45:30.407 [http-nio-8080-exec-1] INFO  c.v.vatManager.utils.PageableUtils -  : This is the sortDirection received in the pageableUtils method. 
25-09-29 22:45:30.408 [http-nio-8080-exec-1] INFO  c.v.v.service.ClientServiceImpl - Getting all the Clients from the Database. 
25-09-29 22:45:34.947 [http-nio-8080-exec-2] INFO  c.v.vatManager.utils.PageableUtils -  : This is the sortDirection received in the pageableUtils method. 
25-09-29 22:45:34.947 [http-nio-8080-exec-2] INFO  c.v.v.service.ClientServiceImpl - Getting all the Clients from the Database. 
25-09-29 22:45:42.624 [http-nio-8080-exec-3] INFO  c.v.vatManager.utils.PageableUtils -  : This is the sortDirection received in the pageableUtils method. 
25-09-29 22:45:42.624 [http-nio-8080-exec-3] INFO  c.v.v.service.ClientServiceImpl - Getting all the Clients from the Database. 
25-09-29 22:46:25.903 [http-nio-8080-exec-4] INFO  c.v.vatManager.utils.PageableUtils -  : This is the sortDirection received in the pageableUtils method. 
25-09-29 22:46:25.903 [http-nio-8080-exec-4] INFO  c.v.v.service.ClientServiceImpl - Getting all the Clients from the Database. 
25-09-29 22:47:45.746 [http-nio-8080-exec-6] INFO  c.v.vatManager.utils.PageableUtils -  : This is the sortDirection received in the pageableUtils method. 
25-09-29 22:47:45.746 [http-nio-8080-exec-6] INFO  c.v.v.service.ClientServiceImpl - Getting all the Clients from the Database. 
25-09-29 22:49:21.988 [http-nio-8080-exec-8] INFO  c.v.vatManager.utils.PageableUtils -  : This is the sortDirection received in the pageableUtils method. 
25-09-29 22:49:21.988 [http-nio-8080-exec-8] INFO  c.v.v.service.ClientServiceImpl - Getting all the Clients from the Database. 
25-09-29 22:50:15.930 [http-nio-8080-exec-9] INFO  c.v.vatManager.utils.PageableUtils -  : This is the sortDirection received in the pageableUtils method. 
25-09-29 22:50:15.931 [http-nio-8080-exec-9] INFO  c.v.v.service.ClientServiceImpl - Getting all the Clients from the Database. 
25-09-29 22:50:23.262 [http-nio-8080-exec-10] INFO  c.v.vatManager.utils.PageableUtils -  : This is the sortDirection received in the pageableUtils method. 
25-09-29 22:50:23.262 [http-nio-8080-exec-10] INFO  c.v.v.service.ClientServiceImpl - Getting all the Clients from the Database. 
25-09-29 22:50:31.825 [http-nio-8080-exec-1] INFO  c.v.vatManager.utils.PageableUtils -  : This is the sortDirection received in the pageableUtils method. 
25-09-29 22:50:31.825 [http-nio-8080-exec-1] INFO  c.v.v.service.ClientServiceImpl - Getting all the Clients from the Database. 
25-09-29 22:50:45.927 [http-nio-8080-exec-2] INFO  c.v.vatManager.utils.PageableUtils -  : This is the sortDirection received in the pageableUtils method. 
25-09-29 22:50:45.928 [http-nio-8080-exec-2] INFO  c.v.v.service.ClientServiceImpl - Getting all the Clients from the Database. 
25-09-29 22:50:49.498 [http-nio-8080-exec-3] INFO  c.v.vatManager.utils.PageableUtils -  : This is the sortDirection received in the pageableUtils method. 
25-09-29 22:50:49.498 [http-nio-8080-exec-3] INFO  c.v.v.service.ClientServiceImpl - Getting all the Clients from the Database. 
25-09-29 22:51:03.227 [http-nio-8080-exec-4] INFO  c.v.vatManager.utils.PageableUtils -  : This is the sortDirection received in the pageableUtils method. 
25-09-29 22:51:03.227 [http-nio-8080-exec-4] INFO  c.v.v.service.ClientServiceImpl - Getting all the Clients from the Database. 
25-09-29 22:55:29.877 [http-nio-8080-exec-9] INFO  c.v.vatManager.utils.PageableUtils -  : This is the sortDirection received in the pageableUtils method. 
25-09-29 22:55:29.877 [http-nio-8080-exec-9] INFO  c.v.v.service.ClientServiceImpl - Getting all the Clients from the Database. 
25-09-29 22:55:31.545 [http-nio-8080-exec-10] INFO  c.v.vatManager.utils.PageableUtils -  : This is the sortDirection received in the pageableUtils method. 
25-09-29 22:55:31.546 [http-nio-8080-exec-10] INFO  c.v.v.service.ClientServiceImpl - Getting all the Clients from the Database. 
25-09-29 22:55:41.763 [http-nio-8080-exec-1] INFO  c.v.vatManager.utils.PageableUtils -  : This is the sortDirection received in the pageableUtils method. 
25-09-29 22:55:41.763 [http-nio-8080-exec-1] INFO  c.v.v.service.ClientServiceImpl - Getting all the Clients from the Database. 
25-09-29 22:56:42.119 [http-nio-8080-exec-4] INFO  c.v.vatManager.utils.PageableUtils - null : This is the sortDirection received in the pageableUtils method. 
25-09-29 22:57:44.246 [http-nio-8080-exec-8] INFO  c.v.vatManager.utils.PageableUtils - null : This is the sortDirection received in the pageableUtils method. 
25-09-29 22:57:44.258 [http-nio-8080-exec-8] ERROR o.a.c.c.C.[.[.[.[dispatcherServlet] - Servlet.service() for servlet [dispatcherServlet] in context with path [] threw exception [Request processing failed: org.springframework.dao.InvalidDataAccessApiUsageException: Sort expression 'direction=: ASC' must only contain property references or aliases used in the select clause; If you really want to use something other than that for sorting, please use JpaSort.unsafe(…)] with root cause 
org.springframework.dao.InvalidDataAccessApiUsageException: Sort expression 'direction=: ASC' must only contain property references or aliases used in the select clause; If you really want to use something other than that for sorting, please use JpaSort.unsafe(…)
	at org.springframework.data.jpa.repository.query.QueryUtils.checkSortExpression(QueryUtils.java:931)
	at org.springframework.data.jpa.repository.query.QueryUtils.getOrderClause(QueryUtils.java:335)
	at org.springframework.data.jpa.repository.query.QueryUtils.lambda$1(QueryUtils.java:284)
	at java.base/java.util.stream.ReferencePipeline$3$1.accept(ReferencePipeline.java:197)
	at java.base/java.util.ArrayList$Itr.forEachRemaining(ArrayList.java:1085)
	at java.base/java.util.Spliterators$IteratorSpliterator.forEachRemaining(Spliterators.java:1939)
	at java.base/java.util.stream.AbstractPipeline.copyInto(AbstractPipeline.java:509)
	at java.base/java.util.stream.AbstractPipeline.wrapAndCopyInto(AbstractPipeline.java:499)
	at java.base/java.util.stream.ReduceOps$ReduceOp.evaluateSequential(ReduceOps.java:921)
	at java.base/java.util.stream.AbstractPipeline.evaluate(AbstractPipeline.java:234)
	at java.base/java.util.stream.ReferencePipeline.collect(ReferencePipeline.java:682)
	at org.springframework.data.jpa.repository.query.QueryUtils.applySorting(QueryUtils.java:285)
	at org.springframework.data.jpa.repository.query.DefaultQueryEnhancer.rewrite(DefaultQueryEnhancer.java:57)
	at org.springframework.data.jpa.repository.query.AbstractStringBasedJpaQuery.applySorting(AbstractStringBasedJpaQuery.java:259)
	at org.springframework.util.ConcurrentLruCache.get(ConcurrentLruCache.java:103)
	at org.springframework.data.jpa.repository.query.AbstractStringBasedJpaQuery$CachingQuerySortRewriter.getSorted(AbstractStringBasedJpaQuery.java:325)
	at org.springframework.data.jpa.repository.query.AbstractStringBasedJpaQuery.getSortedQueryString(AbstractStringBasedJpaQuery.java:173)
	at org.springframework.data.jpa.repository.query.AbstractStringBasedJpaQuery.doCreateQuery(AbstractStringBasedJpaQuery.java:128)
	at org.springframework.data.jpa.repository.query.AbstractJpaQuery.createQuery(AbstractJpaQuery.java:251)
	at org.springframework.data.jpa.repository.query.JpaQueryExecution$PagedExecution.doExecute(JpaQueryExecution.java:203)
	at org.springframework.data.jpa.repository.query.JpaQueryExecution.execute(JpaQueryExecution.java:93)
	at org.springframework.data.jpa.repository.query.AbstractJpaQuery.doExecute(AbstractJpaQuery.java:160)
	at org.springframework.data.jpa.repository.query.AbstractJpaQuery.execute(AbstractJpaQuery.java:148)
	at org.springframework.data.repository.core.support.RepositoryMethodInvoker.doInvoke(RepositoryMethodInvoker.java:170)
	at org.springframework.data.repository.core.support.RepositoryMethodInvoker.invoke(RepositoryMethodInvoker.java:158)
	at org.springframework.data.repository.core.support.QueryExecutorMethodInterceptor.doInvoke(QueryExecutorMethodInterceptor.java:170)
	at org.springframework.data.repository.core.support.QueryExecutorMethodInterceptor.invoke(QueryExecutorMethodInterceptor.java:149)
	at org.springframework.aop.framework.ReflectiveMethodInvocation.proceed(ReflectiveMethodInvocation.java:184)
	at org.springframework.data.projection.DefaultMethodInvokingMethodInterceptor.invoke(DefaultMethodInvokingMethodInterceptor.java:69)
	at org.springframework.aop.framework.ReflectiveMethodInvocation.proceed(ReflectiveMethodInvocation.java:184)
	at org.springframework.transaction.interceptor.TransactionAspectSupport.invokeWithinTransaction(TransactionAspectSupport.java:380)
	at org.springframework.transaction.interceptor.TransactionInterceptor.invoke(TransactionInterceptor.java:119)
	at org.springframework.aop.framework.ReflectiveMethodInvocation.proceed(ReflectiveMethodInvocation.java:184)
	at org.springframework.dao.support.PersistenceExceptionTranslationInterceptor.invoke(PersistenceExceptionTranslationInterceptor.java:138)
	at org.springframework.aop.framework.ReflectiveMethodInvocation.proceed(ReflectiveMethodInvocation.java:184)
	at org.springframework.data.jpa.repository.support.CrudMethodMetadataPostProcessor$CrudMethodMetadataPopulatingMethodInterceptor.invoke(CrudMethodMetadataPostProcessor.java:136)
	at org.springframework.aop.framework.ReflectiveMethodInvocation.proceed(ReflectiveMethodInvocation.java:184)
	at org.springframework.aop.framework.JdkDynamicAopProxy.invoke(JdkDynamicAopProxy.java:223)
	at jdk.proxy4/jdk.proxy4.$Proxy130.searchByQuery(Unknown Source)
	at com.vatManager.vatManager.service.ClientServiceImpl.searchClient(ClientServiceImpl.java:106)
	at com.vatManager.vatManager.controller.ClientController.searchClientsByQuery(ClientController.java:132)
	at java.base/jdk.internal.reflect.DirectMethodHandleAccessor.invoke(DirectMethodHandleAccessor.java:103)
	at java.base/java.lang.reflect.Method.invoke(Method.java:580)
	at org.springframework.web.method.support.InvocableHandlerMethod.doInvoke(InvocableHandlerMethod.java:258)
	at org.springframework.web.method.support.InvocableHandlerMethod.invokeForRequest(InvocableHandlerMethod.java:191)
	at org.springframework.web.servlet.mvc.method.annotation.ServletInvocableHandlerMethod.invokeAndHandle(ServletInvocableHandlerMethod.java:118)
	at org.springframework.web.servlet.mvc.method.annotation.RequestMappingHandlerAdapter.invokeHandlerMethod(RequestMappingHandlerAdapter.java:991)
	at org.springframework.web.servlet.mvc.method.annotation.RequestMappingHandlerAdapter.handleInternal(RequestMappingHandlerAdapter.java:896)
	at org.springframework.web.servlet.mvc.method.AbstractHandlerMethodAdapter.handle(AbstractHandlerMethodAdapter.java:87)
	at org.springframework.web.servlet.DispatcherServlet.doDispatch(DispatcherServlet.java:1089)
	at org.springframework.web.servlet.DispatcherServlet.doService(DispatcherServlet.java:979)
	at org.springframework.web.servlet.FrameworkServlet.processRequest(FrameworkServlet.java:1014)
	at org.springframework.web.servlet.FrameworkServlet.doGet(FrameworkServlet.java:903)
	at jakarta.servlet.http.HttpServlet.service(HttpServlet.java:564)
	at org.springframework.web.servlet.FrameworkServlet.service(FrameworkServlet.java:885)
	at jakarta.servlet.http.HttpServlet.service(HttpServlet.java:658)
	at org.apache.catalina.core.ApplicationFilterChain.internalDoFilter(ApplicationFilterChain.java:195)
	at org.apache.catalina.core.ApplicationFilterChain.doFilter(ApplicationFilterChain.java:140)
	at org.apache.tomcat.websocket.server.WsFilter.doFilter(WsFilter.java:51)
	at org.apache.catalina.core.ApplicationFilterChain.internalDoFilter(ApplicationFilterChain.java:164)
	at org.apache.catalina.core.ApplicationFilterChain.doFilter(ApplicationFilterChain.java:140)
	at org.springframework.web.filter.RequestContextFilter.doFilterInternal(RequestContextFilter.java:100)
	at org.springframework.web.filter.OncePerRequestFilter.doFilter(OncePerRequestFilter.java:116)
	at org.apache.catalina.core.ApplicationFilterChain.internalDoFilter(ApplicationFilterChain.java:164)
	at org.apache.catalina.core.ApplicationFilterChain.doFilter(ApplicationFilterChain.java:140)
	at org.springframework.web.filter.FormContentFilter.doFilterInternal(FormContentFilter.java:93)
	at org.springframework.web.filter.OncePerRequestFilter.doFilter(OncePerRequestFilter.java:116)
	at org.apache.catalina.core.ApplicationFilterChain.internalDoFilter(ApplicationFilterChain.java:164)
	at org.apache.catalina.core.ApplicationFilterChain.doFilter(ApplicationFilterChain.java:140)
	at org.springframework.web.filter.CharacterEncodingFilter.doFilterInternal(CharacterEncodingFilter.java:201)
	at org.springframework.web.filter.OncePerRequestFilter.doFilter(OncePerRequestFilter.java:116)
	at org.apache.catalina.core.ApplicationFilterChain.internalDoFilter(ApplicationFilterChain.java:164)
	at org.apache.catalina.core.ApplicationFilterChain.doFilter(ApplicationFilterChain.java:140)
	at org.apache.catalina.core.StandardWrapperValve.invoke(StandardWrapperValve.java:167)
	at org.apache.catalina.core.StandardContextValve.invoke(StandardContextValve.java:90)
	at org.apache.catalina.authenticator.AuthenticatorBase.invoke(AuthenticatorBase.java:483)
	at org.apache.catalina.core.StandardHostValve.invoke(StandardHostValve.java:116)
	at org.apache.catalina.valves.ErrorReportValve.invoke(ErrorReportValve.java:93)
	at org.apache.catalina.core.StandardEngineValve.invoke(StandardEngineValve.java:74)
	at org.apache.catalina.connector.CoyoteAdapter.service(CoyoteAdapter.java:344)
	at org.apache.coyote.http11.Http11Processor.service(Http11Processor.java:398)
	at org.apache.coyote.AbstractProcessorLight.process(AbstractProcessorLight.java:63)
	at org.apache.coyote.AbstractProtocol$ConnectionHandler.process(AbstractProtocol.java:903)
	at org.apache.tomcat.util.net.NioEndpoint$SocketProcessor.doRun(NioEndpoint.java:1769)
	at org.apache.tomcat.util.net.SocketProcessorBase.run(SocketProcessorBase.java:52)
	at org.apache.tomcat.util.threads.ThreadPoolExecutor.runWorker(ThreadPoolExecutor.java:1189)
	at org.apache.tomcat.util.threads.ThreadPoolExecutor$Worker.run(ThreadPoolExecutor.java:658)
	at org.apache.tomcat.util.threads.TaskThread$WrappingRunnable.run(TaskThread.java:63)
	at java.base/java.lang.Thread.run(Thread.java:1583)
25-09-29 22:58:00.245 [http-nio-8080-exec-10] INFO  c.v.vatManager.utils.PageableUtils - null : This is the sortDirection received in the pageableUtils method. 
25-09-29 22:58:26.080 [http-nio-8080-exec-2] INFO  c.v.vatManager.utils.PageableUtils - null : This is the sortDirection received in the pageableUtils method. 
25-09-29 22:58:26.083 [http-nio-8080-exec-2] ERROR o.a.c.c.C.[.[.[.[dispatcherServlet] - Servlet.service() for servlet [dispatcherServlet] in context with path [] threw exception [Request processing failed: org.springframework.dao.InvalidDataAccessApiUsageException: Sort expression '""direction="": ASC' must only contain property references or aliases used in the select clause; If you really want to use something other than that for sorting, please use JpaSort.unsafe(…)] with root cause 
org.springframework.dao.InvalidDataAccessApiUsageException: Sort expression '""direction="": ASC' must only contain property references or aliases used in the select clause; If you really want to use something other than that for sorting, please use JpaSort.unsafe(…)
	at org.springframework.data.jpa.repository.query.QueryUtils.checkSortExpression(QueryUtils.java:931)
	at org.springframework.data.jpa.repository.query.QueryUtils.getOrderClause(QueryUtils.java:335)
	at org.springframework.data.jpa.repository.query.QueryUtils.lambda$1(QueryUtils.java:284)
	at java.base/java.util.stream.ReferencePipeline$3$1.accept(ReferencePipeline.java:197)
	at java.base/java.util.ArrayList$Itr.forEachRemaining(ArrayList.java:1085)
	at java.base/java.util.Spliterators$IteratorSpliterator.forEachRemaining(Spliterators.java:1939)
	at java.base/java.util.stream.AbstractPipeline.copyInto(AbstractPipeline.java:509)
	at java.base/java.util.stream.AbstractPipeline.wrapAndCopyInto(AbstractPipeline.java:499)
	at java.base/java.util.stream.ReduceOps$ReduceOp.evaluateSequential(ReduceOps.java:921)
	at java.base/java.util.stream.AbstractPipeline.evaluate(AbstractPipeline.java:234)
	at java.base/java.util.stream.ReferencePipeline.collect(ReferencePipeline.java:682)
	at org.springframework.data.jpa.repository.query.QueryUtils.applySorting(QueryUtils.java:285)
	at org.springframework.data.jpa.repository.query.DefaultQueryEnhancer.rewrite(DefaultQueryEnhancer.java:57)
	at org.springframework.data.jpa.repository.query.AbstractStringBasedJpaQuery.applySorting(AbstractStringBasedJpaQuery.java:259)
	at org.springframework.util.ConcurrentLruCache.get(ConcurrentLruCache.java:103)
	at org.springframework.data.jpa.repository.query.AbstractStringBasedJpaQuery$CachingQuerySortRewriter.getSorted(AbstractStringBasedJpaQuery.java:325)
	at org.springframework.data.jpa.repository.query.AbstractStringBasedJpaQuery.getSortedQueryString(AbstractStringBasedJpaQuery.java:173)
	at org.springframework.data.jpa.repository.query.AbstractStringBasedJpaQuery.doCreateQuery(AbstractStringBasedJpaQuery.java:128)
	at org.springframework.data.jpa.repository.query.AbstractJpaQuery.createQuery(AbstractJpaQuery.java:251)
	at org.springframework.data.jpa.repository.query.JpaQueryExecution$PagedExecution.doExecute(JpaQueryExecution.java:203)
	at org.springframework.data.jpa.repository.query.JpaQueryExecution.execute(JpaQueryExecution.java:93)
	at org.springframework.data.jpa.repository.query.AbstractJpaQuery.doExecute(AbstractJpaQuery.java:160)
	at org.springframework.data.jpa.repository.query.AbstractJpaQuery.execute(AbstractJpaQuery.java:148)
	at org.springframework.data.repository.core.support.RepositoryMethodInvoker.doInvoke(RepositoryMethodInvoker.java:170)
	at org.springframework.data.repository.core.support.RepositoryMethodInvoker.invoke(RepositoryMethodInvoker.java:158)
	at org.springframework.data.repository.core.support.QueryExecutorMethodInterceptor.doInvoke(QueryExecutorMethodInterceptor.java:170)
	at org.springframework.data.repository.core.support.QueryExecutorMethodInterceptor.invoke(QueryExecutorMethodInterceptor.java:149)
	at org.springframework.aop.framework.ReflectiveMethodInvocation.proceed(ReflectiveMethodInvocation.java:184)
	at org.springframework.data.projection.DefaultMethodInvokingMethodInterceptor.invoke(DefaultMethodInvokingMethodInterceptor.java:69)
	at org.springframework.aop.framework.ReflectiveMethodInvocation.proceed(ReflectiveMethodInvocation.java:184)
	at org.springframework.transaction.interceptor.TransactionAspectSupport.invokeWithinTransaction(TransactionAspectSupport.java:380)
	at org.springframework.transaction.interceptor.TransactionInterceptor.invoke(TransactionInterceptor.java:119)
	at org.springframework.aop.framework.ReflectiveMethodInvocation.proceed(ReflectiveMethodInvocation.java:184)
	at org.springframework.dao.support.PersistenceExceptionTranslationInterceptor.invoke(PersistenceExceptionTranslationInterceptor.java:138)
	at org.springframework.aop.framework.ReflectiveMethodInvocation.proceed(ReflectiveMethodInvocation.java:184)
	at org.springframework.data.jpa.repository.support.CrudMethodMetadataPostProcessor$CrudMethodMetadataPopulatingMethodInterceptor.invoke(CrudMethodMetadataPostProcessor.java:136)
	at org.springframework.aop.framework.ReflectiveMethodInvocation.proceed(ReflectiveMethodInvocation.java:184)
	at org.springframework.aop.framework.JdkDynamicAopProxy.invoke(JdkDynamicAopProxy.java:223)
	at jdk.proxy4/jdk.proxy4.$Proxy130.searchByQuery(Unknown Source)
	at com.vatManager.vatManager.service.ClientServiceImpl.searchClient(ClientServiceImpl.java:106)
	at com.vatManager.vatManager.controller.ClientController.searchClientsByQuery(ClientController.java:132)
	at java.base/jdk.internal.reflect.DirectMethodHandleAccessor.invoke(DirectMethodHandleAccessor.java:103)
	at java.base/java.lang.reflect.Method.invoke(Method.java:580)
	at org.springframework.web.method.support.InvocableHandlerMethod.doInvoke(InvocableHandlerMethod.java:258)
	at org.springframework.web.method.support.InvocableHandlerMethod.invokeForRequest(InvocableHandlerMethod.java:191)
	at org.springframework.web.servlet.mvc.method.annotation.ServletInvocableHandlerMethod.invokeAndHandle(ServletInvocableHandlerMethod.java:118)
	at org.springframework.web.servlet.mvc.method.annotation.RequestMappingHandlerAdapter.invokeHandlerMethod(RequestMappingHandlerAdapter.java:991)
	at org.springframework.web.servlet.mvc.method.annotation.RequestMappingHandlerAdapter.handleInternal(RequestMappingHandlerAdapter.java:896)
	at org.springframework.web.servlet.mvc.method.AbstractHandlerMethodAdapter.handle(AbstractHandlerMethodAdapter.java:87)
	at org.springframework.web.servlet.DispatcherServlet.doDispatch(DispatcherServlet.java:1089)
	at org.springframework.web.servlet.DispatcherServlet.doService(DispatcherServlet.java:979)
	at org.springframework.web.servlet.FrameworkServlet.processRequest(FrameworkServlet.java:1014)
	at org.springframework.web.servlet.FrameworkServlet.doGet(FrameworkServlet.java:903)
	at jakarta.servlet.http.HttpServlet.service(HttpServlet.java:564)
	at org.springframework.web.servlet.FrameworkServlet.service(FrameworkServlet.java:885)
	at jakarta.servlet.http.HttpServlet.service(HttpServlet.java:658)
	at org.apache.catalina.core.ApplicationFilterChain.internalDoFilter(ApplicationFilterChain.java:195)
	at org.apache.catalina.core.ApplicationFilterChain.doFilter(ApplicationFilterChain.java:140)
	at org.apache.tomcat.websocket.server.WsFilter.doFilter(WsFilter.java:51)
	at org.apache.catalina.core.ApplicationFilterChain.internalDoFilter(ApplicationFilterChain.java:164)
	at org.apache.catalina.core.ApplicationFilterChain.doFilter(ApplicationFilterChain.java:140)
	at org.springframework.web.filter.RequestContextFilter.doFilterInternal(RequestContextFilter.java:100)
	at org.springframework.web.filter.OncePerRequestFilter.doFilter(OncePerRequestFilter.java:116)
	at org.apache.catalina.core.ApplicationFilterChain.internalDoFilter(ApplicationFilterChain.java:164)
	at org.apache.catalina.core.ApplicationFilterChain.doFilter(ApplicationFilterChain.java:140)
	at org.springframework.web.filter.FormContentFilter.doFilterInternal(FormContentFilter.java:93)
	at org.springframework.web.filter.OncePerRequestFilter.doFilter(OncePerRequestFilter.java:116)
	at org.apache.catalina.core.ApplicationFilterChain.internalDoFilter(ApplicationFilterChain.java:164)
	at org.apache.catalina.core.ApplicationFilterChain.doFilter(ApplicationFilterChain.java:140)
	at org.springframework.web.filter.CharacterEncodingFilter.doFilterInternal(CharacterEncodingFilter.java:201)
	at org.springframework.web.filter.OncePerRequestFilter.doFilter(OncePerRequestFilter.java:116)
	at org.apache.catalina.core.ApplicationFilterChain.internalDoFilter(ApplicationFilterChain.java:164)
	at org.apache.catalina.core.ApplicationFilterChain.doFilter(ApplicationFilterChain.java:140)
	at org.apache.catalina.core.StandardWrapperValve.invoke(StandardWrapperValve.java:167)
	at org.apache.catalina.core.StandardContextValve.invoke(StandardContextValve.java:90)
	at org.apache.catalina.authenticator.AuthenticatorBase.invoke(AuthenticatorBase.java:483)
	at org.apache.catalina.core.StandardHostValve.invoke(StandardHostValve.java:116)
	at org.apache.catalina.valves.ErrorReportValve.invoke(ErrorReportValve.java:93)
	at org.apache.catalina.core.StandardEngineValve.invoke(StandardEngineValve.java:74)
	at org.apache.catalina.connector.CoyoteAdapter.service(CoyoteAdapter.java:344)
	at org.apache.coyote.http11.Http11Processor.service(Http11Processor.java:398)
	at org.apache.coyote.AbstractProcessorLight.process(AbstractProcessorLight.java:63)
	at org.apache.coyote.AbstractProtocol$ConnectionHandler.process(AbstractProtocol.java:903)
	at org.apache.tomcat.util.net.NioEndpoint$SocketProcessor.doRun(NioEndpoint.java:1769)
	at org.apache.tomcat.util.net.SocketProcessorBase.run(SocketProcessorBase.java:52)
	at org.apache.tomcat.util.threads.ThreadPoolExecutor.runWorker(ThreadPoolExecutor.java:1189)
	at org.apache.tomcat.util.threads.ThreadPoolExecutor$Worker.run(ThreadPoolExecutor.java:658)
	at org.apache.tomcat.util.threads.TaskThread$WrappingRunnable.run(TaskThread.java:63)
	at java.base/java.lang.Thread.run(Thread.java:1583)
25-09-29 22:58:46.339 [http-nio-8080-exec-4] INFO  c.v.vatManager.utils.PageableUtils - null : This is the sortDirection received in the pageableUtils method. 
25-09-29 22:58:46.340 [http-nio-8080-exec-4] ERROR o.a.c.c.C.[.[.[.[dispatcherServlet] - Servlet.service() for servlet [dispatcherServlet] in context with path [] threw exception [Request processing failed: org.springframework.dao.InvalidDataAccessApiUsageException: Sort expression '"id"direction="asc": ASC' must only contain property references or aliases used in the select clause; If you really want to use something other than that for sorting, please use JpaSort.unsafe(…)] with root cause 
org.springframework.dao.InvalidDataAccessApiUsageException: Sort expression '"id"direction="asc": ASC' must only contain property references or aliases used in the select clause; If you really want to use something other than that for sorting, please use JpaSort.unsafe(…)
	at org.springframework.data.jpa.repository.query.QueryUtils.checkSortExpression(QueryUtils.java:931)
	at org.springframework.data.jpa.repository.query.QueryUtils.getOrderClause(QueryUtils.java:335)
	at org.springframework.data.jpa.repository.query.QueryUtils.lambda$1(QueryUtils.java:284)
	at java.base/java.util.stream.ReferencePipeline$3$1.accept(ReferencePipeline.java:197)
	at java.base/java.util.ArrayList$Itr.forEachRemaining(ArrayList.java:1085)
	at java.base/java.util.Spliterators$IteratorSpliterator.forEachRemaining(Spliterators.java:1939)
	at java.base/java.util.stream.AbstractPipeline.copyInto(AbstractPipeline.java:509)
	at java.base/java.util.stream.AbstractPipeline.wrapAndCopyInto(AbstractPipeline.java:499)
	at java.base/java.util.stream.ReduceOps$ReduceOp.evaluateSequential(ReduceOps.java:921)
	at java.base/java.util.stream.AbstractPipeline.evaluate(AbstractPipeline.java:234)
	at java.base/java.util.stream.ReferencePipeline.collect(ReferencePipeline.java:682)
	at org.springframework.data.jpa.repository.query.QueryUtils.applySorting(QueryUtils.java:285)
	at org.springframework.data.jpa.repository.query.DefaultQueryEnhancer.rewrite(DefaultQueryEnhancer.java:57)
	at org.springframework.data.jpa.repository.query.AbstractStringBasedJpaQuery.applySorting(AbstractStringBasedJpaQuery.java:259)
	at org.springframework.util.ConcurrentLruCache.get(ConcurrentLruCache.java:103)
	at org.springframework.data.jpa.repository.query.AbstractStringBasedJpaQuery$CachingQuerySortRewriter.getSorted(AbstractStringBasedJpaQuery.java:325)
	at org.springframework.data.jpa.repository.query.AbstractStringBasedJpaQuery.getSortedQueryString(AbstractStringBasedJpaQuery.java:173)
	at org.springframework.data.jpa.repository.query.AbstractStringBasedJpaQuery.doCreateQuery(AbstractStringBasedJpaQuery.java:128)
	at org.springframework.data.jpa.repository.query.AbstractJpaQuery.createQuery(AbstractJpaQuery.java:251)
	at org.springframework.data.jpa.repository.query.JpaQueryExecution$PagedExecution.doExecute(JpaQueryExecution.java:203)
	at org.springframework.data.jpa.repository.query.JpaQueryExecution.execute(JpaQueryExecution.java:93)
	at org.springframework.data.jpa.repository.query.AbstractJpaQuery.doExecute(AbstractJpaQuery.java:160)
	at org.springframework.data.jpa.repository.query.AbstractJpaQuery.execute(AbstractJpaQuery.java:148)
	at org.springframework.data.repository.core.support.RepositoryMethodInvoker.doInvoke(RepositoryMethodInvoker.java:170)
	at org.springframework.data.repository.core.support.RepositoryMethodInvoker.invoke(RepositoryMethodInvoker.java:158)
	at org.springframework.data.repository.core.support.QueryExecutorMethodInterceptor.doInvoke(QueryExecutorMethodInterceptor.java:170)
	at org.springframework.data.repository.core.support.QueryExecutorMethodInterceptor.invoke(QueryExecutorMethodInterceptor.java:149)
	at org.springframework.aop.framework.ReflectiveMethodInvocation.proceed(ReflectiveMethodInvocation.java:184)
	at org.springframework.data.projection.DefaultMethodInvokingMethodInterceptor.invoke(DefaultMethodInvokingMethodInterceptor.java:69)
	at org.springframework.aop.framework.ReflectiveMethodInvocation.proceed(ReflectiveMethodInvocation.java:184)
	at org.springframework.transaction.interceptor.TransactionAspectSupport.invokeWithinTransaction(TransactionAspectSupport.java:380)
	at org.springframework.transaction.interceptor.TransactionInterceptor.invoke(TransactionInterceptor.java:119)
	at org.springframework.aop.framework.ReflectiveMethodInvocation.proceed(ReflectiveMethodInvocation.java:184)
	at org.springframework.dao.support.PersistenceExceptionTranslationInterceptor.invoke(PersistenceExceptionTranslationInterceptor.java:138)
	at org.springframework.aop.framework.ReflectiveMethodInvocation.proceed(ReflectiveMethodInvocation.java:184)
	at org.springframework.data.jpa.repository.support.CrudMethodMetadataPostProcessor$CrudMethodMetadataPopulatingMethodInterceptor.invoke(CrudMethodMetadataPostProcessor.java:136)
	at org.springframework.aop.framework.ReflectiveMethodInvocation.proceed(ReflectiveMethodInvocation.java:184)
	at org.springframework.aop.framework.JdkDynamicAopProxy.invoke(JdkDynamicAopProxy.java:223)
	at jdk.proxy4/jdk.proxy4.$Proxy130.searchByQuery(Unknown Source)
	at com.vatManager.vatManager.service.ClientServiceImpl.searchClient(ClientServiceImpl.java:106)
	at com.vatManager.vatManager.controller.ClientController.searchClientsByQuery(ClientController.java:132)
	at java.base/jdk.internal.reflect.DirectMethodHandleAccessor.invoke(DirectMethodHandleAccessor.java:103)
	at java.base/java.lang.reflect.Method.invoke(Method.java:580)
	at org.springframework.web.method.support.InvocableHandlerMethod.doInvoke(InvocableHandlerMethod.java:258)
	at org.springframework.web.method.support.InvocableHandlerMethod.invokeForRequest(InvocableHandlerMethod.java:191)
	at org.springframework.web.servlet.mvc.method.annotation.ServletInvocableHandlerMethod.invokeAndHandle(ServletInvocableHandlerMethod.java:118)
	at org.springframework.web.servlet.mvc.method.annotation.RequestMappingHandlerAdapter.invokeHandlerMethod(RequestMappingHandlerAdapter.java:991)
	at org.springframework.web.servlet.mvc.method.annotation.RequestMappingHandlerAdapter.handleInternal(RequestMappingHandlerAdapter.java:896)
	at org.springframework.web.servlet.mvc.method.AbstractHandlerMethodAdapter.handle(AbstractHandlerMethodAdapter.java:87)
	at org.springframework.web.servlet.DispatcherServlet.doDispatch(DispatcherServlet.java:1089)
	at org.springframework.web.servlet.DispatcherServlet.doService(DispatcherServlet.java:979)
	at org.springframework.web.servlet.FrameworkServlet.processRequest(FrameworkServlet.java:1014)
	at org.springframework.web.servlet.FrameworkServlet.doGet(FrameworkServlet.java:903)
	at jakarta.servlet.http.HttpServlet.service(HttpServlet.java:564)
	at org.springframework.web.servlet.FrameworkServlet.service(FrameworkServlet.java:885)
	at jakarta.servlet.http.HttpServlet.service(HttpServlet.java:658)
	at org.apache.catalina.core.ApplicationFilterChain.internalDoFilter(ApplicationFilterChain.java:195)
	at org.apache.catalina.core.ApplicationFilterChain.doFilter(ApplicationFilterChain.java:140)
	at org.apache.tomcat.websocket.server.WsFilter.doFilter(WsFilter.java:51)
	at org.apache.catalina.core.ApplicationFilterChain.internalDoFilter(ApplicationFilterChain.java:164)
	at org.apache.catalina.core.ApplicationFilterChain.doFilter(ApplicationFilterChain.java:140)
	at org.springframework.web.filter.RequestContextFilter.doFilterInternal(RequestContextFilter.java:100)
	at org.springframework.web.filter.OncePerRequestFilter.doFilter(OncePerRequestFilter.java:116)
	at org.apache.catalina.core.ApplicationFilterChain.internalDoFilter(ApplicationFilterChain.java:164)
	at org.apache.catalina.core.ApplicationFilterChain.doFilter(ApplicationFilterChain.java:140)
	at org.springframework.web.filter.FormContentFilter.doFilterInternal(FormContentFilter.java:93)
	at org.springframework.web.filter.OncePerRequestFilter.doFilter(OncePerRequestFilter.java:116)
	at org.apache.catalina.core.ApplicationFilterChain.internalDoFilter(ApplicationFilterChain.java:164)
	at org.apache.catalina.core.ApplicationFilterChain.doFilter(ApplicationFilterChain.java:140)
	at org.springframework.web.filter.CharacterEncodingFilter.doFilterInternal(CharacterEncodingFilter.java:201)
	at org.springframework.web.filter.OncePerRequestFilter.doFilter(OncePerRequestFilter.java:116)
	at org.apache.catalina.core.ApplicationFilterChain.internalDoFilter(ApplicationFilterChain.java:164)
	at org.apache.catalina.core.ApplicationFilterChain.doFilter(ApplicationFilterChain.java:140)
	at org.apache.catalina.core.StandardWrapperValve.invoke(StandardWrapperValve.java:167)
	at org.apache.catalina.core.StandardContextValve.invoke(StandardContextValve.java:90)
	at org.apache.catalina.authenticator.AuthenticatorBase.invoke(AuthenticatorBase.java:483)
	at org.apache.catalina.core.StandardHostValve.invoke(StandardHostValve.java:116)
	at org.apache.catalina.valves.ErrorReportValve.invoke(ErrorReportValve.java:93)
	at org.apache.catalina.core.StandardEngineValve.invoke(StandardEngineValve.java:74)
	at org.apache.catalina.connector.CoyoteAdapter.service(CoyoteAdapter.java:344)
	at org.apache.coyote.http11.Http11Processor.service(Http11Processor.java:398)
	at org.apache.coyote.AbstractProcessorLight.process(AbstractProcessorLight.java:63)
	at org.apache.coyote.AbstractProtocol$ConnectionHandler.process(AbstractProtocol.java:903)
	at org.apache.tomcat.util.net.NioEndpoint$SocketProcessor.doRun(NioEndpoint.java:1769)
	at org.apache.tomcat.util.net.SocketProcessorBase.run(SocketProcessorBase.java:52)
	at org.apache.tomcat.util.threads.ThreadPoolExecutor.runWorker(ThreadPoolExecutor.java:1189)
	at org.apache.tomcat.util.threads.ThreadPoolExecutor$Worker.run(ThreadPoolExecutor.java:658)
	at org.apache.tomcat.util.threads.TaskThread$WrappingRunnable.run(TaskThread.java:63)
	at java.base/java.lang.Thread.run(Thread.java:1583)
25-09-29 22:58:57.909 [http-nio-8080-exec-6] INFO  c.v.vatManager.utils.PageableUtils - null : This is the sortDirection received in the pageableUtils method. 
25-09-29 22:58:57.910 [http-nio-8080-exec-6] ERROR o.a.c.c.C.[.[.[.[dispatcherServlet] - Servlet.service() for servlet [dispatcherServlet] in context with path [] threw exception [Request processing failed: org.springframework.dao.InvalidDataAccessApiUsageException: Sort expression '"id"direction="ascending": ASC' must only contain property references or aliases used in the select clause; If you really want to use something other than that for sorting, please use JpaSort.unsafe(…)] with root cause 
org.springframework.dao.InvalidDataAccessApiUsageException: Sort expression '"id"direction="ascending": ASC' must only contain property references or aliases used in the select clause; If you really want to use something other than that for sorting, please use JpaSort.unsafe(…)
	at org.springframework.data.jpa.repository.query.QueryUtils.checkSortExpression(QueryUtils.java:931)
	at org.springframework.data.jpa.repository.query.QueryUtils.getOrderClause(QueryUtils.java:335)
	at org.springframework.data.jpa.repository.query.QueryUtils.lambda$1(QueryUtils.java:284)
	at java.base/java.util.stream.ReferencePipeline$3$1.accept(ReferencePipeline.java:197)
	at java.base/java.util.ArrayList$Itr.forEachRemaining(ArrayList.java:1085)
	at java.base/java.util.Spliterators$IteratorSpliterator.forEachRemaining(Spliterators.java:1939)
	at java.base/java.util.stream.AbstractPipeline.copyInto(AbstractPipeline.java:509)
	at java.base/java.util.stream.AbstractPipeline.wrapAndCopyInto(AbstractPipeline.java:499)
	at java.base/java.util.stream.ReduceOps$ReduceOp.evaluateSequential(ReduceOps.java:921)
	at java.base/java.util.stream.AbstractPipeline.evaluate(AbstractPipeline.java:234)
	at java.base/java.util.stream.ReferencePipeline.collect(ReferencePipeline.java:682)
	at org.springframework.data.jpa.repository.query.QueryUtils.applySorting(QueryUtils.java:285)
	at org.springframework.data.jpa.repository.query.DefaultQueryEnhancer.rewrite(DefaultQueryEnhancer.java:57)
	at org.springframework.data.jpa.repository.query.AbstractStringBasedJpaQuery.applySorting(AbstractStringBasedJpaQuery.java:259)
	at org.springframework.util.ConcurrentLruCache.get(ConcurrentLruCache.java:103)
	at org.springframework.data.jpa.repository.query.AbstractStringBasedJpaQuery$CachingQuerySortRewriter.getSorted(AbstractStringBasedJpaQuery.java:325)
	at org.springframework.data.jpa.repository.query.AbstractStringBasedJpaQuery.getSortedQueryString(AbstractStringBasedJpaQuery.java:173)
	at org.springframework.data.jpa.repository.query.AbstractStringBasedJpaQuery.doCreateQuery(AbstractStringBasedJpaQuery.java:128)
	at org.springframework.data.jpa.repository.query.AbstractJpaQuery.createQuery(AbstractJpaQuery.java:251)
	at org.springframework.data.jpa.repository.query.JpaQueryExecution$PagedExecution.doExecute(JpaQueryExecution.java:203)
	at org.springframework.data.jpa.repository.query.JpaQueryExecution.execute(JpaQueryExecution.java:93)
	at org.springframework.data.jpa.repository.query.AbstractJpaQuery.doExecute(AbstractJpaQuery.java:160)
	at org.springframework.data.jpa.repository.query.AbstractJpaQuery.execute(AbstractJpaQuery.java:148)
	at org.springframework.data.repository.core.support.RepositoryMethodInvoker.doInvoke(RepositoryMethodInvoker.java:170)
	at org.springframework.data.repository.core.support.RepositoryMethodInvoker.invoke(RepositoryMethodInvoker.java:158)
	at org.springframework.data.repository.core.support.QueryExecutorMethodInterceptor.doInvoke(QueryExecutorMethodInterceptor.java:170)
	at org.springframework.data.repository.core.support.QueryExecutorMethodInterceptor.invoke(QueryExecutorMethodInterceptor.java:149)
	at org.springframework.aop.framework.ReflectiveMethodInvocation.proceed(ReflectiveMethodInvocation.java:184)
	at org.springframework.data.projection.DefaultMethodInvokingMethodInterceptor.invoke(DefaultMethodInvokingMethodInterceptor.java:69)
	at org.springframework.aop.framework.ReflectiveMethodInvocation.proceed(ReflectiveMethodInvocation.java:184)
	at org.springframework.transaction.interceptor.TransactionAspectSupport.invokeWithinTransaction(TransactionAspectSupport.java:380)
	at org.springframework.transaction.interceptor.TransactionInterceptor.invoke(TransactionInterceptor.java:119)
	at org.springframework.aop.framework.ReflectiveMethodInvocation.proceed(ReflectiveMethodInvocation.java:184)
	at org.springframework.dao.support.PersistenceExceptionTranslationInterceptor.invoke(PersistenceExceptionTranslationInterceptor.java:138)
	at org.springframework.aop.framework.ReflectiveMethodInvocation.proceed(ReflectiveMethodInvocation.java:184)
	at org.springframework.data.jpa.repository.support.CrudMethodMetadataPostProcessor$CrudMethodMetadataPopulatingMethodInterceptor.invoke(CrudMethodMetadataPostProcessor.java:136)
	at org.springframework.aop.framework.ReflectiveMethodInvocation.proceed(ReflectiveMethodInvocation.java:184)
	at org.springframework.aop.framework.JdkDynamicAopProxy.invoke(JdkDynamicAopProxy.java:223)
	at jdk.proxy4/jdk.proxy4.$Proxy130.searchByQuery(Unknown Source)
	at com.vatManager.vatManager.service.ClientServiceImpl.searchClient(ClientServiceImpl.java:106)
	at com.vatManager.vatManager.controller.ClientController.searchClientsByQuery(ClientController.java:132)
	at java.base/jdk.internal.reflect.DirectMethodHandleAccessor.invoke(DirectMethodHandleAccessor.java:103)
	at java.base/java.lang.reflect.Method.invoke(Method.java:580)
	at org.springframework.web.method.support.InvocableHandlerMethod.doInvoke(InvocableHandlerMethod.java:258)
	at org.springframework.web.method.support.InvocableHandlerMethod.invokeForRequest(InvocableHandlerMethod.java:191)
	at org.springframework.web.servlet.mvc.method.annotation.ServletInvocableHandlerMethod.invokeAndHandle(ServletInvocableHandlerMethod.java:118)
	at org.springframework.web.servlet.mvc.method.annotation.RequestMappingHandlerAdapter.invokeHandlerMethod(RequestMappingHandlerAdapter.java:991)
	at org.springframework.web.servlet.mvc.method.annotation.RequestMappingHandlerAdapter.handleInternal(RequestMappingHandlerAdapter.java:896)
	at org.springframework.web.servlet.mvc.method.AbstractHandlerMethodAdapter.handle(AbstractHandlerMethodAdapter.java:87)
	at org.springframework.web.servlet.DispatcherServlet.doDispatch(DispatcherServlet.java:1089)
	at org.springframework.web.servlet.DispatcherServlet.doService(DispatcherServlet.java:979)
	at org.springframework.web.servlet.FrameworkServlet.processRequest(FrameworkServlet.java:1014)
	at org.springframework.web.servlet.FrameworkServlet.doGet(FrameworkServlet.java:903)
	at jakarta.servlet.http.HttpServlet.service(HttpServlet.java:564)
	at org.springframework.web.servlet.FrameworkServlet.service(FrameworkServlet.java:885)
	at jakarta.servlet.http.HttpServlet.service(HttpServlet.java:658)
	at org.apache.catalina.core.ApplicationFilterChain.internalDoFilter(ApplicationFilterChain.java:195)
	at org.apache.catalina.core.ApplicationFilterChain.doFilter(ApplicationFilterChain.java:140)
	at org.apache.tomcat.websocket.server.WsFilter.doFilter(WsFilter.java:51)
	at org.apache.catalina.core.ApplicationFilterChain.internalDoFilter(ApplicationFilterChain.java:164)
	at org.apache.catalina.core.ApplicationFilterChain.doFilter(ApplicationFilterChain.java:140)
	at org.springframework.web.filter.RequestContextFilter.doFilterInternal(RequestContextFilter.java:100)
	at org.springframework.web.filter.OncePerRequestFilter.doFilter(OncePerRequestFilter.java:116)
	at org.apache.catalina.core.ApplicationFilterChain.internalDoFilter(ApplicationFilterChain.java:164)
	at org.apache.catalina.core.ApplicationFilterChain.doFilter(ApplicationFilterChain.java:140)
	at org.springframework.web.filter.FormContentFilter.doFilterInternal(FormContentFilter.java:93)
	at org.springframework.web.filter.OncePerRequestFilter.doFilter(OncePerRequestFilter.java:116)
	at org.apache.catalina.core.ApplicationFilterChain.internalDoFilter(ApplicationFilterChain.java:164)
	at org.apache.catalina.core.ApplicationFilterChain.doFilter(ApplicationFilterChain.java:140)
	at org.springframework.web.filter.CharacterEncodingFilter.doFilterInternal(CharacterEncodingFilter.java:201)
	at org.springframework.web.filter.OncePerRequestFilter.doFilter(OncePerRequestFilter.java:116)
	at org.apache.catalina.core.ApplicationFilterChain.internalDoFilter(ApplicationFilterChain.java:164)
	at org.apache.catalina.core.ApplicationFilterChain.doFilter(ApplicationFilterChain.java:140)
	at org.apache.catalina.core.StandardWrapperValve.invoke(StandardWrapperValve.java:167)
	at org.apache.catalina.core.StandardContextValve.invoke(StandardContextValve.java:90)
	at org.apache.catalina.authenticator.AuthenticatorBase.invoke(AuthenticatorBase.java:483)
	at org.apache.catalina.core.StandardHostValve.invoke(StandardHostValve.java:116)
	at org.apache.catalina.valves.ErrorReportValve.invoke(ErrorReportValve.java:93)
	at org.apache.catalina.core.StandardEngineValve.invoke(StandardEngineValve.java:74)
	at org.apache.catalina.connector.CoyoteAdapter.service(CoyoteAdapter.java:344)
	at org.apache.coyote.http11.Http11Processor.service(Http11Processor.java:398)
	at org.apache.coyote.AbstractProcessorLight.process(AbstractProcessorLight.java:63)
	at org.apache.coyote.AbstractProtocol$ConnectionHandler.process(AbstractProtocol.java:903)
	at org.apache.tomcat.util.net.NioEndpoint$SocketProcessor.doRun(NioEndpoint.java:1769)
	at org.apache.tomcat.util.net.SocketProcessorBase.run(SocketProcessorBase.java:52)
	at org.apache.tomcat.util.threads.ThreadPoolExecutor.runWorker(ThreadPoolExecutor.java:1189)
	at org.apache.tomcat.util.threads.ThreadPoolExecutor$Worker.run(ThreadPoolExecutor.java:658)
	at org.apache.tomcat.util.threads.TaskThread$WrappingRunnable.run(TaskThread.java:63)
	at java.base/java.lang.Thread.run(Thread.java:1583)
25-09-29 22:59:02.359 [http-nio-8080-exec-7] INFO  c.v.vatManager.utils.PageableUtils - "ascending" : This is the sortDirection received in the pageableUtils method. 
25-09-29 22:59:02.359 [http-nio-8080-exec-7] ERROR o.a.c.c.C.[.[.[.[dispatcherServlet] - Servlet.service() for servlet [dispatcherServlet] in context with path [] threw exception [Request processing failed: java.lang.IllegalArgumentException: Invalid Sort Direction] with root cause 
java.lang.IllegalArgumentException: Invalid Sort Direction
	at com.vatManager.vatManager.utils.PageableUtils.createPageable(PageableUtils.java:41)
	at com.vatManager.vatManager.controller.ClientController.searchClientsByQuery(ClientController.java:131)
	at java.base/jdk.internal.reflect.DirectMethodHandleAccessor.invoke(DirectMethodHandleAccessor.java:103)
	at java.base/java.lang.reflect.Method.invoke(Method.java:580)
	at org.springframework.web.method.support.InvocableHandlerMethod.doInvoke(InvocableHandlerMethod.java:258)
	at org.springframework.web.method.support.InvocableHandlerMethod.invokeForRequest(InvocableHandlerMethod.java:191)
	at org.springframework.web.servlet.mvc.method.annotation.ServletInvocableHandlerMethod.invokeAndHandle(ServletInvocableHandlerMethod.java:118)
	at org.springframework.web.servlet.mvc.method.annotation.RequestMappingHandlerAdapter.invokeHandlerMethod(RequestMappingHandlerAdapter.java:991)
	at org.springframework.web.servlet.mvc.method.annotation.RequestMappingHandlerAdapter.handleInternal(RequestMappingHandlerAdapter.java:896)
	at org.springframework.web.servlet.mvc.method.AbstractHandlerMethodAdapter.handle(AbstractHandlerMethodAdapter.java:87)
	at org.springframework.web.servlet.DispatcherServlet.doDispatch(DispatcherServlet.java:1089)
	at org.springframework.web.servlet.DispatcherServlet.doService(DispatcherServlet.java:979)
	at org.springframework.web.servlet.FrameworkServlet.processRequest(FrameworkServlet.java:1014)
	at org.springframework.web.servlet.FrameworkServlet.doGet(FrameworkServlet.java:903)
	at jakarta.servlet.http.HttpServlet.service(HttpServlet.java:564)
	at org.springframework.web.servlet.FrameworkServlet.service(FrameworkServlet.java:885)
	at jakarta.servlet.http.HttpServlet.service(HttpServlet.java:658)
	at org.apache.catalina.core.ApplicationFilterChain.internalDoFilter(ApplicationFilterChain.java:195)
	at org.apache.catalina.core.ApplicationFilterChain.doFilter(ApplicationFilterChain.java:140)
	at org.apache.tomcat.websocket.server.WsFilter.doFilter(WsFilter.java:51)
	at org.apache.catalina.core.ApplicationFilterChain.internalDoFilter(ApplicationFilterChain.java:164)
	at org.apache.catalina.core.ApplicationFilterChain.doFilter(ApplicationFilterChain.java:140)
	at org.springframework.web.filter.RequestContextFilter.doFilterInternal(RequestContextFilter.java:100)
	at org.springframework.web.filter.OncePerRequestFilter.doFilter(OncePerRequestFilter.java:116)
	at org.apache.catalina.core.ApplicationFilterChain.internalDoFilter(ApplicationFilterChain.java:164)
	at org.apache.catalina.core.ApplicationFilterChain.doFilter(ApplicationFilterChain.java:140)
	at org.springframework.web.filter.FormContentFilter.doFilterInternal(FormContentFilter.java:93)
	at org.springframework.web.filter.OncePerRequestFilter.doFilter(OncePerRequestFilter.java:116)
	at org.apache.catalina.core.ApplicationFilterChain.internalDoFilter(ApplicationFilterChain.java:164)
	at org.apache.catalina.core.ApplicationFilterChain.doFilter(ApplicationFilterChain.java:140)
	at org.springframework.web.filter.CharacterEncodingFilter.doFilterInternal(CharacterEncodingFilter.java:201)
	at org.springframework.web.filter.OncePerRequestFilter.doFilter(OncePerRequestFilter.java:116)
	at org.apache.catalina.core.ApplicationFilterChain.internalDoFilter(ApplicationFilterChain.java:164)
	at org.apache.catalina.core.ApplicationFilterChain.doFilter(ApplicationFilterChain.java:140)
	at org.apache.catalina.core.StandardWrapperValve.invoke(StandardWrapperValve.java:167)
	at org.apache.catalina.core.StandardContextValve.invoke(StandardContextValve.java:90)
	at org.apache.catalina.authenticator.AuthenticatorBase.invoke(AuthenticatorBase.java:483)
	at org.apache.catalina.core.StandardHostValve.invoke(StandardHostValve.java:116)
	at org.apache.catalina.valves.ErrorReportValve.invoke(ErrorReportValve.java:93)
	at org.apache.catalina.core.StandardEngineValve.invoke(StandardEngineValve.java:74)
	at org.apache.catalina.connector.CoyoteAdapter.service(CoyoteAdapter.java:344)
	at org.apache.coyote.http11.Http11Processor.service(Http11Processor.java:398)
	at org.apache.coyote.AbstractProcessorLight.process(AbstractProcessorLight.java:63)
	at org.apache.coyote.AbstractProtocol$ConnectionHandler.process(AbstractProtocol.java:903)
	at org.apache.tomcat.util.net.NioEndpoint$SocketProcessor.doRun(NioEndpoint.java:1769)
	at org.apache.tomcat.util.net.SocketProcessorBase.run(SocketProcessorBase.java:52)
	at org.apache.tomcat.util.threads.ThreadPoolExecutor.runWorker(ThreadPoolExecutor.java:1189)
	at org.apache.tomcat.util.threads.ThreadPoolExecutor$Worker.run(ThreadPoolExecutor.java:658)
	at org.apache.tomcat.util.threads.TaskThread$WrappingRunnable.run(TaskThread.java:63)
	at java.base/java.lang.Thread.run(Thread.java:1583)
25-09-29 22:59:18.380 [http-nio-8080-exec-10] INFO  c.v.vatManager.utils.PageableUtils - ascending : This is the sortDirection received in the pageableUtils method. 
25-09-29 22:59:25.873 [http-nio-8080-exec-1] INFO  c.v.vatManager.utils.PageableUtils -  : This is the sortDirection received in the pageableUtils method. 
25-09-29 22:59:30.930 [http-nio-8080-exec-2] INFO  c.v.vatManager.utils.PageableUtils -  : This is the sortDirection received in the pageableUtils method. 
25-09-29 23:00:31.654 [RMI TCP Connection(156)-127.0.0.1] INFO  o.s.b.a.SpringApplicationAdminMXBeanRegistrar$SpringApplicationAdmin - Application shutdown requested. 
25-09-29 23:00:31.657 [RMI TCP Connection(156)-127.0.0.1] INFO  o.s.b.w.e.tomcat.GracefulShutdown - Commencing graceful shutdown. Waiting for active requests to complete 
25-09-29 23:00:31.659 [tomcat-shutdown] INFO  o.a.coyote.http11.Http11NioProtocol - Pausing ProtocolHandler ["http-nio-8080"] 
25-09-29 23:00:31.680 [tomcat-shutdown] INFO  o.s.b.w.e.tomcat.GracefulShutdown - Graceful shutdown complete 
25-09-29 23:00:31.681 [RMI TCP Connection(156)-127.0.0.1] INFO  o.a.coyote.http11.Http11NioProtocol - Stopping ProtocolHandler ["http-nio-8080"] 
25-09-29 23:00:31.686 [RMI TCP Connection(156)-127.0.0.1] INFO  o.s.o.j.LocalContainerEntityManagerFactoryBean - Closing JPA EntityManagerFactory for persistence unit 'default' 
25-09-29 23:00:31.690 [RMI TCP Connection(156)-127.0.0.1] INFO  com.zaxxer.hikari.HikariDataSource - HikariPool-1 - Shutdown initiated... 
25-09-29 23:00:31.692 [RMI TCP Connection(156)-127.0.0.1] INFO  com.zaxxer.hikari.HikariDataSource - HikariPool-1 - Shutdown completed. 
25-09-29 23:00:34.132 [background-preinit] INFO  o.h.validator.internal.util.Version - HV000001: Hibernate Validator 8.0.3.Final 
25-09-29 23:00:34.171 [restartedMain] INFO  c.v.vatManager.VatManagerApplication - Starting VatManagerApplication using Java 21.0.5 with PID 8992 (D:\SpringBoot  Projects\vatManager\target\classes started by neraz in D:\SpringBoot  Projects\vatManager) 
25-09-29 23:00:34.172 [restartedMain] INFO  c.v.vatManager.VatManagerApplication - No active profile set, falling back to 1 default profile: "default" 
25-09-29 23:00:34.210 [restartedMain] INFO  o.s.b.d.e.DevToolsPropertyDefaultsPostProcessor - Devtools property defaults active! Set 'spring.devtools.add-properties' to 'false' to disable 
25-09-29 23:00:34.211 [restartedMain] INFO  o.s.b.d.e.DevToolsPropertyDefaultsPostProcessor - For additional web related logging consider setting the 'logging.level.web' property to 'DEBUG' 
25-09-29 23:00:34.784 [restartedMain] INFO  o.s.d.r.c.RepositoryConfigurationDelegate - Bootstrapping Spring Data JPA repositories in DEFAULT mode. 
25-09-29 23:00:34.830 [restartedMain] INFO  o.s.d.r.c.RepositoryConfigurationDelegate - Finished Spring Data repository scanning in 38 ms. Found 1 JPA repository interface. 
25-09-29 23:00:35.268 [restartedMain] INFO  o.s.b.w.e.tomcat.TomcatWebServer - Tomcat initialized with port 8080 (http) 
25-09-29 23:00:35.277 [restartedMain] INFO  o.a.coyote.http11.Http11NioProtocol - Initializing ProtocolHandler ["http-nio-8080"] 
25-09-29 23:00:35.278 [restartedMain] INFO  o.a.catalina.core.StandardService - Starting service [Tomcat] 
25-09-29 23:00:35.279 [restartedMain] INFO  o.a.catalina.core.StandardEngine - Starting Servlet engine: [Apache Tomcat/10.1.44] 
25-09-29 23:00:35.325 [restartedMain] INFO  o.a.c.c.C.[Tomcat].[localhost].[/] - Initializing Spring embedded WebApplicationContext 
25-09-29 23:00:35.326 [restartedMain] INFO  o.s.b.w.s.c.ServletWebServerApplicationContext - Root WebApplicationContext: initialization completed in 1115 ms 
25-09-29 23:00:35.476 [restartedMain] INFO  o.h.jpa.internal.util.LogHelper - HHH000204: Processing PersistenceUnitInfo [name: default] 
25-09-29 23:00:35.518 [restartedMain] INFO  org.hibernate.Version - HHH000412: Hibernate ORM core version 6.6.26.Final 
25-09-29 23:00:35.545 [restartedMain] INFO  o.h.c.i.RegionFactoryInitiator - HHH000026: Second-level cache disabled 
25-09-29 23:00:35.769 [restartedMain] INFO  o.s.o.j.p.SpringPersistenceUnitInfo - No LoadTimeWeaver setup: ignoring JPA class transformer 
25-09-29 23:00:35.795 [restartedMain] INFO  com.zaxxer.hikari.HikariDataSource - HikariPool-1 - Starting... 
25-09-29 23:00:36.008 [restartedMain] INFO  com.zaxxer.hikari.pool.HikariPool - HikariPool-1 - Added connection org.sqlite.jdbc4.JDBC4Connection@7867fca 
25-09-29 23:00:36.010 [restartedMain] INFO  com.zaxxer.hikari.HikariDataSource - HikariPool-1 - Start completed. 
25-09-29 23:00:36.041 [restartedMain] INFO  o.hibernate.orm.connections.pooling - HHH10001005: Database info:
	Database JDBC URL [Connecting through datasource 'HikariDataSource (HikariPool-1)']
	Database driver: undefined/unknown
	Database version: 3.50.3
	Autocommit mode: undefined/unknown
	Isolation level: undefined/unknown
	Minimum pool size: undefined/unknown
	Maximum pool size: undefined/unknown 
25-09-29 23:00:36.668 [restartedMain] INFO  o.h.e.t.j.p.i.JtaPlatformInitiator - HHH000489: No JTA platform available (set 'hibernate.transaction.jta.platform' to enable JTA platform integration) 
25-09-29 23:00:36.699 [restartedMain] INFO  o.s.o.j.LocalContainerEntityManagerFactoryBean - Initialized JPA EntityManagerFactory for persistence unit 'default' 
25-09-29 23:00:36.916 [restartedMain] INFO  o.s.d.j.r.query.QueryEnhancerFactory - Hibernate is in classpath; If applicable, HQL parser will be used. 
25-09-29 23:00:36.980 [restartedMain] WARN  o.s.b.a.o.j.JpaBaseConfiguration$JpaWebConfiguration - spring.jpa.open-in-view is enabled by default. Therefore, database queries may be performed during view rendering. Explicitly configure spring.jpa.open-in-view to disable this warning 
25-09-29 23:00:37.338 [restartedMain] INFO  o.s.b.d.a.OptionalLiveReloadServer - LiveReload server is running on port 35729 
25-09-29 23:00:37.358 [restartedMain] INFO  o.a.coyote.http11.Http11NioProtocol - Starting ProtocolHandler ["http-nio-8080"] 
25-09-29 23:00:37.376 [restartedMain] INFO  o.s.b.w.e.tomcat.TomcatWebServer - Tomcat started on port 8080 (http) with context path '/' 
25-09-29 23:00:37.383 [restartedMain] INFO  c.v.vatManager.VatManagerApplication - Started VatManagerApplication in 3.492 seconds (process running for 4.307) 
25-09-29 23:00:42.682 [http-nio-8080-exec-1] INFO  o.a.c.c.C.[Tomcat].[localhost].[/] - Initializing Spring DispatcherServlet 'dispatcherServlet' 
25-09-29 23:00:42.682 [http-nio-8080-exec-1] INFO  o.s.web.servlet.DispatcherServlet - Initializing Servlet 'dispatcherServlet' 
25-09-29 23:00:42.683 [http-nio-8080-exec-1] INFO  o.s.web.servlet.DispatcherServlet - Completed initialization in 1 ms 
25-09-29 23:00:42.719 [http-nio-8080-exec-1] INFO  c.v.vatManager.utils.PageableUtils -  : This is the sortDirection received in the pageableUtils method. 
25-09-29 23:01:56.064 [http-nio-8080-exec-6] INFO  c.v.vatManager.utils.PageableUtils -  : This is the sortDirection received in the pageableUtils method. 
25-09-29 23:01:56.064 [http-nio-8080-exec-6] INFO  c.v.v.service.ClientServiceImpl - Getting all the Clients from the Database. 
25-09-29 23:01:58.486 [http-nio-8080-exec-7] INFO  c.v.vatManager.utils.PageableUtils -  : This is the sortDirection received in the pageableUtils method. 
25-09-29 23:01:58.486 [http-nio-8080-exec-7] INFO  c.v.v.service.ClientServiceImpl - Getting all the Clients from the Database. 
25-09-29 23:03:18.617 [http-nio-8080-exec-10] INFO  c.v.vatManager.utils.PageableUtils -  : This is the sortDirection received in the pageableUtils method. 
25-09-29 23:03:18.617 [http-nio-8080-exec-10] INFO  c.v.v.service.ClientServiceImpl - Getting all the Clients from the Database. 
25-09-29 23:03:22.915 [http-nio-8080-exec-2] INFO  c.v.vatManager.utils.PageableUtils -  : This is the sortDirection received in the pageableUtils method. 
25-09-29 23:03:31.331 [http-nio-8080-exec-1] INFO  c.v.vatManager.utils.PageableUtils -  : This is the sortDirection received in the pageableUtils method. 
25-09-29 23:03:36.606 [http-nio-8080-exec-3] INFO  c.v.vatManager.utils.PageableUtils -  : This is the sortDirection received in the pageableUtils method. 
25-09-29 23:03:39.423 [http-nio-8080-exec-4] INFO  c.v.vatManager.utils.PageableUtils -  : This is the sortDirection received in the pageableUtils method. 
25-09-29 23:03:49.789 [http-nio-8080-exec-5] INFO  c.v.vatManager.utils.PageableUtils -  : This is the sortDirection received in the pageableUtils method. 
25-09-29 23:03:59.572 [http-nio-8080-exec-6] INFO  c.v.vatManager.utils.PageableUtils -  : This is the sortDirection received in the pageableUtils method. 
25-09-29 23:04:20.868 [http-nio-8080-exec-7] INFO  c.v.vatManager.utils.PageableUtils -  : This is the sortDirection received in the pageableUtils method. 
25-09-29 23:04:20.868 [http-nio-8080-exec-7] INFO  c.v.v.service.ClientServiceImpl - Getting all the Clients from the Database. 
25-09-29 23:04:22.230 [http-nio-8080-exec-8] INFO  c.v.vatManager.utils.PageableUtils -  : This is the sortDirection received in the pageableUtils method. 
25-09-29 23:04:22.231 [http-nio-8080-exec-8] INFO  c.v.v.service.ClientServiceImpl - Getting all the Clients from the Database. 
25-09-29 23:04:27.713 [http-nio-8080-exec-9] INFO  c.v.vatManager.utils.PageableUtils -  : This is the sortDirection received in the pageableUtils method. 
25-09-29 23:04:27.713 [http-nio-8080-exec-9] INFO  c.v.v.service.ClientServiceImpl - Getting all the Clients from the Database. 
25-09-29 23:04:30.810 [http-nio-8080-exec-10] INFO  c.v.vatManager.utils.PageableUtils -  : This is the sortDirection received in the pageableUtils method. 
25-09-29 23:04:30.810 [http-nio-8080-exec-10] INFO  c.v.v.service.ClientServiceImpl - Getting all the Clients from the Database. 
25-09-29 23:04:59.041 [http-nio-8080-exec-2] INFO  c.v.vatManager.utils.PageableUtils -  : This is the sortDirection received in the pageableUtils method. 
25-09-29 23:04:59.042 [http-nio-8080-exec-2] INFO  c.v.v.service.ClientServiceImpl - Getting all the Clients from the Database. 
25-09-29 23:05:08.779 [http-nio-8080-exec-1] INFO  c.v.vatManager.utils.PageableUtils -  : This is the sortDirection received in the pageableUtils method. 
25-09-29 23:05:08.779 [http-nio-8080-exec-1] INFO  c.v.v.service.ClientServiceImpl - Getting all the Clients from the Database. 
25-09-29 23:05:11.946 [http-nio-8080-exec-3] INFO  c.v.vatManager.utils.PageableUtils -  : This is the sortDirection received in the pageableUtils method. 
25-09-29 23:06:20.463 [http-nio-8080-exec-5] INFO  c.v.vatManager.utils.PageableUtils -  : This is the sortDirection received in the pageableUtils method. 
25-09-29 23:06:20.463 [http-nio-8080-exec-5] INFO  c.v.v.service.ClientServiceImpl - Getting all the Clients from the Database. 
25-09-29 23:06:36.213 [http-nio-8080-exec-6] INFO  c.v.vatManager.utils.PageableUtils -  : This is the sortDirection received in the pageableUtils method. 
25-09-29 23:06:36.214 [http-nio-8080-exec-6] INFO  c.v.v.service.ClientServiceImpl - Getting all the Clients from the Database. 
25-09-29 23:06:42.307 [http-nio-8080-exec-7] INFO  c.v.vatManager.utils.PageableUtils -  : This is the sortDirection received in the pageableUtils method. 
25-09-29 23:06:42.307 [http-nio-8080-exec-7] INFO  c.v.v.service.ClientServiceImpl - Getting all the Clients from the Database. 
25-09-29 23:06:44.502 [http-nio-8080-exec-8] INFO  c.v.vatManager.utils.PageableUtils -  : This is the sortDirection received in the pageableUtils method. 
25-09-29 23:06:44.502 [http-nio-8080-exec-8] INFO  c.v.v.service.ClientServiceImpl - Getting all the Clients from the Database. 
25-09-29 23:06:48.398 [http-nio-8080-exec-9] INFO  c.v.vatManager.utils.PageableUtils -  : This is the sortDirection received in the pageableUtils method. 
25-09-29 23:06:48.399 [http-nio-8080-exec-9] INFO  c.v.v.service.ClientServiceImpl - Getting all the Clients from the Database. 
25-09-29 23:07:38.474 [http-nio-8080-exec-10] INFO  c.v.vatManager.utils.PageableUtils -  : This is the sortDirection received in the pageableUtils method. 
25-09-29 23:07:38.474 [http-nio-8080-exec-10] INFO  c.v.v.service.ClientServiceImpl - Getting all the Clients from the Database. 
25-09-29 23:07:45.201 [http-nio-8080-exec-2] INFO  c.v.vatManager.utils.PageableUtils -  : This is the sortDirection received in the pageableUtils method. 
25-09-29 23:07:45.201 [http-nio-8080-exec-2] INFO  c.v.v.service.ClientServiceImpl - Getting all the Clients from the Database. 
25-09-29 23:08:04.957 [http-nio-8080-exec-1] INFO  c.v.vatManager.utils.PageableUtils -  : This is the sortDirection received in the pageableUtils method. 
25-09-29 23:08:11.750 [http-nio-8080-exec-3] INFO  c.v.vatManager.utils.PageableUtils -  : This is the sortDirection received in the pageableUtils method. 
25-09-29 23:08:15.804 [http-nio-8080-exec-4] INFO  c.v.vatManager.utils.PageableUtils -  : This is the sortDirection received in the pageableUtils method. 
25-09-29 23:08:50.505 [http-nio-8080-exec-5] INFO  c.v.vatManager.utils.PageableUtils -  : This is the sortDirection received in the pageableUtils method. 
25-09-29 23:08:50.505 [http-nio-8080-exec-5] INFO  c.v.v.service.ClientServiceImpl - Getting all the Clients from the Database. 
25-09-29 23:09:03.501 [http-nio-8080-exec-6] INFO  c.v.vatManager.utils.PageableUtils -  : This is the sortDirection received in the pageableUtils method. 
25-09-29 23:09:17.653 [http-nio-8080-exec-7] INFO  c.v.vatManager.utils.PageableUtils -  : This is the sortDirection received in the pageableUtils method. 
25-09-29 23:09:17.654 [http-nio-8080-exec-7] INFO  c.v.v.service.ClientServiceImpl - Getting all the Clients from the Database. 
25-09-29 23:09:23.643 [http-nio-8080-exec-8] INFO  c.v.vatManager.utils.PageableUtils -  : This is the sortDirection received in the pageableUtils method. 
25-09-29 23:09:23.643 [http-nio-8080-exec-8] INFO  c.v.v.service.ClientServiceImpl - Getting all the Clients from the Database. 
25-09-29 23:09:27.273 [http-nio-8080-exec-9] INFO  c.v.vatManager.utils.PageableUtils -  : This is the sortDirection received in the pageableUtils method. 
25-09-29 23:09:51.418 [http-nio-8080-exec-10] INFO  c.v.vatManager.utils.PageableUtils -  : This is the sortDirection received in the pageableUtils method. 
25-09-29 23:09:51.418 [http-nio-8080-exec-10] INFO  c.v.v.service.ClientServiceImpl - Getting all the Clients from the Database. 
25-09-29 23:09:55.557 [http-nio-8080-exec-2] INFO  c.v.vatManager.utils.PageableUtils -  : This is the sortDirection received in the pageableUtils method. 
25-09-29 23:10:22.306 [http-nio-8080-exec-1] INFO  c.v.vatManager.utils.PageableUtils -  : This is the sortDirection received in the pageableUtils method. 
25-09-29 23:10:39.247 [http-nio-8080-exec-3] INFO  c.v.vatManager.utils.PageableUtils -  : This is the sortDirection received in the pageableUtils method. 
25-09-29 23:10:39.247 [http-nio-8080-exec-3] INFO  c.v.v.service.ClientServiceImpl - Getting all the Clients from the Database. 
25-09-29 23:10:46.108 [http-nio-8080-exec-4] INFO  c.v.vatManager.utils.PageableUtils -  : This is the sortDirection received in the pageableUtils method. 
25-09-29 23:11:04.953 [http-nio-8080-exec-5] INFO  c.v.vatManager.utils.PageableUtils -  : This is the sortDirection received in the pageableUtils method. 
25-09-29 23:11:08.863 [http-nio-8080-exec-6] INFO  c.v.vatManager.utils.PageableUtils -  : This is the sortDirection received in the pageableUtils method. 
25-09-29 23:11:13.266 [http-nio-8080-exec-7] INFO  c.v.vatManager.utils.PageableUtils -  : This is the sortDirection received in the pageableUtils method. 
25-09-29 23:11:36.126 [http-nio-8080-exec-8] INFO  c.v.vatManager.utils.PageableUtils -  : This is the sortDirection received in the pageableUtils method. 
25-09-29 23:11:36.127 [http-nio-8080-exec-8] INFO  c.v.v.service.ClientServiceImpl - Getting all the Clients from the Database. 
25-09-29 23:11:41.078 [http-nio-8080-exec-9] INFO  c.v.vatManager.utils.PageableUtils -  : This is the sortDirection received in the pageableUtils method. 
25-09-29 23:11:44.954 [http-nio-8080-exec-10] INFO  c.v.vatManager.utils.PageableUtils -  : This is the sortDirection received in the pageableUtils method. 
25-09-29 23:11:49.145 [http-nio-8080-exec-2] INFO  c.v.vatManager.utils.PageableUtils -  : This is the sortDirection received in the pageableUtils method. 
25-09-29 23:11:53.558 [http-nio-8080-exec-1] INFO  c.v.vatManager.utils.PageableUtils -  : This is the sortDirection received in the pageableUtils method. 
25-09-29 23:11:57.354 [http-nio-8080-exec-3] INFO  c.v.vatManager.utils.PageableUtils -  : This is the sortDirection received in the pageableUtils method. 
25-09-29 23:12:01.761 [http-nio-8080-exec-4] INFO  c.v.vatManager.utils.PageableUtils -  : This is the sortDirection received in the pageableUtils method. 
25-09-29 23:12:35.032 [http-nio-8080-exec-5] INFO  c.v.vatManager.utils.PageableUtils -  : This is the sortDirection received in the pageableUtils method. 
25-09-29 23:12:35.032 [http-nio-8080-exec-5] INFO  c.v.v.service.ClientServiceImpl - Getting all the Clients from the Database. 
25-09-29 23:12:48.720 [http-nio-8080-exec-6] INFO  c.v.vatManager.utils.PageableUtils -  : This is the sortDirection received in the pageableUtils method. 
25-09-29 23:12:48.721 [http-nio-8080-exec-6] INFO  c.v.v.service.ClientServiceImpl - Getting all the Clients from the Database. 
25-09-29 23:12:53.400 [http-nio-8080-exec-7] INFO  c.v.vatManager.utils.PageableUtils -  : This is the sortDirection received in the pageableUtils method. 
25-09-29 23:12:55.929 [http-nio-8080-exec-8] INFO  c.v.vatManager.utils.PageableUtils -  : This is the sortDirection received in the pageableUtils method. 
25-09-29 23:12:58.616 [http-nio-8080-exec-9] INFO  c.v.vatManager.utils.PageableUtils -  : This is the sortDirection received in the pageableUtils method. 
25-09-29 23:13:01.793 [http-nio-8080-exec-10] INFO  c.v.vatManager.utils.PageableUtils -  : This is the sortDirection received in the pageableUtils method. 
25-09-29 23:13:17.247 [http-nio-8080-exec-2] INFO  c.v.vatManager.utils.PageableUtils -  : This is the sortDirection received in the pageableUtils method. 
25-09-29 23:13:17.247 [http-nio-8080-exec-2] INFO  c.v.v.service.ClientServiceImpl - Getting all the Clients from the Database. 
25-09-29 23:13:38.639 [http-nio-8080-exec-1] INFO  c.v.vatManager.utils.PageableUtils -  : This is the sortDirection received in the pageableUtils method. 
25-09-29 23:13:38.639 [http-nio-8080-exec-1] INFO  c.v.v.service.ClientServiceImpl - Getting all the Clients from the Database. 
25-09-29 23:13:43.795 [http-nio-8080-exec-3] INFO  c.v.vatManager.utils.PageableUtils -  : This is the sortDirection received in the pageableUtils method. 
25-09-29 23:13:43.795 [http-nio-8080-exec-3] INFO  c.v.v.service.ClientServiceImpl - Getting all the Clients from the Database. 
25-09-29 23:14:11.722 [http-nio-8080-exec-4] INFO  c.v.vatManager.utils.PageableUtils -  : This is the sortDirection received in the pageableUtils method. 
25-09-29 23:14:43.988 [http-nio-8080-exec-5] INFO  c.v.vatManager.utils.PageableUtils -  : This is the sortDirection received in the pageableUtils method. 
25-09-29 23:14:43.988 [http-nio-8080-exec-5] INFO  c.v.v.service.ClientServiceImpl - Getting all the Clients from the Database. 
25-09-29 23:15:48.215 [http-nio-8080-exec-7] INFO  c.v.vatManager.utils.PageableUtils -  : This is the sortDirection received in the pageableUtils method. 
25-09-29 23:17:35.457 [http-nio-8080-exec-9] INFO  c.v.vatManager.utils.PageableUtils -  : This is the sortDirection received in the pageableUtils method. 
25-09-29 23:17:35.458 [http-nio-8080-exec-9] INFO  c.v.v.service.ClientServiceImpl - Getting all the Clients from the Database. 
25-09-29 23:17:35.469 [http-nio-8080-exec-10] INFO  c.v.vatManager.utils.PageableUtils -  : This is the sortDirection received in the pageableUtils method. 
25-09-29 23:17:51.545 [http-nio-8080-exec-2] INFO  c.v.vatManager.utils.PageableUtils -  : This is the sortDirection received in the pageableUtils method. 
25-09-29 23:17:55.642 [http-nio-8080-exec-1] INFO  c.v.vatManager.utils.PageableUtils -  : This is the sortDirection received in the pageableUtils method. 
25-09-29 23:18:00.256 [http-nio-8080-exec-3] INFO  c.v.vatManager.utils.PageableUtils -  : This is the sortDirection received in the pageableUtils method. 
25-09-29 23:18:00.256 [http-nio-8080-exec-3] INFO  c.v.v.service.ClientServiceImpl - Getting all the Clients from the Database. 
25-09-29 23:18:00.258 [http-nio-8080-exec-4] INFO  c.v.vatManager.utils.PageableUtils -  : This is the sortDirection received in the pageableUtils method. 
25-09-29 23:18:04.440 [http-nio-8080-exec-5] INFO  c.v.vatManager.utils.PageableUtils -  : This is the sortDirection received in the pageableUtils method. 
25-09-29 23:18:04.440 [http-nio-8080-exec-5] INFO  c.v.v.service.ClientServiceImpl - Getting all the Clients from the Database. 
25-09-29 23:18:09.039 [http-nio-8080-exec-6] INFO  c.v.vatManager.utils.PageableUtils -  : This is the sortDirection received in the pageableUtils method. 
25-09-29 23:18:11.967 [http-nio-8080-exec-7] INFO  c.v.vatManager.utils.PageableUtils -  : This is the sortDirection received in the pageableUtils method. 
25-09-29 23:19:27.073 [http-nio-8080-exec-10] INFO  c.v.vatManager.utils.PageableUtils -  : This is the sortDirection received in the pageableUtils method. 
25-09-29 23:19:27.073 [http-nio-8080-exec-10] INFO  c.v.v.service.ClientServiceImpl - Getting all the Clients from the Database. 
25-09-29 23:19:37.400 [http-nio-8080-exec-2] INFO  c.v.vatManager.utils.PageableUtils -  : This is the sortDirection received in the pageableUtils method. 
25-09-29 23:19:37.400 [http-nio-8080-exec-2] INFO  c.v.v.service.ClientServiceImpl - Getting all the Clients from the Database. 
25-09-29 23:19:49.856 [http-nio-8080-exec-1] INFO  c.v.vatManager.utils.PageableUtils -  : This is the sortDirection received in the pageableUtils method. 
25-09-29 23:19:49.856 [http-nio-8080-exec-1] INFO  c.v.v.service.ClientServiceImpl - Getting all the Clients from the Database. 
25-09-29 23:19:54.497 [http-nio-8080-exec-3] INFO  c.v.vatManager.utils.PageableUtils -  : This is the sortDirection received in the pageableUtils method. 
25-09-29 23:19:57.289 [http-nio-8080-exec-4] INFO  c.v.vatManager.utils.PageableUtils -  : This is the sortDirection received in the pageableUtils method. 
25-09-29 23:20:13.424 [http-nio-8080-exec-5] INFO  c.v.vatManager.utils.PageableUtils -  : This is the sortDirection received in the pageableUtils method. 
25-09-29 23:20:13.425 [http-nio-8080-exec-5] INFO  c.v.v.service.ClientServiceImpl - Getting all the Clients from the Database. 
25-09-29 23:20:23.040 [http-nio-8080-exec-6] INFO  c.v.vatManager.utils.PageableUtils -  : This is the sortDirection received in the pageableUtils method. 
25-09-29 23:20:23.040 [http-nio-8080-exec-6] INFO  c.v.v.service.ClientServiceImpl - Getting all the Clients from the Database. 
25-09-29 23:20:27.115 [http-nio-8080-exec-7] INFO  c.v.vatManager.utils.PageableUtils -  : This is the sortDirection received in the pageableUtils method. 
25-09-29 23:20:35.582 [http-nio-8080-exec-8] INFO  c.v.vatManager.utils.PageableUtils -  : This is the sortDirection received in the pageableUtils method. 
25-09-29 23:20:35.582 [http-nio-8080-exec-8] INFO  c.v.v.service.ClientServiceImpl - Getting all the Clients from the Database. 
25-09-29 23:20:35.583 [http-nio-8080-exec-9] INFO  c.v.vatManager.utils.PageableUtils -  : This is the sortDirection received in the pageableUtils method. 
25-09-29 23:24:13.404 [http-nio-8080-exec-1] INFO  c.v.vatManager.utils.PageableUtils -  : This is the sortDirection received in the pageableUtils method. 
25-09-29 23:24:13.404 [http-nio-8080-exec-1] INFO  c.v.v.service.ClientServiceImpl - Getting all the Clients from the Database. 
25-09-29 23:24:15.387 [http-nio-8080-exec-3] INFO  c.v.vatManager.utils.PageableUtils -  : This is the sortDirection received in the pageableUtils method. 
25-09-29 23:24:15.387 [http-nio-8080-exec-3] INFO  c.v.v.service.ClientServiceImpl - Getting all the Clients from the Database. 
25-09-29 23:24:24.977 [http-nio-8080-exec-4] INFO  c.v.vatManager.utils.PageableUtils -  : This is the sortDirection received in the pageableUtils method. 
25-09-29 23:24:24.977 [http-nio-8080-exec-4] INFO  c.v.v.service.ClientServiceImpl - Getting all the Clients from the Database. 
25-09-29 23:24:43.211 [http-nio-8080-exec-5] INFO  c.v.vatManager.utils.PageableUtils -  : This is the sortDirection received in the pageableUtils method. 
25-09-29 23:24:43.211 [http-nio-8080-exec-5] INFO  c.v.v.service.ClientServiceImpl - Getting all the Clients from the Database. 
25-09-29 23:24:50.564 [http-nio-8080-exec-6] INFO  c.v.vatManager.utils.PageableUtils -  : This is the sortDirection received in the pageableUtils method. 
25-09-29 23:24:51.075 [http-nio-8080-exec-7] INFO  c.v.vatManager.utils.PageableUtils -  : This is the sortDirection received in the pageableUtils method. 
25-09-29 23:24:51.075 [http-nio-8080-exec-7] INFO  c.v.v.service.ClientServiceImpl - Getting all the Clients from the Database. 
25-09-29 23:24:53.161 [http-nio-8080-exec-9] INFO  c.v.vatManager.utils.PageableUtils -  : This is the sortDirection received in the pageableUtils method. 
25-09-29 23:24:53.161 [http-nio-8080-exec-9] INFO  c.v.v.service.ClientServiceImpl - Getting all the Clients from the Database. 
25-09-29 23:24:53.162 [http-nio-8080-exec-8] INFO  c.v.vatManager.utils.PageableUtils -  : This is the sortDirection received in the pageableUtils method. 
25-09-29 23:25:25.388 [http-nio-8080-exec-10] INFO  c.v.vatManager.utils.PageableUtils -  : This is the sortDirection received in the pageableUtils method. 
25-09-29 23:25:25.389 [http-nio-8080-exec-10] INFO  c.v.v.service.ClientServiceImpl - Getting all the Clients from the Database. 
25-09-29 23:25:28.918 [http-nio-8080-exec-2] INFO  c.v.vatManager.utils.PageableUtils -  : This is the sortDirection received in the pageableUtils method. 
25-09-29 23:25:29.397 [http-nio-8080-exec-1] INFO  c.v.vatManager.utils.PageableUtils -  : This is the sortDirection received in the pageableUtils method. 
25-09-29 23:25:29.397 [http-nio-8080-exec-1] INFO  c.v.v.service.ClientServiceImpl - Getting all the Clients from the Database. 
25-09-29 23:25:31.456 [http-nio-8080-exec-3] INFO  c.v.vatManager.utils.PageableUtils -  : This is the sortDirection received in the pageableUtils method. 
25-09-29 23:25:49.006 [http-nio-8080-exec-4] INFO  c.v.vatManager.utils.PageableUtils -  : This is the sortDirection received in the pageableUtils method. 
25-09-29 23:25:49.006 [http-nio-8080-exec-4] INFO  c.v.v.service.ClientServiceImpl - Getting all the Clients from the Database. 
25-09-29 23:25:54.637 [http-nio-8080-exec-6] INFO  c.v.vatManager.utils.PageableUtils -  : This is the sortDirection received in the pageableUtils method. 
25-09-29 23:25:54.637 [http-nio-8080-exec-6] INFO  c.v.v.service.ClientServiceImpl - Getting all the Clients from the Database. 
25-09-29 23:26:00.341 [http-nio-8080-exec-7] INFO  c.v.vatManager.utils.PageableUtils -  : This is the sortDirection received in the pageableUtils method. 
25-09-29 23:26:00.793 [http-nio-8080-exec-8] INFO  c.v.vatManager.utils.PageableUtils -  : This is the sortDirection received in the pageableUtils method. 
25-09-29 23:26:00.793 [http-nio-8080-exec-8] INFO  c.v.v.service.ClientServiceImpl - Getting all the Clients from the Database. 
25-09-29 23:27:43.652 [http-nio-8080-exec-10] INFO  c.v.vatManager.utils.PageableUtils -  : This is the sortDirection received in the pageableUtils method. 
25-09-29 23:27:43.652 [http-nio-8080-exec-10] INFO  c.v.v.service.ClientServiceImpl - Getting all the Clients from the Database. 
25-09-29 23:27:47.004 [http-nio-8080-exec-2] INFO  c.v.vatManager.utils.PageableUtils -  : This is the sortDirection received in the pageableUtils method. 
25-09-29 23:27:47.459 [http-nio-8080-exec-1] INFO  c.v.vatManager.utils.PageableUtils -  : This is the sortDirection received in the pageableUtils method. 
25-09-29 23:27:47.459 [http-nio-8080-exec-1] INFO  c.v.v.service.ClientServiceImpl - Getting all the Clients from the Database. 
25-09-29 23:28:12.209 [http-nio-8080-exec-3] INFO  c.v.vatManager.utils.PageableUtils -  : This is the sortDirection received in the pageableUtils method. 
25-09-29 23:28:12.209 [http-nio-8080-exec-3] INFO  c.v.v.service.ClientServiceImpl - Getting all the Clients from the Database. 
25-09-29 23:28:43.411 [http-nio-8080-exec-4] INFO  c.v.vatManager.utils.PageableUtils -  : This is the sortDirection received in the pageableUtils method. 
25-09-29 23:28:43.411 [http-nio-8080-exec-4] INFO  c.v.v.service.ClientServiceImpl - Getting all the Clients from the Database. 
25-09-29 23:29:33.876 [http-nio-8080-exec-5] INFO  c.v.vatManager.utils.PageableUtils -  : This is the sortDirection received in the pageableUtils method. 
25-09-29 23:29:33.877 [http-nio-8080-exec-5] INFO  c.v.v.service.ClientServiceImpl - Getting all the Clients from the Database. 
25-09-29 23:29:37.186 [http-nio-8080-exec-6] INFO  c.v.vatManager.utils.PageableUtils -  : This is the sortDirection received in the pageableUtils method. 
25-09-29 23:29:37.186 [http-nio-8080-exec-6] INFO  c.v.v.service.ClientServiceImpl - Getting all the Clients from the Database. 
25-09-29 23:29:45.452 [http-nio-8080-exec-7] INFO  c.v.vatManager.utils.PageableUtils -  : This is the sortDirection received in the pageableUtils method. 
25-09-29 23:29:45.453 [http-nio-8080-exec-7] INFO  c.v.v.service.ClientServiceImpl - Getting all the Clients from the Database. 
25-09-29 23:29:47.102 [http-nio-8080-exec-8] INFO  c.v.vatManager.utils.PageableUtils -  : This is the sortDirection received in the pageableUtils method. 
25-09-29 23:29:47.102 [http-nio-8080-exec-8] INFO  c.v.v.service.ClientServiceImpl - Getting all the Clients from the Database. 
25-09-29 23:30:22.614 [http-nio-8080-exec-9] INFO  c.v.vatManager.utils.PageableUtils -  : This is the sortDirection received in the pageableUtils method. 
25-09-29 23:30:22.615 [http-nio-8080-exec-9] INFO  c.v.v.service.ClientServiceImpl - Getting all the Clients from the Database. 
25-09-29 23:30:34.642 [http-nio-8080-exec-10] INFO  c.v.vatManager.utils.PageableUtils -  : This is the sortDirection received in the pageableUtils method. 
25-09-29 23:30:34.642 [http-nio-8080-exec-10] INFO  c.v.v.service.ClientServiceImpl - Getting all the Clients from the Database. 
25-09-29 23:30:36.152 [http-nio-8080-exec-2] INFO  c.v.vatManager.utils.PageableUtils -  : This is the sortDirection received in the pageableUtils method. 
25-09-29 23:30:36.152 [http-nio-8080-exec-2] INFO  c.v.v.service.ClientServiceImpl - Getting all the Clients from the Database. 
25-09-29 23:30:49.122 [http-nio-8080-exec-1] INFO  c.v.vatManager.utils.PageableUtils -  : This is the sortDirection received in the pageableUtils method. 
25-09-29 23:30:50.014 [http-nio-8080-exec-3] INFO  c.v.vatManager.utils.PageableUtils -  : This is the sortDirection received in the pageableUtils method. 
25-09-29 23:30:50.014 [http-nio-8080-exec-3] INFO  c.v.v.service.ClientServiceImpl - Getting all the Clients from the Database. 
25-09-29 23:30:53.398 [http-nio-8080-exec-4] INFO  c.v.vatManager.utils.PageableUtils -  : This is the sortDirection received in the pageableUtils method. 
25-09-29 23:30:53.398 [http-nio-8080-exec-4] INFO  c.v.v.service.ClientServiceImpl - Getting all the Clients from the Database. 
25-09-29 23:30:58.755 [http-nio-8080-exec-5] INFO  c.v.vatManager.utils.PageableUtils -  : This is the sortDirection received in the pageableUtils method. 
25-09-29 23:30:58.756 [http-nio-8080-exec-5] INFO  c.v.v.service.ClientServiceImpl - Getting all the Clients from the Database. 
25-09-29 23:33:22.294 [http-nio-8080-exec-7] INFO  c.v.vatManager.utils.PageableUtils -  : This is the sortDirection received in the pageableUtils method. 
25-09-29 23:33:22.295 [http-nio-8080-exec-7] INFO  c.v.v.service.ClientServiceImpl - Getting all the Clients from the Database. 
25-09-29 23:33:22.915 [http-nio-8080-exec-8] INFO  c.v.vatManager.utils.PageableUtils -  : This is the sortDirection received in the pageableUtils method. 
25-09-29 23:33:22.915 [http-nio-8080-exec-8] INFO  c.v.v.service.ClientServiceImpl - Getting all the Clients from the Database. 
25-09-29 23:38:49.623 [http-nio-8080-exec-1] INFO  c.v.vatManager.utils.PageableUtils -  : This is the sortDirection received in the pageableUtils method. 
25-09-29 23:38:49.624 [http-nio-8080-exec-1] INFO  c.v.v.service.ClientServiceImpl - Getting all the Clients from the Database. 
25-09-29 23:38:50.184 [http-nio-8080-exec-3] INFO  c.v.vatManager.utils.PageableUtils -  : This is the sortDirection received in the pageableUtils method. 
25-09-29 23:38:50.184 [http-nio-8080-exec-3] INFO  c.v.v.service.ClientServiceImpl - Getting all the Clients from the Database. 
25-09-29 23:38:51.580 [http-nio-8080-exec-4] INFO  c.v.vatManager.utils.PageableUtils -  : This is the sortDirection received in the pageableUtils method. 
25-09-29 23:38:51.581 [http-nio-8080-exec-4] INFO  c.v.v.service.ClientServiceImpl - Getting all the Clients from the Database. 
25-09-29 23:38:52.390 [http-nio-8080-exec-5] INFO  c.v.vatManager.utils.PageableUtils -  : This is the sortDirection received in the pageableUtils method. 
25-09-29 23:38:52.391 [http-nio-8080-exec-5] INFO  c.v.v.service.ClientServiceImpl - Getting all the Clients from the Database. 
25-09-29 23:38:56.247 [http-nio-8080-exec-6] INFO  c.v.vatManager.utils.PageableUtils -  : This is the sortDirection received in the pageableUtils method. 
25-09-29 23:38:56.247 [http-nio-8080-exec-6] INFO  c.v.v.service.ClientServiceImpl - Getting all the Clients from the Database. 
25-09-29 23:38:56.655 [http-nio-8080-exec-7] INFO  c.v.vatManager.utils.PageableUtils - desc : This is the sortDirection received in the pageableUtils method. 
25-09-29 23:38:56.656 [http-nio-8080-exec-7] INFO  c.v.v.service.ClientServiceImpl - Getting all the Clients from the Database. 
25-09-29 23:38:58.038 [http-nio-8080-exec-8] INFO  c.v.vatManager.utils.PageableUtils - desc : This is the sortDirection received in the pageableUtils method. 
25-09-29 23:38:58.038 [http-nio-8080-exec-8] INFO  c.v.v.service.ClientServiceImpl - Getting all the Clients from the Database. 
25-09-29 23:38:58.438 [http-nio-8080-exec-9] INFO  c.v.vatManager.utils.PageableUtils - desc : This is the sortDirection received in the pageableUtils method. 
25-09-29 23:38:58.438 [http-nio-8080-exec-9] INFO  c.v.v.service.ClientServiceImpl - Getting all the Clients from the Database. 
25-09-29 23:38:58.563 [http-nio-8080-exec-10] INFO  c.v.vatManager.utils.PageableUtils - desc : This is the sortDirection received in the pageableUtils method. 
25-09-29 23:38:58.564 [http-nio-8080-exec-10] INFO  c.v.v.service.ClientServiceImpl - Getting all the Clients from the Database. 
25-09-29 23:38:58.955 [http-nio-8080-exec-2] INFO  c.v.vatManager.utils.PageableUtils - asc : This is the sortDirection received in the pageableUtils method. 
25-09-29 23:38:58.955 [http-nio-8080-exec-2] INFO  c.v.v.service.ClientServiceImpl - Getting all the Clients from the Database. 
25-09-29 23:38:59.522 [http-nio-8080-exec-1] INFO  c.v.vatManager.utils.PageableUtils - asc : This is the sortDirection received in the pageableUtils method. 
25-09-29 23:38:59.522 [http-nio-8080-exec-1] INFO  c.v.v.service.ClientServiceImpl - Getting all the Clients from the Database. 
25-09-29 23:38:59.906 [http-nio-8080-exec-3] INFO  c.v.vatManager.utils.PageableUtils - desc : This is the sortDirection received in the pageableUtils method. 
25-09-29 23:38:59.907 [http-nio-8080-exec-3] INFO  c.v.v.service.ClientServiceImpl - Getting all the Clients from the Database. 
25-09-29 23:39:00.808 [http-nio-8080-exec-4] INFO  c.v.vatManager.utils.PageableUtils - desc : This is the sortDirection received in the pageableUtils method. 
25-09-29 23:39:00.808 [http-nio-8080-exec-4] INFO  c.v.v.service.ClientServiceImpl - Getting all the Clients from the Database. 
25-09-29 23:39:01.188 [http-nio-8080-exec-5] INFO  c.v.vatManager.utils.PageableUtils - desc : This is the sortDirection received in the pageableUtils method. 
25-09-29 23:39:01.189 [http-nio-8080-exec-5] INFO  c.v.v.service.ClientServiceImpl - Getting all the Clients from the Database. 
25-09-29 23:39:01.832 [http-nio-8080-exec-6] INFO  c.v.vatManager.utils.PageableUtils - desc : This is the sortDirection received in the pageableUtils method. 
25-09-29 23:39:01.833 [http-nio-8080-exec-6] INFO  c.v.v.service.ClientServiceImpl - Getting all the Clients from the Database. 
25-09-29 23:39:02.238 [http-nio-8080-exec-7] INFO  c.v.vatManager.utils.PageableUtils - asc : This is the sortDirection received in the pageableUtils method. 
25-09-29 23:39:02.238 [http-nio-8080-exec-7] INFO  c.v.v.service.ClientServiceImpl - Getting all the Clients from the Database. 
25-09-29 23:39:07.826 [http-nio-8080-exec-8] INFO  c.v.vatManager.utils.PageableUtils - asc : This is the sortDirection received in the pageableUtils method. 
25-09-29 23:39:07.826 [http-nio-8080-exec-8] INFO  c.v.v.service.ClientServiceImpl - Getting all the Clients from the Database. 
25-09-29 23:39:08.205 [http-nio-8080-exec-9] INFO  c.v.vatManager.utils.PageableUtils - desc : This is the sortDirection received in the pageableUtils method. 
25-09-29 23:39:08.206 [http-nio-8080-exec-9] INFO  c.v.v.service.ClientServiceImpl - Getting all the Clients from the Database. 
25-09-29 23:39:09.626 [http-nio-8080-exec-10] INFO  c.v.vatManager.utils.PageableUtils - desc : This is the sortDirection received in the pageableUtils method. 
25-09-29 23:39:09.626 [http-nio-8080-exec-10] INFO  c.v.v.service.ClientServiceImpl - Getting all the Clients from the Database. 
25-09-29 23:39:10.021 [http-nio-8080-exec-2] INFO  c.v.vatManager.utils.PageableUtils - asc : This is the sortDirection received in the pageableUtils method. 
25-09-29 23:39:10.022 [http-nio-8080-exec-2] INFO  c.v.v.service.ClientServiceImpl - Getting all the Clients from the Database. 
25-09-29 23:39:14.022 [http-nio-8080-exec-1] INFO  c.v.vatManager.utils.PageableUtils - asc : This is the sortDirection received in the pageableUtils method. 
25-09-29 23:39:14.022 [http-nio-8080-exec-1] INFO  c.v.v.service.ClientServiceImpl - Getting all the Clients from the Database. 
25-09-29 23:39:14.913 [http-nio-8080-exec-3] INFO  c.v.vatManager.utils.PageableUtils - asc : This is the sortDirection received in the pageableUtils method. 
25-09-29 23:39:14.913 [http-nio-8080-exec-3] INFO  c.v.v.service.ClientServiceImpl - Getting all the Clients from the Database. 
25-09-29 23:39:15.321 [http-nio-8080-exec-4] INFO  c.v.vatManager.utils.PageableUtils - desc : This is the sortDirection received in the pageableUtils method. 
25-09-29 23:39:15.321 [http-nio-8080-exec-4] INFO  c.v.v.service.ClientServiceImpl - Getting all the Clients from the Database. 
25-09-29 23:39:16.697 [http-nio-8080-exec-5] INFO  c.v.vatManager.utils.PageableUtils - desc : This is the sortDirection received in the pageableUtils method. 
25-09-29 23:39:16.697 [http-nio-8080-exec-5] INFO  c.v.v.service.ClientServiceImpl - Getting all the Clients from the Database. 
25-09-29 23:39:17.104 [http-nio-8080-exec-6] INFO  c.v.vatManager.utils.PageableUtils - desc : This is the sortDirection received in the pageableUtils method. 
25-09-29 23:39:17.105 [http-nio-8080-exec-6] INFO  c.v.v.service.ClientServiceImpl - Getting all the Clients from the Database. 
25-09-29 23:39:17.598 [http-nio-8080-exec-7] INFO  c.v.vatManager.utils.PageableUtils - desc : This is the sortDirection received in the pageableUtils method. 
25-09-29 23:39:17.598 [http-nio-8080-exec-7] INFO  c.v.v.service.ClientServiceImpl - Getting all the Clients from the Database. 
25-09-29 23:39:17.988 [http-nio-8080-exec-8] INFO  c.v.vatManager.utils.PageableUtils - asc : This is the sortDirection received in the pageableUtils method. 
25-09-29 23:39:17.988 [http-nio-8080-exec-8] INFO  c.v.v.service.ClientServiceImpl - Getting all the Clients from the Database. 
25-09-29 23:39:18.327 [http-nio-8080-exec-9] INFO  c.v.vatManager.utils.PageableUtils - asc : This is the sortDirection received in the pageableUtils method. 
25-09-29 23:39:18.327 [http-nio-8080-exec-9] INFO  c.v.v.service.ClientServiceImpl - Getting all the Clients from the Database. 
25-09-29 23:39:18.704 [http-nio-8080-exec-10] INFO  c.v.vatManager.utils.PageableUtils - asc : This is the sortDirection received in the pageableUtils method. 
25-09-29 23:39:18.705 [http-nio-8080-exec-10] INFO  c.v.v.service.ClientServiceImpl - Getting all the Clients from the Database. 
25-09-29 23:39:19.023 [http-nio-8080-exec-2] INFO  c.v.vatManager.utils.PageableUtils - asc : This is the sortDirection received in the pageableUtils method. 
25-09-29 23:39:19.023 [http-nio-8080-exec-2] INFO  c.v.v.service.ClientServiceImpl - Getting all the Clients from the Database. 
25-09-29 23:39:19.405 [http-nio-8080-exec-1] INFO  c.v.vatManager.utils.PageableUtils - asc : This is the sortDirection received in the pageableUtils method. 
25-09-29 23:39:19.405 [http-nio-8080-exec-1] INFO  c.v.v.service.ClientServiceImpl - Getting all the Clients from the Database. 
25-09-29 23:39:19.961 [http-nio-8080-exec-3] INFO  c.v.vatManager.utils.PageableUtils - asc : This is the sortDirection received in the pageableUtils method. 
25-09-29 23:39:19.961 [http-nio-8080-exec-3] INFO  c.v.v.service.ClientServiceImpl - Getting all the Clients from the Database. 
25-09-29 23:39:20.354 [http-nio-8080-exec-4] INFO  c.v.vatManager.utils.PageableUtils - desc : This is the sortDirection received in the pageableUtils method. 
25-09-29 23:39:20.354 [http-nio-8080-exec-4] INFO  c.v.v.service.ClientServiceImpl - Getting all the Clients from the Database. 
25-09-29 23:39:22.593 [http-nio-8080-exec-5] INFO  c.v.vatManager.utils.PageableUtils - desc : This is the sortDirection received in the pageableUtils method. 
25-09-29 23:39:22.593 [http-nio-8080-exec-5] INFO  c.v.v.service.ClientServiceImpl - Getting all the Clients from the Database. 
25-09-29 23:39:22.988 [http-nio-8080-exec-6] INFO  c.v.vatManager.utils.PageableUtils - asc : This is the sortDirection received in the pageableUtils method. 
25-09-29 23:39:22.988 [http-nio-8080-exec-6] INFO  c.v.v.service.ClientServiceImpl - Getting all the Clients from the Database. 
25-09-29 23:39:39.549 [http-nio-8080-exec-7] INFO  c.v.vatManager.utils.PageableUtils -  : This is the sortDirection received in the pageableUtils method. 
25-09-29 23:39:39.549 [http-nio-8080-exec-7] INFO  c.v.v.service.ClientServiceImpl - Getting all the Clients from the Database. 
25-09-29 23:42:25.761 [http-nio-8080-exec-9] INFO  c.v.vatManager.utils.PageableUtils -  : This is the sortDirection received in the pageableUtils method. 
25-09-29 23:42:25.761 [http-nio-8080-exec-9] INFO  c.v.v.service.ClientServiceImpl - Getting all the Clients from the Database. 
25-09-29 23:51:14.430 [http-nio-8080-exec-2] INFO  c.v.vatManager.utils.PageableUtils -  : This is the sortDirection received in the pageableUtils method. 
25-09-29 23:51:14.430 [http-nio-8080-exec-2] INFO  c.v.v.service.ClientServiceImpl - Getting all the Clients from the Database. 
25-09-29 23:56:08.549 [http-nio-8080-exec-3] INFO  c.v.vatManager.utils.PageableUtils -  : This is the sortDirection received in the pageableUtils method. 
25-09-29 23:56:10.766 [http-nio-8080-exec-4] INFO  c.v.vatManager.utils.PageableUtils -  : This is the sortDirection received in the pageableUtils method. 
25-09-29 23:56:10.766 [http-nio-8080-exec-4] INFO  c.v.v.service.ClientServiceImpl - Getting all the Clients from the Database. 
25-09-29 23:59:02.920 [http-nio-8080-exec-7] INFO  c.v.v.service.ClientServiceImpl - Getting all the Clients from the Database. 
25-09-29 23:59:03.476 [http-nio-8080-exec-7] WARN  o.s.w.s.m.s.DefaultHandlerExceptionResolver - Resolved [org.springframework.http.converter.HttpMessageNotWritableException: No converter for [class com.vatManager.vatManager.apiResponse.ApiResponseModel] with preset Content-Type 'application/octet-stream'] 
