25-09-18 00:01:20.844 [RMI TCP Connection(211)-127.0.0.1] INFO  o.s.b.a.SpringApplicationAdminMXBeanRegistrar$SpringApplicationAdmin - Application shutdown requested. 
25-09-18 00:01:20.862 [RMI TCP Connection(211)-127.0.0.1] INFO  o.s.b.w.e.tomcat.GracefulShutdown - Commencing graceful shutdown. Waiting for active requests to complete 
25-09-18 00:01:20.865 [tomcat-shutdown] INFO  o.a.coyote.http11.Http11NioProtocol - Pausing ProtocolHandler ["http-nio-8080"] 
25-09-18 00:01:20.889 [tomcat-shutdown] INFO  o.s.b.w.e.tomcat.GracefulShutdown - Graceful shutdown complete 
25-09-18 00:01:20.890 [RMI TCP Connection(211)-127.0.0.1] INFO  o.a.coyote.http11.Http11NioProtocol - Stopping ProtocolHandler ["http-nio-8080"] 
25-09-18 00:01:20.897 [RMI TCP Connection(211)-127.0.0.1] INFO  o.s.o.j.LocalContainerEntityManagerFactoryBean - Closing JPA EntityManagerFactory for persistence unit 'default' 
25-09-18 00:01:20.905 [RMI TCP Connection(211)-127.0.0.1] INFO  com.zaxxer.hikari.HikariDataSource - HikariPool-1 - Shutdown initiated... 
25-09-18 00:01:20.907 [RMI TCP Connection(211)-127.0.0.1] INFO  com.zaxxer.hikari.HikariDataSource - HikariPool-1 - Shutdown completed. 
25-09-18 13:55:43.999 [background-preinit] INFO  o.h.validator.internal.util.Version - HV000001: Hibernate Validator 8.0.3.Final 
25-09-18 13:55:44.047 [restartedMain] INFO  c.v.vatManager.VatManagerApplication - Starting VatManagerApplication using Java 21.0.5 with PID 19732 (D:\SpringBoot  Projects\vatManager\target\classes started by neraz in D:\SpringBoot  Projects\vatManager) 
25-09-18 13:55:44.048 [restartedMain] INFO  c.v.vatManager.VatManagerApplication - No active profile set, falling back to 1 default profile: "default" 
25-09-18 13:55:44.090 [restartedMain] INFO  o.s.b.d.e.DevToolsPropertyDefaultsPostProcessor - Devtools property defaults active! Set 'spring.devtools.add-properties' to 'false' to disable 
25-09-18 13:55:44.091 [restartedMain] INFO  o.s.b.d.e.DevToolsPropertyDefaultsPostProcessor - For additional web related logging consider setting the 'logging.level.web' property to 'DEBUG' 
25-09-18 13:55:44.915 [restartedMain] INFO  o.s.d.r.c.RepositoryConfigurationDelegate - Bootstrapping Spring Data JPA repositories in DEFAULT mode. 
25-09-18 13:55:44.987 [restartedMain] INFO  o.s.d.r.c.RepositoryConfigurationDelegate - Finished Spring Data repository scanning in 60 ms. Found 1 JPA repository interface. 
25-09-18 13:55:45.569 [restartedMain] INFO  o.s.b.w.e.tomcat.TomcatWebServer - Tomcat initialized with port 8080 (http) 
25-09-18 13:55:45.585 [restartedMain] INFO  o.a.coyote.http11.Http11NioProtocol - Initializing ProtocolHandler ["http-nio-8080"] 
25-09-18 13:55:45.586 [restartedMain] INFO  o.a.catalina.core.StandardService - Starting service [Tomcat] 
25-09-18 13:55:45.587 [restartedMain] INFO  o.a.catalina.core.StandardEngine - Starting Servlet engine: [Apache Tomcat/10.1.44] 
25-09-18 13:55:45.647 [restartedMain] INFO  o.a.c.c.C.[Tomcat].[localhost].[/] - Initializing Spring embedded WebApplicationContext 
25-09-18 13:55:45.647 [restartedMain] INFO  o.s.b.w.s.c.ServletWebServerApplicationContext - Root WebApplicationContext: initialization completed in 1556 ms 
25-09-18 13:55:45.854 [restartedMain] INFO  o.h.jpa.internal.util.LogHelper - HHH000204: Processing PersistenceUnitInfo [name: default] 
25-09-18 13:55:45.937 [restartedMain] INFO  org.hibernate.Version - HHH000412: Hibernate ORM core version 6.6.26.Final 
25-09-18 13:55:45.996 [restartedMain] INFO  o.h.c.i.RegionFactoryInitiator - HHH000026: Second-level cache disabled 
25-09-18 13:55:46.309 [restartedMain] INFO  o.s.o.j.p.SpringPersistenceUnitInfo - No LoadTimeWeaver setup: ignoring JPA class transformer 
25-09-18 13:55:46.341 [restartedMain] INFO  com.zaxxer.hikari.HikariDataSource - HikariPool-1 - Starting... 
25-09-18 13:55:46.538 [restartedMain] INFO  com.zaxxer.hikari.pool.HikariPool - HikariPool-1 - Added connection org.sqlite.jdbc4.JDBC4Connection@1b8041d4 
25-09-18 13:55:46.539 [restartedMain] INFO  com.zaxxer.hikari.HikariDataSource - HikariPool-1 - Start completed. 
25-09-18 13:55:46.577 [restartedMain] INFO  o.hibernate.orm.connections.pooling - HHH10001005: Database info:
	Database JDBC URL [Connecting through datasource 'HikariDataSource (HikariPool-1)']
	Database driver: undefined/unknown
	Database version: 3.50.3
	Autocommit mode: undefined/unknown
	Isolation level: undefined/unknown
	Minimum pool size: undefined/unknown
	Maximum pool size: undefined/unknown 
25-09-18 13:55:47.365 [restartedMain] INFO  o.h.e.t.j.p.i.JtaPlatformInitiator - HHH000489: No JTA platform available (set 'hibernate.transaction.jta.platform' to enable JTA platform integration) 
25-09-18 13:55:47.409 [restartedMain] INFO  o.s.o.j.LocalContainerEntityManagerFactoryBean - Initialized JPA EntityManagerFactory for persistence unit 'default' 
25-09-18 13:55:47.688 [restartedMain] WARN  o.s.b.a.o.j.JpaBaseConfiguration$JpaWebConfiguration - spring.jpa.open-in-view is enabled by default. Therefore, database queries may be performed during view rendering. Explicitly configure spring.jpa.open-in-view to disable this warning 
25-09-18 13:55:48.265 [restartedMain] INFO  o.s.b.d.a.OptionalLiveReloadServer - LiveReload server is running on port 35729 
25-09-18 13:55:48.303 [restartedMain] INFO  o.a.coyote.http11.Http11NioProtocol - Starting ProtocolHandler ["http-nio-8080"] 
25-09-18 13:55:48.384 [restartedMain] INFO  o.s.b.w.e.tomcat.TomcatWebServer - Tomcat started on port 8080 (http) with context path '/' 
25-09-18 13:55:48.399 [restartedMain] INFO  c.v.vatManager.VatManagerApplication - Started VatManagerApplication in 4.67 seconds (process running for 8.287) 
25-09-18 13:56:12.102 [http-nio-8080-exec-1] INFO  o.a.c.c.C.[Tomcat].[localhost].[/] - Initializing Spring DispatcherServlet 'dispatcherServlet' 
25-09-18 13:56:12.103 [http-nio-8080-exec-1] INFO  o.s.web.servlet.DispatcherServlet - Initializing Servlet 'dispatcherServlet' 
25-09-18 13:56:12.104 [http-nio-8080-exec-1] INFO  o.s.web.servlet.DispatcherServlet - Completed initialization in 1 ms 
25-09-18 13:56:47.819 [http-nio-8080-exec-4] ERROR o.a.c.c.C.[.[.[.[dispatcherServlet] - Servlet.service() for servlet [dispatcherServlet] in context with path [] threw exception [Request processing failed: com.vatManager.vatManager.exception.ClientNotFoundException: Client with id 2 not found] with root cause 
com.vatManager.vatManager.exception.ClientNotFoundException: Client with id 2 not found
	at com.vatManager.vatManager.service.ClientServiceImpl.lambda$2(ClientServiceImpl.java:49)
	at java.base/java.util.Optional.orElseThrow(Optional.java:403)
	at com.vatManager.vatManager.service.ClientServiceImpl.getClientById(ClientServiceImpl.java:49)
	at com.vatManager.vatManager.service.ClientServiceImpl.getClientDtoResponseById(ClientServiceImpl.java:56)
	at com.vatManager.vatManager.controller.ClientController.getClientById(ClientController.java:50)
	at java.base/jdk.internal.reflect.DirectMethodHandleAccessor.invoke(DirectMethodHandleAccessor.java:103)
	at java.base/java.lang.reflect.Method.invoke(Method.java:580)
	at org.springframework.web.method.support.InvocableHandlerMethod.doInvoke(InvocableHandlerMethod.java:258)
	at org.springframework.web.method.support.InvocableHandlerMethod.invokeForRequest(InvocableHandlerMethod.java:191)
	at org.springframework.web.servlet.mvc.method.annotation.ServletInvocableHandlerMethod.invokeAndHandle(ServletInvocableHandlerMethod.java:118)
	at org.springframework.web.servlet.mvc.method.annotation.RequestMappingHandlerAdapter.invokeHandlerMethod(RequestMappingHandlerAdapter.java:991)
	at org.springframework.web.servlet.mvc.method.annotation.RequestMappingHandlerAdapter.handleInternal(RequestMappingHandlerAdapter.java:896)
	at org.springframework.web.servlet.mvc.method.AbstractHandlerMethodAdapter.handle(AbstractHandlerMethodAdapter.java:87)
	at org.springframework.web.servlet.DispatcherServlet.doDispatch(DispatcherServlet.java:1089)
	at org.springframework.web.servlet.DispatcherServlet.doService(DispatcherServlet.java:979)
	at org.springframework.web.servlet.FrameworkServlet.processRequest(FrameworkServlet.java:1014)
	at org.springframework.web.servlet.FrameworkServlet.doGet(FrameworkServlet.java:903)
	at jakarta.servlet.http.HttpServlet.service(HttpServlet.java:564)
	at org.springframework.web.servlet.FrameworkServlet.service(FrameworkServlet.java:885)
	at jakarta.servlet.http.HttpServlet.service(HttpServlet.java:658)
	at org.apache.catalina.core.ApplicationFilterChain.internalDoFilter(ApplicationFilterChain.java:195)
	at org.apache.catalina.core.ApplicationFilterChain.doFilter(ApplicationFilterChain.java:140)
	at org.apache.tomcat.websocket.server.WsFilter.doFilter(WsFilter.java:51)
	at org.apache.catalina.core.ApplicationFilterChain.internalDoFilter(ApplicationFilterChain.java:164)
	at org.apache.catalina.core.ApplicationFilterChain.doFilter(ApplicationFilterChain.java:140)
	at org.springframework.web.filter.RequestContextFilter.doFilterInternal(RequestContextFilter.java:100)
	at org.springframework.web.filter.OncePerRequestFilter.doFilter(OncePerRequestFilter.java:116)
	at org.apache.catalina.core.ApplicationFilterChain.internalDoFilter(ApplicationFilterChain.java:164)
	at org.apache.catalina.core.ApplicationFilterChain.doFilter(ApplicationFilterChain.java:140)
	at org.springframework.web.filter.FormContentFilter.doFilterInternal(FormContentFilter.java:93)
	at org.springframework.web.filter.OncePerRequestFilter.doFilter(OncePerRequestFilter.java:116)
	at org.apache.catalina.core.ApplicationFilterChain.internalDoFilter(ApplicationFilterChain.java:164)
	at org.apache.catalina.core.ApplicationFilterChain.doFilter(ApplicationFilterChain.java:140)
	at org.springframework.web.filter.CharacterEncodingFilter.doFilterInternal(CharacterEncodingFilter.java:201)
	at org.springframework.web.filter.OncePerRequestFilter.doFilter(OncePerRequestFilter.java:116)
	at org.apache.catalina.core.ApplicationFilterChain.internalDoFilter(ApplicationFilterChain.java:164)
	at org.apache.catalina.core.ApplicationFilterChain.doFilter(ApplicationFilterChain.java:140)
	at org.apache.catalina.core.StandardWrapperValve.invoke(StandardWrapperValve.java:167)
	at org.apache.catalina.core.StandardContextValve.invoke(StandardContextValve.java:90)
	at org.apache.catalina.authenticator.AuthenticatorBase.invoke(AuthenticatorBase.java:483)
	at org.apache.catalina.core.StandardHostValve.invoke(StandardHostValve.java:116)
	at org.apache.catalina.valves.ErrorReportValve.invoke(ErrorReportValve.java:93)
	at org.apache.catalina.core.StandardEngineValve.invoke(StandardEngineValve.java:74)
	at org.apache.catalina.connector.CoyoteAdapter.service(CoyoteAdapter.java:344)
	at org.apache.coyote.http11.Http11Processor.service(Http11Processor.java:398)
	at org.apache.coyote.AbstractProcessorLight.process(AbstractProcessorLight.java:63)
	at org.apache.coyote.AbstractProtocol$ConnectionHandler.process(AbstractProtocol.java:903)
	at org.apache.tomcat.util.net.NioEndpoint$SocketProcessor.doRun(NioEndpoint.java:1769)
	at org.apache.tomcat.util.net.SocketProcessorBase.run(SocketProcessorBase.java:52)
	at org.apache.tomcat.util.threads.ThreadPoolExecutor.runWorker(ThreadPoolExecutor.java:1189)
	at org.apache.tomcat.util.threads.ThreadPoolExecutor$Worker.run(ThreadPoolExecutor.java:658)
	at org.apache.tomcat.util.threads.TaskThread$WrappingRunnable.run(TaskThread.java:63)
	at java.base/java.lang.Thread.run(Thread.java:1583)
25-09-18 14:35:20.351 [File Watcher] INFO  o.s.b.d.a.LocalDevToolsAutoConfiguration$RestartingClassPathChangeChangedEventListener - Restarting due to 1 class path change (0 additions, 0 deletions, 1 modification) 
25-09-18 14:35:20.354 [Thread-5] INFO  o.s.b.w.e.tomcat.GracefulShutdown - Commencing graceful shutdown. Waiting for active requests to complete 
25-09-18 14:35:20.355 [tomcat-shutdown] INFO  o.a.coyote.http11.Http11NioProtocol - Pausing ProtocolHandler ["http-nio-8080"] 
25-09-18 14:35:20.376 [tomcat-shutdown] INFO  o.s.b.w.e.tomcat.GracefulShutdown - Graceful shutdown complete 
25-09-18 14:35:20.376 [Thread-5] INFO  o.a.coyote.http11.Http11NioProtocol - Stopping ProtocolHandler ["http-nio-8080"] 
25-09-18 14:35:20.379 [Thread-5] INFO  o.s.o.j.LocalContainerEntityManagerFactoryBean - Closing JPA EntityManagerFactory for persistence unit 'default' 
25-09-18 14:35:20.381 [Thread-5] INFO  com.zaxxer.hikari.HikariDataSource - HikariPool-1 - Shutdown initiated... 
25-09-18 14:35:20.383 [Thread-5] INFO  com.zaxxer.hikari.HikariDataSource - HikariPool-1 - Shutdown completed. 
25-09-18 14:35:20.482 [restartedMain] INFO  c.v.vatManager.VatManagerApplication - Starting VatManagerApplication using Java 21.0.5 with PID 19732 (D:\SpringBoot  Projects\vatManager\target\classes started by neraz in D:\SpringBoot  Projects\vatManager) 
25-09-18 14:35:20.482 [restartedMain] INFO  c.v.vatManager.VatManagerApplication - No active profile set, falling back to 1 default profile: "default" 
25-09-18 14:35:20.639 [restartedMain] INFO  o.s.d.r.c.RepositoryConfigurationDelegate - Bootstrapping Spring Data JPA repositories in DEFAULT mode. 
25-09-18 14:35:20.648 [restartedMain] INFO  o.s.d.r.c.RepositoryConfigurationDelegate - Finished Spring Data repository scanning in 8 ms. Found 1 JPA repository interface. 
25-09-18 14:35:20.727 [restartedMain] INFO  o.s.b.w.e.tomcat.TomcatWebServer - Tomcat initialized with port 8080 (http) 
25-09-18 14:35:20.728 [restartedMain] INFO  o.a.coyote.http11.Http11NioProtocol - Initializing ProtocolHandler ["http-nio-8080"] 
25-09-18 14:35:20.729 [restartedMain] INFO  o.a.catalina.core.StandardService - Starting service [Tomcat] 
25-09-18 14:35:20.729 [restartedMain] INFO  o.a.catalina.core.StandardEngine - Starting Servlet engine: [Apache Tomcat/10.1.44] 
25-09-18 14:35:20.751 [restartedMain] INFO  o.a.c.c.C.[Tomcat].[localhost].[/] - Initializing Spring embedded WebApplicationContext 
25-09-18 14:35:20.751 [restartedMain] INFO  o.s.b.w.s.c.ServletWebServerApplicationContext - Root WebApplicationContext: initialization completed in 267 ms 
25-09-18 14:35:20.784 [restartedMain] INFO  o.h.jpa.internal.util.LogHelper - HHH000204: Processing PersistenceUnitInfo [name: default] 
25-09-18 14:35:20.788 [restartedMain] INFO  o.h.c.i.RegionFactoryInitiator - HHH000026: Second-level cache disabled 
25-09-18 14:35:20.795 [restartedMain] INFO  o.s.o.j.p.SpringPersistenceUnitInfo - No LoadTimeWeaver setup: ignoring JPA class transformer 
25-09-18 14:35:20.797 [restartedMain] INFO  com.zaxxer.hikari.HikariDataSource - HikariPool-2 - Starting... 
25-09-18 14:35:20.798 [restartedMain] INFO  com.zaxxer.hikari.pool.HikariPool - HikariPool-2 - Added connection org.sqlite.jdbc4.JDBC4Connection@274dd33b 
25-09-18 14:35:20.798 [restartedMain] INFO  com.zaxxer.hikari.HikariDataSource - HikariPool-2 - Start completed. 
25-09-18 14:35:20.799 [restartedMain] INFO  o.hibernate.orm.connections.pooling - HHH10001005: Database info:
	Database JDBC URL [Connecting through datasource 'HikariDataSource (HikariPool-2)']
	Database driver: undefined/unknown
	Database version: 3.50.3
	Autocommit mode: undefined/unknown
	Isolation level: undefined/unknown
	Minimum pool size: undefined/unknown
	Maximum pool size: undefined/unknown 
25-09-18 14:35:20.833 [restartedMain] INFO  o.h.e.t.j.p.i.JtaPlatformInitiator - HHH000489: No JTA platform available (set 'hibernate.transaction.jta.platform' to enable JTA platform integration) 
25-09-18 14:35:20.839 [restartedMain] INFO  o.s.o.j.LocalContainerEntityManagerFactoryBean - Initialized JPA EntityManagerFactory for persistence unit 'default' 
25-09-18 14:35:20.916 [restartedMain] WARN  o.s.b.a.o.j.JpaBaseConfiguration$JpaWebConfiguration - spring.jpa.open-in-view is enabled by default. Therefore, database queries may be performed during view rendering. Explicitly configure spring.jpa.open-in-view to disable this warning 
25-09-18 14:35:21.009 [restartedMain] INFO  o.s.b.d.a.OptionalLiveReloadServer - LiveReload server is running on port 35729 
25-09-18 14:35:21.016 [restartedMain] INFO  o.a.coyote.http11.Http11NioProtocol - Starting ProtocolHandler ["http-nio-8080"] 
25-09-18 14:35:21.018 [restartedMain] INFO  o.s.b.w.e.tomcat.TomcatWebServer - Tomcat started on port 8080 (http) with context path '/' 
25-09-18 14:35:21.022 [restartedMain] INFO  c.v.vatManager.VatManagerApplication - Started VatManagerApplication in 0.578 seconds (process running for 2380.91) 
25-09-18 14:35:21.024 [restartedMain] INFO  o.s.b.d.a.ConditionEvaluationDeltaLoggingListener - Condition evaluation unchanged 
25-09-18 14:41:40.247 [File Watcher] INFO  o.s.b.d.a.LocalDevToolsAutoConfiguration$RestartingClassPathChangeChangedEventListener - Restarting due to 3 class path changes (0 additions, 0 deletions, 3 modifications) 
25-09-18 14:41:40.249 [Thread-7] INFO  o.s.b.w.e.tomcat.GracefulShutdown - Commencing graceful shutdown. Waiting for active requests to complete 
25-09-18 14:41:40.250 [tomcat-shutdown] INFO  o.a.coyote.http11.Http11NioProtocol - Pausing ProtocolHandler ["http-nio-8080"] 
25-09-18 14:41:40.269 [tomcat-shutdown] INFO  o.s.b.w.e.tomcat.GracefulShutdown - Graceful shutdown complete 
25-09-18 14:41:40.269 [Thread-7] INFO  o.a.coyote.http11.Http11NioProtocol - Stopping ProtocolHandler ["http-nio-8080"] 
25-09-18 14:41:40.271 [Thread-7] INFO  o.s.o.j.LocalContainerEntityManagerFactoryBean - Closing JPA EntityManagerFactory for persistence unit 'default' 
25-09-18 14:41:40.272 [Thread-7] INFO  com.zaxxer.hikari.HikariDataSource - HikariPool-2 - Shutdown initiated... 
25-09-18 14:41:40.273 [Thread-7] INFO  com.zaxxer.hikari.HikariDataSource - HikariPool-2 - Shutdown completed. 
25-09-18 14:41:40.350 [restartedMain] INFO  c.v.vatManager.VatManagerApplication - Starting VatManagerApplication using Java 21.0.5 with PID 19732 (D:\SpringBoot  Projects\vatManager\target\classes started by neraz in D:\SpringBoot  Projects\vatManager) 
25-09-18 14:41:40.351 [restartedMain] INFO  c.v.vatManager.VatManagerApplication - No active profile set, falling back to 1 default profile: "default" 
25-09-18 14:41:40.568 [restartedMain] INFO  o.s.d.r.c.RepositoryConfigurationDelegate - Bootstrapping Spring Data JPA repositories in DEFAULT mode. 
25-09-18 14:41:40.586 [restartedMain] INFO  o.s.d.r.c.RepositoryConfigurationDelegate - Finished Spring Data repository scanning in 16 ms. Found 1 JPA repository interface. 
25-09-18 14:41:40.699 [restartedMain] INFO  o.s.b.w.e.tomcat.TomcatWebServer - Tomcat initialized with port 8080 (http) 
25-09-18 14:41:40.700 [restartedMain] INFO  o.a.coyote.http11.Http11NioProtocol - Initializing ProtocolHandler ["http-nio-8080"] 
25-09-18 14:41:40.700 [restartedMain] INFO  o.a.catalina.core.StandardService - Starting service [Tomcat] 
25-09-18 14:41:40.700 [restartedMain] INFO  o.a.catalina.core.StandardEngine - Starting Servlet engine: [Apache Tomcat/10.1.44] 
25-09-18 14:41:40.726 [restartedMain] INFO  o.a.c.c.C.[Tomcat].[localhost].[/] - Initializing Spring embedded WebApplicationContext 
25-09-18 14:41:40.726 [restartedMain] INFO  o.s.b.w.s.c.ServletWebServerApplicationContext - Root WebApplicationContext: initialization completed in 374 ms 
25-09-18 14:41:40.758 [restartedMain] INFO  o.h.jpa.internal.util.LogHelper - HHH000204: Processing PersistenceUnitInfo [name: default] 
25-09-18 14:41:40.761 [restartedMain] INFO  o.h.c.i.RegionFactoryInitiator - HHH000026: Second-level cache disabled 
25-09-18 14:41:40.770 [restartedMain] INFO  o.s.o.j.p.SpringPersistenceUnitInfo - No LoadTimeWeaver setup: ignoring JPA class transformer 
25-09-18 14:41:40.773 [restartedMain] INFO  com.zaxxer.hikari.HikariDataSource - HikariPool-3 - Starting... 
25-09-18 14:41:40.775 [restartedMain] INFO  com.zaxxer.hikari.pool.HikariPool - HikariPool-3 - Added connection org.sqlite.jdbc4.JDBC4Connection@6cbb9101 
25-09-18 14:41:40.775 [restartedMain] INFO  com.zaxxer.hikari.HikariDataSource - HikariPool-3 - Start completed. 
25-09-18 14:41:40.776 [restartedMain] INFO  o.hibernate.orm.connections.pooling - HHH10001005: Database info:
	Database JDBC URL [Connecting through datasource 'HikariDataSource (HikariPool-3)']
	Database driver: undefined/unknown
	Database version: 3.50.3
	Autocommit mode: undefined/unknown
	Isolation level: undefined/unknown
	Minimum pool size: undefined/unknown
	Maximum pool size: undefined/unknown 
25-09-18 14:41:40.835 [restartedMain] INFO  o.h.e.t.j.p.i.JtaPlatformInitiator - HHH000489: No JTA platform available (set 'hibernate.transaction.jta.platform' to enable JTA platform integration) 
25-09-18 14:41:40.838 [restartedMain] INFO  o.s.o.j.LocalContainerEntityManagerFactoryBean - Initialized JPA EntityManagerFactory for persistence unit 'default' 
25-09-18 14:41:40.850 [restartedMain] WARN  o.s.b.w.s.c.AnnotationConfigServletWebServerApplicationContext - Exception encountered during context initialization - cancelling refresh attempt: org.springframework.beans.factory.UnsatisfiedDependencyException: Error creating bean with name 'clientController': Unsatisfied dependency expressed through field 'clientService': No qualifying bean of type 'com.vatManager.vatManager.service.ClientService' available: expected at least 1 bean which qualifies as autowire candidate. Dependency annotations: {@org.springframework.beans.factory.annotation.Autowired(required=true)} 
25-09-18 14:41:40.850 [restartedMain] INFO  o.s.o.j.LocalContainerEntityManagerFactoryBean - Closing JPA EntityManagerFactory for persistence unit 'default' 
25-09-18 14:41:40.851 [restartedMain] INFO  com.zaxxer.hikari.HikariDataSource - HikariPool-3 - Shutdown initiated... 
25-09-18 14:41:40.852 [restartedMain] INFO  com.zaxxer.hikari.HikariDataSource - HikariPool-3 - Shutdown completed. 
25-09-18 14:41:40.852 [restartedMain] INFO  o.a.catalina.core.StandardService - Stopping service [Tomcat] 
25-09-18 14:41:40.858 [restartedMain] INFO  o.s.b.a.l.ConditionEvaluationReportLogger - 

Error starting ApplicationContext. To display the condition evaluation report re-run your application with 'debug' enabled. 
25-09-18 14:41:40.885 [restartedMain] ERROR o.s.b.d.LoggingFailureAnalysisReporter - 

***************************
APPLICATION FAILED TO START
***************************

Description:

Field clientService in com.vatManager.vatManager.controller.ClientController required a bean of type 'com.vatManager.vatManager.service.ClientService' that could not be found.

The injection point has the following annotations:
	- @org.springframework.beans.factory.annotation.Autowired(required=true)


Action:

Consider defining a bean of type 'com.vatManager.vatManager.service.ClientService' in your configuration.
 
25-09-18 14:41:42.328 [restartedMain] INFO  c.v.vatManager.VatManagerApplication - Starting VatManagerApplication using Java 21.0.5 with PID 19732 (D:\SpringBoot  Projects\vatManager\target\classes started by neraz in D:\SpringBoot  Projects\vatManager) 
25-09-18 14:41:42.328 [restartedMain] INFO  c.v.vatManager.VatManagerApplication - No active profile set, falling back to 1 default profile: "default" 
25-09-18 14:41:42.459 [restartedMain] INFO  o.s.d.r.c.RepositoryConfigurationDelegate - Bootstrapping Spring Data JPA repositories in DEFAULT mode. 
25-09-18 14:41:42.467 [restartedMain] INFO  o.s.d.r.c.RepositoryConfigurationDelegate - Finished Spring Data repository scanning in 7 ms. Found 1 JPA repository interface. 
25-09-18 14:41:42.540 [restartedMain] INFO  o.s.b.w.e.tomcat.TomcatWebServer - Tomcat initialized with port 8080 (http) 
25-09-18 14:41:42.542 [restartedMain] INFO  o.a.coyote.http11.Http11NioProtocol - Initializing ProtocolHandler ["http-nio-8080"] 
25-09-18 14:41:42.542 [restartedMain] INFO  o.a.catalina.core.StandardService - Starting service [Tomcat] 
25-09-18 14:41:42.542 [restartedMain] INFO  o.a.catalina.core.StandardEngine - Starting Servlet engine: [Apache Tomcat/10.1.44] 
25-09-18 14:41:42.562 [restartedMain] INFO  o.a.c.c.C.[Tomcat-1].[localhost].[/] - Initializing Spring embedded WebApplicationContext 
25-09-18 14:41:42.563 [restartedMain] INFO  o.s.b.w.s.c.ServletWebServerApplicationContext - Root WebApplicationContext: initialization completed in 234 ms 
25-09-18 14:41:42.587 [restartedMain] INFO  o.h.jpa.internal.util.LogHelper - HHH000204: Processing PersistenceUnitInfo [name: default] 
25-09-18 14:41:42.591 [restartedMain] INFO  o.h.c.i.RegionFactoryInitiator - HHH000026: Second-level cache disabled 
25-09-18 14:41:42.596 [restartedMain] INFO  o.s.o.j.p.SpringPersistenceUnitInfo - No LoadTimeWeaver setup: ignoring JPA class transformer 
25-09-18 14:41:42.597 [restartedMain] INFO  com.zaxxer.hikari.HikariDataSource - HikariPool-4 - Starting... 
25-09-18 14:41:42.599 [restartedMain] INFO  com.zaxxer.hikari.pool.HikariPool - HikariPool-4 - Added connection org.sqlite.jdbc4.JDBC4Connection@7ddbebb8 
25-09-18 14:41:42.599 [restartedMain] INFO  com.zaxxer.hikari.HikariDataSource - HikariPool-4 - Start completed. 
25-09-18 14:41:42.600 [restartedMain] INFO  o.hibernate.orm.connections.pooling - HHH10001005: Database info:
	Database JDBC URL [Connecting through datasource 'HikariDataSource (HikariPool-4)']
	Database driver: undefined/unknown
	Database version: 3.50.3
	Autocommit mode: undefined/unknown
	Isolation level: undefined/unknown
	Minimum pool size: undefined/unknown
	Maximum pool size: undefined/unknown 
25-09-18 14:41:42.632 [restartedMain] INFO  o.h.e.t.j.p.i.JtaPlatformInitiator - HHH000489: No JTA platform available (set 'hibernate.transaction.jta.platform' to enable JTA platform integration) 
25-09-18 14:41:42.634 [restartedMain] INFO  o.s.o.j.LocalContainerEntityManagerFactoryBean - Initialized JPA EntityManagerFactory for persistence unit 'default' 
25-09-18 14:41:42.686 [restartedMain] WARN  o.s.b.a.o.j.JpaBaseConfiguration$JpaWebConfiguration - spring.jpa.open-in-view is enabled by default. Therefore, database queries may be performed during view rendering. Explicitly configure spring.jpa.open-in-view to disable this warning 
25-09-18 14:41:42.757 [restartedMain] INFO  o.s.b.d.a.OptionalLiveReloadServer - LiveReload server is running on port 35729 
25-09-18 14:41:42.764 [restartedMain] INFO  o.a.coyote.http11.Http11NioProtocol - Starting ProtocolHandler ["http-nio-8080"] 
25-09-18 14:41:42.768 [restartedMain] INFO  o.s.b.w.e.tomcat.TomcatWebServer - Tomcat started on port 8080 (http) with context path '/' 
25-09-18 14:41:42.771 [restartedMain] INFO  c.v.vatManager.VatManagerApplication - Started VatManagerApplication in 0.464 seconds (process running for 2762.66) 
25-09-18 14:41:42.773 [restartedMain] INFO  o.s.b.d.a.ConditionEvaluationDeltaLoggingListener - Condition evaluation unchanged 
25-09-18 14:41:47.223 [File Watcher] INFO  o.s.b.d.a.LocalDevToolsAutoConfiguration$RestartingClassPathChangeChangedEventListener - Restarting due to 19 class path changes (0 additions, 0 deletions, 19 modifications) 
25-09-18 14:41:47.224 [Thread-11] INFO  o.s.b.w.e.tomcat.GracefulShutdown - Commencing graceful shutdown. Waiting for active requests to complete 
25-09-18 14:41:47.224 [tomcat-shutdown] INFO  o.a.coyote.http11.Http11NioProtocol - Pausing ProtocolHandler ["http-nio-8080"] 
25-09-18 14:41:47.244 [tomcat-shutdown] INFO  o.s.b.w.e.tomcat.GracefulShutdown - Graceful shutdown complete 
25-09-18 14:41:47.245 [Thread-11] INFO  o.a.coyote.http11.Http11NioProtocol - Stopping ProtocolHandler ["http-nio-8080"] 
25-09-18 14:41:47.246 [Thread-11] INFO  o.s.o.j.LocalContainerEntityManagerFactoryBean - Closing JPA EntityManagerFactory for persistence unit 'default' 
25-09-18 14:41:47.247 [Thread-11] INFO  com.zaxxer.hikari.HikariDataSource - HikariPool-4 - Shutdown initiated... 
25-09-18 14:41:47.248 [Thread-11] INFO  com.zaxxer.hikari.HikariDataSource - HikariPool-4 - Shutdown completed. 
25-09-18 14:41:47.327 [restartedMain] INFO  c.v.vatManager.VatManagerApplication - Starting VatManagerApplication using Java 21.0.5 with PID 19732 (D:\SpringBoot  Projects\vatManager\target\classes started by neraz in D:\SpringBoot  Projects\vatManager) 
25-09-18 14:41:47.328 [restartedMain] INFO  c.v.vatManager.VatManagerApplication - No active profile set, falling back to 1 default profile: "default" 
25-09-18 14:41:47.473 [restartedMain] INFO  o.s.d.r.c.RepositoryConfigurationDelegate - Bootstrapping Spring Data JPA repositories in DEFAULT mode. 
25-09-18 14:41:47.483 [restartedMain] INFO  o.s.d.r.c.RepositoryConfigurationDelegate - Finished Spring Data repository scanning in 8 ms. Found 1 JPA repository interface. 
25-09-18 14:41:47.547 [restartedMain] INFO  o.s.b.w.e.tomcat.TomcatWebServer - Tomcat initialized with port 8080 (http) 
25-09-18 14:41:47.547 [restartedMain] INFO  o.a.coyote.http11.Http11NioProtocol - Initializing ProtocolHandler ["http-nio-8080"] 
25-09-18 14:41:47.548 [restartedMain] INFO  o.a.catalina.core.StandardService - Starting service [Tomcat] 
25-09-18 14:41:47.548 [restartedMain] INFO  o.a.catalina.core.StandardEngine - Starting Servlet engine: [Apache Tomcat/10.1.44] 
25-09-18 14:41:47.571 [restartedMain] INFO  o.a.c.c.C.[Tomcat-1].[localhost].[/] - Initializing Spring embedded WebApplicationContext 
25-09-18 14:41:47.571 [restartedMain] INFO  o.s.b.w.s.c.ServletWebServerApplicationContext - Root WebApplicationContext: initialization completed in 242 ms 
25-09-18 14:41:47.597 [restartedMain] INFO  o.h.jpa.internal.util.LogHelper - HHH000204: Processing PersistenceUnitInfo [name: default] 
25-09-18 14:41:47.599 [restartedMain] INFO  o.h.c.i.RegionFactoryInitiator - HHH000026: Second-level cache disabled 
25-09-18 14:41:47.604 [restartedMain] INFO  o.s.o.j.p.SpringPersistenceUnitInfo - No LoadTimeWeaver setup: ignoring JPA class transformer 
25-09-18 14:41:47.606 [restartedMain] INFO  com.zaxxer.hikari.HikariDataSource - HikariPool-5 - Starting... 
25-09-18 14:41:47.607 [restartedMain] INFO  com.zaxxer.hikari.pool.HikariPool - HikariPool-5 - Added connection org.sqlite.jdbc4.JDBC4Connection@6c02b23b 
25-09-18 14:41:47.607 [restartedMain] INFO  com.zaxxer.hikari.HikariDataSource - HikariPool-5 - Start completed. 
25-09-18 14:41:47.608 [restartedMain] INFO  o.hibernate.orm.connections.pooling - HHH10001005: Database info:
	Database JDBC URL [Connecting through datasource 'HikariDataSource (HikariPool-5)']
	Database driver: undefined/unknown
	Database version: 3.50.3
	Autocommit mode: undefined/unknown
	Isolation level: undefined/unknown
	Minimum pool size: undefined/unknown
	Maximum pool size: undefined/unknown 
25-09-18 14:41:47.653 [restartedMain] INFO  o.h.e.t.j.p.i.JtaPlatformInitiator - HHH000489: No JTA platform available (set 'hibernate.transaction.jta.platform' to enable JTA platform integration) 
25-09-18 14:41:47.656 [restartedMain] INFO  o.s.o.j.LocalContainerEntityManagerFactoryBean - Initialized JPA EntityManagerFactory for persistence unit 'default' 
25-09-18 14:41:47.705 [restartedMain] WARN  o.s.b.a.o.j.JpaBaseConfiguration$JpaWebConfiguration - spring.jpa.open-in-view is enabled by default. Therefore, database queries may be performed during view rendering. Explicitly configure spring.jpa.open-in-view to disable this warning 
25-09-18 14:41:47.782 [restartedMain] INFO  o.s.b.d.a.OptionalLiveReloadServer - LiveReload server is running on port 35729 
25-09-18 14:41:47.789 [restartedMain] INFO  o.a.coyote.http11.Http11NioProtocol - Starting ProtocolHandler ["http-nio-8080"] 
25-09-18 14:41:47.792 [restartedMain] INFO  o.s.b.w.e.tomcat.TomcatWebServer - Tomcat started on port 8080 (http) with context path '/' 
25-09-18 14:41:47.795 [restartedMain] INFO  c.v.vatManager.VatManagerApplication - Started VatManagerApplication in 0.493 seconds (process running for 2767.683) 
25-09-18 14:41:47.796 [restartedMain] INFO  o.s.b.d.a.ConditionEvaluationDeltaLoggingListener - Condition evaluation unchanged 
25-09-18 14:41:58.323 [File Watcher] INFO  o.s.b.d.a.LocalDevToolsAutoConfiguration$RestartingClassPathChangeChangedEventListener - Restarting due to 1 class path change (0 additions, 0 deletions, 1 modification) 
25-09-18 14:41:58.324 [Thread-18] INFO  o.s.b.w.e.tomcat.GracefulShutdown - Commencing graceful shutdown. Waiting for active requests to complete 
25-09-18 14:41:58.324 [tomcat-shutdown] INFO  o.a.coyote.http11.Http11NioProtocol - Pausing ProtocolHandler ["http-nio-8080"] 
25-09-18 14:41:58.344 [tomcat-shutdown] INFO  o.s.b.w.e.tomcat.GracefulShutdown - Graceful shutdown complete 
25-09-18 14:41:58.344 [Thread-18] INFO  o.a.coyote.http11.Http11NioProtocol - Stopping ProtocolHandler ["http-nio-8080"] 
25-09-18 14:41:58.345 [Thread-18] INFO  o.s.o.j.LocalContainerEntityManagerFactoryBean - Closing JPA EntityManagerFactory for persistence unit 'default' 
25-09-18 14:41:58.345 [Thread-18] INFO  com.zaxxer.hikari.HikariDataSource - HikariPool-5 - Shutdown initiated... 
25-09-18 14:41:58.346 [Thread-18] INFO  com.zaxxer.hikari.HikariDataSource - HikariPool-5 - Shutdown completed. 
25-09-18 14:41:58.406 [restartedMain] INFO  c.v.vatManager.VatManagerApplication - Starting VatManagerApplication using Java 21.0.5 with PID 19732 (D:\SpringBoot  Projects\vatManager\target\classes started by neraz in D:\SpringBoot  Projects\vatManager) 
25-09-18 14:41:58.407 [restartedMain] INFO  c.v.vatManager.VatManagerApplication - No active profile set, falling back to 1 default profile: "default" 
25-09-18 14:41:58.511 [restartedMain] INFO  o.s.d.r.c.RepositoryConfigurationDelegate - Bootstrapping Spring Data JPA repositories in DEFAULT mode. 
25-09-18 14:41:58.517 [restartedMain] INFO  o.s.d.r.c.RepositoryConfigurationDelegate - Finished Spring Data repository scanning in 6 ms. Found 1 JPA repository interface. 
25-09-18 14:41:58.568 [restartedMain] INFO  o.s.b.w.e.tomcat.TomcatWebServer - Tomcat initialized with port 8080 (http) 
25-09-18 14:41:58.569 [restartedMain] INFO  o.a.coyote.http11.Http11NioProtocol - Initializing ProtocolHandler ["http-nio-8080"] 
25-09-18 14:41:58.569 [restartedMain] INFO  o.a.catalina.core.StandardService - Starting service [Tomcat] 
25-09-18 14:41:58.569 [restartedMain] INFO  o.a.catalina.core.StandardEngine - Starting Servlet engine: [Apache Tomcat/10.1.44] 
25-09-18 14:41:58.588 [restartedMain] INFO  o.a.c.c.C.[Tomcat-1].[localhost].[/] - Initializing Spring embedded WebApplicationContext 
25-09-18 14:41:58.588 [restartedMain] INFO  o.s.b.w.s.c.ServletWebServerApplicationContext - Root WebApplicationContext: initialization completed in 180 ms 
25-09-18 14:41:58.608 [restartedMain] INFO  o.h.jpa.internal.util.LogHelper - HHH000204: Processing PersistenceUnitInfo [name: default] 
25-09-18 14:41:58.611 [restartedMain] INFO  o.h.c.i.RegionFactoryInitiator - HHH000026: Second-level cache disabled 
25-09-18 14:41:58.616 [restartedMain] INFO  o.s.o.j.p.SpringPersistenceUnitInfo - No LoadTimeWeaver setup: ignoring JPA class transformer 
25-09-18 14:41:58.617 [restartedMain] INFO  com.zaxxer.hikari.HikariDataSource - HikariPool-6 - Starting... 
25-09-18 14:41:58.618 [restartedMain] INFO  com.zaxxer.hikari.pool.HikariPool - HikariPool-6 - Added connection org.sqlite.jdbc4.JDBC4Connection@768db9cd 
25-09-18 14:41:58.619 [restartedMain] INFO  com.zaxxer.hikari.HikariDataSource - HikariPool-6 - Start completed. 
25-09-18 14:41:58.619 [restartedMain] INFO  o.hibernate.orm.connections.pooling - HHH10001005: Database info:
	Database JDBC URL [Connecting through datasource 'HikariDataSource (HikariPool-6)']
	Database driver: undefined/unknown
	Database version: 3.50.3
	Autocommit mode: undefined/unknown
	Isolation level: undefined/unknown
	Minimum pool size: undefined/unknown
	Maximum pool size: undefined/unknown 
25-09-18 14:41:58.658 [restartedMain] INFO  o.h.e.t.j.p.i.JtaPlatformInitiator - HHH000489: No JTA platform available (set 'hibernate.transaction.jta.platform' to enable JTA platform integration) 
25-09-18 14:41:58.661 [restartedMain] INFO  o.s.o.j.LocalContainerEntityManagerFactoryBean - Initialized JPA EntityManagerFactory for persistence unit 'default' 
25-09-18 14:41:58.701 [restartedMain] WARN  o.s.b.a.o.j.JpaBaseConfiguration$JpaWebConfiguration - spring.jpa.open-in-view is enabled by default. Therefore, database queries may be performed during view rendering. Explicitly configure spring.jpa.open-in-view to disable this warning 
25-09-18 14:41:58.760 [restartedMain] INFO  o.s.b.d.a.OptionalLiveReloadServer - LiveReload server is running on port 35729 
25-09-18 14:41:58.766 [restartedMain] INFO  o.a.coyote.http11.Http11NioProtocol - Starting ProtocolHandler ["http-nio-8080"] 
25-09-18 14:41:58.769 [restartedMain] INFO  o.s.b.w.e.tomcat.TomcatWebServer - Tomcat started on port 8080 (http) with context path '/' 
25-09-18 14:41:58.772 [restartedMain] INFO  c.v.vatManager.VatManagerApplication - Started VatManagerApplication in 0.384 seconds (process running for 2778.661) 
25-09-18 14:41:58.773 [restartedMain] INFO  o.s.b.d.a.ConditionEvaluationDeltaLoggingListener - Condition evaluation unchanged 
25-09-18 14:44:20.884 [File Watcher] INFO  o.s.b.d.a.LocalDevToolsAutoConfiguration$RestartingClassPathChangeChangedEventListener - Restarting due to 1 class path change (0 additions, 0 deletions, 1 modification) 
25-09-18 14:44:20.885 [Thread-22] INFO  o.s.b.w.e.tomcat.GracefulShutdown - Commencing graceful shutdown. Waiting for active requests to complete 
25-09-18 14:44:20.885 [tomcat-shutdown] INFO  o.a.coyote.http11.Http11NioProtocol - Pausing ProtocolHandler ["http-nio-8080"] 
25-09-18 14:44:20.904 [tomcat-shutdown] INFO  o.s.b.w.e.tomcat.GracefulShutdown - Graceful shutdown complete 
25-09-18 14:44:20.905 [Thread-22] INFO  o.a.coyote.http11.Http11NioProtocol - Stopping ProtocolHandler ["http-nio-8080"] 
25-09-18 14:44:20.906 [Thread-22] INFO  o.s.o.j.LocalContainerEntityManagerFactoryBean - Closing JPA EntityManagerFactory for persistence unit 'default' 
25-09-18 14:44:20.906 [Thread-22] INFO  com.zaxxer.hikari.HikariDataSource - HikariPool-6 - Shutdown initiated... 
25-09-18 14:44:20.907 [Thread-22] INFO  com.zaxxer.hikari.HikariDataSource - HikariPool-6 - Shutdown completed. 
25-09-18 14:44:20.967 [restartedMain] INFO  c.v.vatManager.VatManagerApplication - Starting VatManagerApplication using Java 21.0.5 with PID 19732 (D:\SpringBoot  Projects\vatManager\target\classes started by neraz in D:\SpringBoot  Projects\vatManager) 
25-09-18 14:44:20.968 [restartedMain] INFO  c.v.vatManager.VatManagerApplication - No active profile set, falling back to 1 default profile: "default" 
25-09-18 14:44:21.083 [restartedMain] INFO  o.s.d.r.c.RepositoryConfigurationDelegate - Bootstrapping Spring Data JPA repositories in DEFAULT mode. 
25-09-18 14:44:21.092 [restartedMain] INFO  o.s.d.r.c.RepositoryConfigurationDelegate - Finished Spring Data repository scanning in 6 ms. Found 1 JPA repository interface. 
25-09-18 14:44:21.147 [restartedMain] INFO  o.s.b.w.e.tomcat.TomcatWebServer - Tomcat initialized with port 8080 (http) 
25-09-18 14:44:21.147 [restartedMain] INFO  o.a.coyote.http11.Http11NioProtocol - Initializing ProtocolHandler ["http-nio-8080"] 
25-09-18 14:44:21.147 [restartedMain] INFO  o.a.catalina.core.StandardService - Starting service [Tomcat] 
25-09-18 14:44:21.147 [restartedMain] INFO  o.a.catalina.core.StandardEngine - Starting Servlet engine: [Apache Tomcat/10.1.44] 
25-09-18 14:44:21.166 [restartedMain] INFO  o.a.c.c.C.[Tomcat-1].[localhost].[/] - Initializing Spring embedded WebApplicationContext 
25-09-18 14:44:21.166 [restartedMain] INFO  o.s.b.w.s.c.ServletWebServerApplicationContext - Root WebApplicationContext: initialization completed in 197 ms 
25-09-18 14:44:21.188 [restartedMain] INFO  o.h.jpa.internal.util.LogHelper - HHH000204: Processing PersistenceUnitInfo [name: default] 
25-09-18 14:44:21.190 [restartedMain] INFO  o.h.c.i.RegionFactoryInitiator - HHH000026: Second-level cache disabled 
25-09-18 14:44:21.195 [restartedMain] INFO  o.s.o.j.p.SpringPersistenceUnitInfo - No LoadTimeWeaver setup: ignoring JPA class transformer 
25-09-18 14:44:21.197 [restartedMain] INFO  com.zaxxer.hikari.HikariDataSource - HikariPool-7 - Starting... 
25-09-18 14:44:21.198 [restartedMain] INFO  com.zaxxer.hikari.pool.HikariPool - HikariPool-7 - Added connection org.sqlite.jdbc4.JDBC4Connection@55d2f3b8 
25-09-18 14:44:21.198 [restartedMain] INFO  com.zaxxer.hikari.HikariDataSource - HikariPool-7 - Start completed. 
25-09-18 14:44:21.198 [restartedMain] INFO  o.hibernate.orm.connections.pooling - HHH10001005: Database info:
	Database JDBC URL [Connecting through datasource 'HikariDataSource (HikariPool-7)']
	Database driver: undefined/unknown
	Database version: 3.50.3
	Autocommit mode: undefined/unknown
	Isolation level: undefined/unknown
	Minimum pool size: undefined/unknown
	Maximum pool size: undefined/unknown 
25-09-18 14:44:21.239 [restartedMain] INFO  o.h.e.t.j.p.i.JtaPlatformInitiator - HHH000489: No JTA platform available (set 'hibernate.transaction.jta.platform' to enable JTA platform integration) 
25-09-18 14:44:21.242 [restartedMain] INFO  o.s.o.j.LocalContainerEntityManagerFactoryBean - Initialized JPA EntityManagerFactory for persistence unit 'default' 
25-09-18 14:44:21.293 [restartedMain] WARN  o.s.b.a.o.j.JpaBaseConfiguration$JpaWebConfiguration - spring.jpa.open-in-view is enabled by default. Therefore, database queries may be performed during view rendering. Explicitly configure spring.jpa.open-in-view to disable this warning 
25-09-18 14:44:21.352 [restartedMain] INFO  o.s.b.d.a.OptionalLiveReloadServer - LiveReload server is running on port 35729 
25-09-18 14:44:21.359 [restartedMain] INFO  o.a.coyote.http11.Http11NioProtocol - Starting ProtocolHandler ["http-nio-8080"] 
25-09-18 14:44:21.362 [restartedMain] INFO  o.s.b.w.e.tomcat.TomcatWebServer - Tomcat started on port 8080 (http) with context path '/' 
25-09-18 14:44:21.364 [restartedMain] INFO  c.v.vatManager.VatManagerApplication - Started VatManagerApplication in 0.415 seconds (process running for 2921.252) 
25-09-18 14:44:21.366 [restartedMain] INFO  o.s.b.d.a.ConditionEvaluationDeltaLoggingListener - Condition evaluation unchanged 
25-09-18 14:45:07.172 [File Watcher] INFO  o.s.b.d.a.LocalDevToolsAutoConfiguration$RestartingClassPathChangeChangedEventListener - Restarting due to 1 class path change (0 additions, 0 deletions, 1 modification) 
25-09-18 14:45:07.173 [Thread-26] INFO  o.s.b.w.e.tomcat.GracefulShutdown - Commencing graceful shutdown. Waiting for active requests to complete 
25-09-18 14:45:07.173 [tomcat-shutdown] INFO  o.a.coyote.http11.Http11NioProtocol - Pausing ProtocolHandler ["http-nio-8080"] 
25-09-18 14:45:07.193 [tomcat-shutdown] INFO  o.s.b.w.e.tomcat.GracefulShutdown - Graceful shutdown complete 
25-09-18 14:45:07.194 [Thread-26] INFO  o.a.coyote.http11.Http11NioProtocol - Stopping ProtocolHandler ["http-nio-8080"] 
25-09-18 14:45:07.195 [Thread-26] INFO  o.s.o.j.LocalContainerEntityManagerFactoryBean - Closing JPA EntityManagerFactory for persistence unit 'default' 
25-09-18 14:45:07.196 [Thread-26] INFO  com.zaxxer.hikari.HikariDataSource - HikariPool-7 - Shutdown initiated... 
25-09-18 14:45:07.197 [Thread-26] INFO  com.zaxxer.hikari.HikariDataSource - HikariPool-7 - Shutdown completed. 
25-09-18 14:45:07.255 [restartedMain] INFO  c.v.vatManager.VatManagerApplication - Starting VatManagerApplication using Java 21.0.5 with PID 19732 (D:\SpringBoot  Projects\vatManager\target\classes started by neraz in D:\SpringBoot  Projects\vatManager) 
25-09-18 14:45:07.256 [restartedMain] INFO  c.v.vatManager.VatManagerApplication - No active profile set, falling back to 1 default profile: "default" 
25-09-18 14:45:07.369 [restartedMain] INFO  o.s.d.r.c.RepositoryConfigurationDelegate - Bootstrapping Spring Data JPA repositories in DEFAULT mode. 
25-09-18 14:45:07.377 [restartedMain] INFO  o.s.d.r.c.RepositoryConfigurationDelegate - Finished Spring Data repository scanning in 6 ms. Found 1 JPA repository interface. 
25-09-18 14:45:07.429 [restartedMain] INFO  o.s.b.w.e.tomcat.TomcatWebServer - Tomcat initialized with port 8080 (http) 
25-09-18 14:45:07.430 [restartedMain] INFO  o.a.coyote.http11.Http11NioProtocol - Initializing ProtocolHandler ["http-nio-8080"] 
25-09-18 14:45:07.430 [restartedMain] INFO  o.a.catalina.core.StandardService - Starting service [Tomcat] 
25-09-18 14:45:07.430 [restartedMain] INFO  o.a.catalina.core.StandardEngine - Starting Servlet engine: [Apache Tomcat/10.1.44] 
25-09-18 14:45:07.449 [restartedMain] INFO  o.a.c.c.C.[Tomcat-1].[localhost].[/] - Initializing Spring embedded WebApplicationContext 
25-09-18 14:45:07.449 [restartedMain] INFO  o.s.b.w.s.c.ServletWebServerApplicationContext - Root WebApplicationContext: initialization completed in 192 ms 
25-09-18 14:45:07.471 [restartedMain] INFO  o.h.jpa.internal.util.LogHelper - HHH000204: Processing PersistenceUnitInfo [name: default] 
25-09-18 14:45:07.475 [restartedMain] INFO  o.h.c.i.RegionFactoryInitiator - HHH000026: Second-level cache disabled 
25-09-18 14:45:07.479 [restartedMain] INFO  o.s.o.j.p.SpringPersistenceUnitInfo - No LoadTimeWeaver setup: ignoring JPA class transformer 
25-09-18 14:45:07.480 [restartedMain] INFO  com.zaxxer.hikari.HikariDataSource - HikariPool-8 - Starting... 
25-09-18 14:45:07.481 [restartedMain] INFO  com.zaxxer.hikari.pool.HikariPool - HikariPool-8 - Added connection org.sqlite.jdbc4.JDBC4Connection@3e76d043 
25-09-18 14:45:07.481 [restartedMain] INFO  com.zaxxer.hikari.HikariDataSource - HikariPool-8 - Start completed. 
25-09-18 14:45:07.482 [restartedMain] INFO  o.hibernate.orm.connections.pooling - HHH10001005: Database info:
	Database JDBC URL [Connecting through datasource 'HikariDataSource (HikariPool-8)']
	Database driver: undefined/unknown
	Database version: 3.50.3
	Autocommit mode: undefined/unknown
	Isolation level: undefined/unknown
	Minimum pool size: undefined/unknown
	Maximum pool size: undefined/unknown 
25-09-18 14:45:07.525 [restartedMain] INFO  o.h.e.t.j.p.i.JtaPlatformInitiator - HHH000489: No JTA platform available (set 'hibernate.transaction.jta.platform' to enable JTA platform integration) 
25-09-18 14:45:07.527 [restartedMain] INFO  o.s.o.j.LocalContainerEntityManagerFactoryBean - Initialized JPA EntityManagerFactory for persistence unit 'default' 
25-09-18 14:45:07.571 [restartedMain] WARN  o.s.b.a.o.j.JpaBaseConfiguration$JpaWebConfiguration - spring.jpa.open-in-view is enabled by default. Therefore, database queries may be performed during view rendering. Explicitly configure spring.jpa.open-in-view to disable this warning 
25-09-18 14:45:07.629 [restartedMain] INFO  o.s.b.d.a.OptionalLiveReloadServer - LiveReload server is running on port 35729 
25-09-18 14:45:07.635 [restartedMain] INFO  o.a.coyote.http11.Http11NioProtocol - Starting ProtocolHandler ["http-nio-8080"] 
25-09-18 14:45:07.638 [restartedMain] INFO  o.s.b.w.e.tomcat.TomcatWebServer - Tomcat started on port 8080 (http) with context path '/' 
25-09-18 14:45:07.641 [restartedMain] INFO  c.v.vatManager.VatManagerApplication - Started VatManagerApplication in 0.402 seconds (process running for 2967.529) 
25-09-18 14:45:07.641 [restartedMain] INFO  o.s.b.d.a.ConditionEvaluationDeltaLoggingListener - Condition evaluation unchanged 
25-09-18 14:46:57.761 [File Watcher] INFO  o.s.b.d.a.LocalDevToolsAutoConfiguration$RestartingClassPathChangeChangedEventListener - Restarting due to 1 class path change (0 additions, 0 deletions, 1 modification) 
25-09-18 14:46:57.762 [Thread-30] INFO  o.s.b.w.e.tomcat.GracefulShutdown - Commencing graceful shutdown. Waiting for active requests to complete 
25-09-18 14:46:57.762 [tomcat-shutdown] INFO  o.a.coyote.http11.Http11NioProtocol - Pausing ProtocolHandler ["http-nio-8080"] 
25-09-18 14:46:57.782 [tomcat-shutdown] INFO  o.s.b.w.e.tomcat.GracefulShutdown - Graceful shutdown complete 
25-09-18 14:46:57.782 [Thread-30] INFO  o.a.coyote.http11.Http11NioProtocol - Stopping ProtocolHandler ["http-nio-8080"] 
25-09-18 14:46:57.785 [Thread-30] INFO  o.s.o.j.LocalContainerEntityManagerFactoryBean - Closing JPA EntityManagerFactory for persistence unit 'default' 
25-09-18 14:46:57.786 [Thread-30] INFO  com.zaxxer.hikari.HikariDataSource - HikariPool-8 - Shutdown initiated... 
25-09-18 14:46:57.787 [Thread-30] INFO  com.zaxxer.hikari.HikariDataSource - HikariPool-8 - Shutdown completed. 
25-09-18 14:46:57.851 [restartedMain] INFO  c.v.vatManager.VatManagerApplication - Starting VatManagerApplication using Java 21.0.5 with PID 19732 (D:\SpringBoot  Projects\vatManager\target\classes started by neraz in D:\SpringBoot  Projects\vatManager) 
25-09-18 14:46:57.851 [restartedMain] INFO  c.v.vatManager.VatManagerApplication - No active profile set, falling back to 1 default profile: "default" 
25-09-18 14:46:57.966 [restartedMain] INFO  o.s.d.r.c.RepositoryConfigurationDelegate - Bootstrapping Spring Data JPA repositories in DEFAULT mode. 
25-09-18 14:46:57.973 [restartedMain] INFO  o.s.d.r.c.RepositoryConfigurationDelegate - Finished Spring Data repository scanning in 6 ms. Found 1 JPA repository interface. 
25-09-18 14:46:58.025 [restartedMain] INFO  o.s.b.w.e.tomcat.TomcatWebServer - Tomcat initialized with port 8080 (http) 
25-09-18 14:46:58.025 [restartedMain] INFO  o.a.coyote.http11.Http11NioProtocol - Initializing ProtocolHandler ["http-nio-8080"] 
25-09-18 14:46:58.026 [restartedMain] INFO  o.a.catalina.core.StandardService - Starting service [Tomcat] 
25-09-18 14:46:58.026 [restartedMain] INFO  o.a.catalina.core.StandardEngine - Starting Servlet engine: [Apache Tomcat/10.1.44] 
25-09-18 14:46:58.045 [restartedMain] INFO  o.a.c.c.C.[Tomcat-1].[localhost].[/] - Initializing Spring embedded WebApplicationContext 
25-09-18 14:46:58.045 [restartedMain] INFO  o.s.b.w.s.c.ServletWebServerApplicationContext - Root WebApplicationContext: initialization completed in 194 ms 
25-09-18 14:46:58.067 [restartedMain] INFO  o.h.jpa.internal.util.LogHelper - HHH000204: Processing PersistenceUnitInfo [name: default] 
25-09-18 14:46:58.070 [restartedMain] INFO  o.h.c.i.RegionFactoryInitiator - HHH000026: Second-level cache disabled 
25-09-18 14:46:58.074 [restartedMain] INFO  o.s.o.j.p.SpringPersistenceUnitInfo - No LoadTimeWeaver setup: ignoring JPA class transformer 
25-09-18 14:46:58.076 [restartedMain] INFO  com.zaxxer.hikari.HikariDataSource - HikariPool-9 - Starting... 
25-09-18 14:46:58.077 [restartedMain] INFO  com.zaxxer.hikari.pool.HikariPool - HikariPool-9 - Added connection org.sqlite.jdbc4.JDBC4Connection@15c45689 
25-09-18 14:46:58.077 [restartedMain] INFO  com.zaxxer.hikari.HikariDataSource - HikariPool-9 - Start completed. 
25-09-18 14:46:58.077 [restartedMain] INFO  o.hibernate.orm.connections.pooling - HHH10001005: Database info:
	Database JDBC URL [Connecting through datasource 'HikariDataSource (HikariPool-9)']
	Database driver: undefined/unknown
	Database version: 3.50.3
	Autocommit mode: undefined/unknown
	Isolation level: undefined/unknown
	Minimum pool size: undefined/unknown
	Maximum pool size: undefined/unknown 
25-09-18 14:46:58.119 [restartedMain] INFO  o.h.e.t.j.p.i.JtaPlatformInitiator - HHH000489: No JTA platform available (set 'hibernate.transaction.jta.platform' to enable JTA platform integration) 
25-09-18 14:46:58.121 [restartedMain] INFO  o.s.o.j.LocalContainerEntityManagerFactoryBean - Initialized JPA EntityManagerFactory for persistence unit 'default' 
25-09-18 14:46:58.168 [restartedMain] WARN  o.s.b.a.o.j.JpaBaseConfiguration$JpaWebConfiguration - spring.jpa.open-in-view is enabled by default. Therefore, database queries may be performed during view rendering. Explicitly configure spring.jpa.open-in-view to disable this warning 
25-09-18 14:46:58.228 [restartedMain] INFO  o.s.b.d.a.OptionalLiveReloadServer - LiveReload server is running on port 35729 
25-09-18 14:46:58.234 [restartedMain] INFO  o.a.coyote.http11.Http11NioProtocol - Starting ProtocolHandler ["http-nio-8080"] 
25-09-18 14:46:58.236 [restartedMain] INFO  o.s.b.w.e.tomcat.TomcatWebServer - Tomcat started on port 8080 (http) with context path '/' 
25-09-18 14:46:58.240 [restartedMain] INFO  c.v.vatManager.VatManagerApplication - Started VatManagerApplication in 0.408 seconds (process running for 3078.129) 
25-09-18 14:46:58.241 [restartedMain] INFO  o.s.b.d.a.ConditionEvaluationDeltaLoggingListener - Condition evaluation unchanged 
25-09-18 14:47:17.922 [File Watcher] INFO  o.s.b.d.a.LocalDevToolsAutoConfiguration$RestartingClassPathChangeChangedEventListener - Restarting due to 1 class path change (0 additions, 0 deletions, 1 modification) 
25-09-18 14:47:17.923 [Thread-34] INFO  o.s.b.w.e.tomcat.GracefulShutdown - Commencing graceful shutdown. Waiting for active requests to complete 
25-09-18 14:47:17.923 [tomcat-shutdown] INFO  o.a.coyote.http11.Http11NioProtocol - Pausing ProtocolHandler ["http-nio-8080"] 
25-09-18 14:47:17.945 [tomcat-shutdown] INFO  o.s.b.w.e.tomcat.GracefulShutdown - Graceful shutdown complete 
25-09-18 14:47:17.945 [Thread-34] INFO  o.a.coyote.http11.Http11NioProtocol - Stopping ProtocolHandler ["http-nio-8080"] 
25-09-18 14:47:17.946 [Thread-34] INFO  o.s.o.j.LocalContainerEntityManagerFactoryBean - Closing JPA EntityManagerFactory for persistence unit 'default' 
25-09-18 14:47:17.947 [Thread-34] INFO  com.zaxxer.hikari.HikariDataSource - HikariPool-9 - Shutdown initiated... 
25-09-18 14:47:17.947 [Thread-34] INFO  com.zaxxer.hikari.HikariDataSource - HikariPool-9 - Shutdown completed. 
25-09-18 14:47:18.012 [restartedMain] INFO  c.v.vatManager.VatManagerApplication - Starting VatManagerApplication using Java 21.0.5 with PID 19732 (D:\SpringBoot  Projects\vatManager\target\classes started by neraz in D:\SpringBoot  Projects\vatManager) 
25-09-18 14:47:18.012 [restartedMain] INFO  c.v.vatManager.VatManagerApplication - No active profile set, falling back to 1 default profile: "default" 
25-09-18 14:47:18.129 [restartedMain] INFO  o.s.d.r.c.RepositoryConfigurationDelegate - Bootstrapping Spring Data JPA repositories in DEFAULT mode. 
25-09-18 14:47:18.137 [restartedMain] INFO  o.s.d.r.c.RepositoryConfigurationDelegate - Finished Spring Data repository scanning in 6 ms. Found 1 JPA repository interface. 
25-09-18 14:47:18.191 [restartedMain] INFO  o.s.b.w.e.tomcat.TomcatWebServer - Tomcat initialized with port 8080 (http) 
25-09-18 14:47:18.191 [restartedMain] INFO  o.a.coyote.http11.Http11NioProtocol - Initializing ProtocolHandler ["http-nio-8080"] 
25-09-18 14:47:18.191 [restartedMain] INFO  o.a.catalina.core.StandardService - Starting service [Tomcat] 
25-09-18 14:47:18.191 [restartedMain] INFO  o.a.catalina.core.StandardEngine - Starting Servlet engine: [Apache Tomcat/10.1.44] 
25-09-18 14:47:18.210 [restartedMain] INFO  o.a.c.c.C.[Tomcat-1].[localhost].[/] - Initializing Spring embedded WebApplicationContext 
25-09-18 14:47:18.210 [restartedMain] INFO  o.s.b.w.s.c.ServletWebServerApplicationContext - Root WebApplicationContext: initialization completed in 196 ms 
25-09-18 14:47:18.231 [restartedMain] INFO  o.h.jpa.internal.util.LogHelper - HHH000204: Processing PersistenceUnitInfo [name: default] 
25-09-18 14:47:18.234 [restartedMain] INFO  o.h.c.i.RegionFactoryInitiator - HHH000026: Second-level cache disabled 
25-09-18 14:47:18.241 [restartedMain] INFO  o.s.o.j.p.SpringPersistenceUnitInfo - No LoadTimeWeaver setup: ignoring JPA class transformer 
25-09-18 14:47:18.243 [restartedMain] INFO  com.zaxxer.hikari.HikariDataSource - HikariPool-10 - Starting... 
25-09-18 14:47:18.243 [restartedMain] INFO  com.zaxxer.hikari.pool.HikariPool - HikariPool-10 - Added connection org.sqlite.jdbc4.JDBC4Connection@50f705cc 
25-09-18 14:47:18.243 [restartedMain] INFO  com.zaxxer.hikari.HikariDataSource - HikariPool-10 - Start completed. 
25-09-18 14:47:18.244 [restartedMain] INFO  o.hibernate.orm.connections.pooling - HHH10001005: Database info:
	Database JDBC URL [Connecting through datasource 'HikariDataSource (HikariPool-10)']
	Database driver: undefined/unknown
	Database version: 3.50.3
	Autocommit mode: undefined/unknown
	Isolation level: undefined/unknown
	Minimum pool size: undefined/unknown
	Maximum pool size: undefined/unknown 
25-09-18 14:47:18.279 [restartedMain] INFO  o.h.e.t.j.p.i.JtaPlatformInitiator - HHH000489: No JTA platform available (set 'hibernate.transaction.jta.platform' to enable JTA platform integration) 
25-09-18 14:47:18.280 [restartedMain] INFO  o.s.o.j.LocalContainerEntityManagerFactoryBean - Initialized JPA EntityManagerFactory for persistence unit 'default' 
25-09-18 14:47:18.322 [restartedMain] WARN  o.s.b.a.o.j.JpaBaseConfiguration$JpaWebConfiguration - spring.jpa.open-in-view is enabled by default. Therefore, database queries may be performed during view rendering. Explicitly configure spring.jpa.open-in-view to disable this warning 
25-09-18 14:47:18.380 [restartedMain] INFO  o.s.b.d.a.OptionalLiveReloadServer - LiveReload server is running on port 35729 
25-09-18 14:47:18.386 [restartedMain] INFO  o.a.coyote.http11.Http11NioProtocol - Starting ProtocolHandler ["http-nio-8080"] 
25-09-18 14:47:18.388 [restartedMain] INFO  o.s.b.w.e.tomcat.TomcatWebServer - Tomcat started on port 8080 (http) with context path '/' 
25-09-18 14:47:18.391 [restartedMain] INFO  c.v.vatManager.VatManagerApplication - Started VatManagerApplication in 0.399 seconds (process running for 3098.28) 
25-09-18 14:47:18.392 [restartedMain] INFO  o.s.b.d.a.ConditionEvaluationDeltaLoggingListener - Condition evaluation unchanged 
25-09-18 14:47:24.956 [http-nio-8080-exec-2] INFO  o.a.c.c.C.[Tomcat-1].[localhost].[/] - Initializing Spring DispatcherServlet 'dispatcherServlet' 
25-09-18 14:47:24.956 [http-nio-8080-exec-2] INFO  o.s.web.servlet.DispatcherServlet - Initializing Servlet 'dispatcherServlet' 
25-09-18 14:47:24.957 [http-nio-8080-exec-2] INFO  o.s.web.servlet.DispatcherServlet - Completed initialization in 1 ms 
25-09-18 14:47:24.959 [http-nio-8080-exec-2] INFO  c.v.v.service.ClientServiceImpl - Getting all the Clients from the Database. 
25-09-18 14:48:28.369 [http-nio-8080-exec-4] INFO  c.v.v.service.ClientServiceImpl - Getting all the Clients from the Database. 
25-09-18 14:49:35.756 [File Watcher] INFO  o.s.b.d.a.LocalDevToolsAutoConfiguration$RestartingClassPathChangeChangedEventListener - Restarting due to 1 class path change (1 addition, 0 deletions, 0 modifications) 
25-09-18 14:49:35.757 [Thread-38] INFO  o.s.b.w.e.tomcat.GracefulShutdown - Commencing graceful shutdown. Waiting for active requests to complete 
25-09-18 14:49:35.757 [tomcat-shutdown] INFO  o.a.coyote.http11.Http11NioProtocol - Pausing ProtocolHandler ["http-nio-8080"] 
25-09-18 14:49:35.774 [tomcat-shutdown] INFO  o.s.b.w.e.tomcat.GracefulShutdown - Graceful shutdown complete 
25-09-18 14:49:35.775 [Thread-38] INFO  o.a.coyote.http11.Http11NioProtocol - Stopping ProtocolHandler ["http-nio-8080"] 
25-09-18 14:49:35.776 [Thread-38] INFO  o.s.o.j.LocalContainerEntityManagerFactoryBean - Closing JPA EntityManagerFactory for persistence unit 'default' 
25-09-18 14:49:35.776 [Thread-38] INFO  com.zaxxer.hikari.HikariDataSource - HikariPool-10 - Shutdown initiated... 
25-09-18 14:49:35.777 [Thread-38] INFO  com.zaxxer.hikari.HikariDataSource - HikariPool-10 - Shutdown completed. 
25-09-18 14:49:35.844 [restartedMain] INFO  c.v.vatManager.VatManagerApplication - Starting VatManagerApplication using Java 21.0.5 with PID 19732 (D:\SpringBoot  Projects\vatManager\target\classes started by neraz in D:\SpringBoot  Projects\vatManager) 
25-09-18 14:49:35.845 [restartedMain] INFO  c.v.vatManager.VatManagerApplication - No active profile set, falling back to 1 default profile: "default" 
25-09-18 14:49:35.962 [restartedMain] INFO  o.s.d.r.c.RepositoryConfigurationDelegate - Bootstrapping Spring Data JPA repositories in DEFAULT mode. 
25-09-18 14:49:35.969 [restartedMain] INFO  o.s.d.r.c.RepositoryConfigurationDelegate - Finished Spring Data repository scanning in 6 ms. Found 1 JPA repository interface. 
25-09-18 14:49:36.033 [restartedMain] INFO  o.s.b.w.e.tomcat.TomcatWebServer - Tomcat initialized with port 8080 (http) 
25-09-18 14:49:36.035 [restartedMain] INFO  o.a.coyote.http11.Http11NioProtocol - Initializing ProtocolHandler ["http-nio-8080"] 
25-09-18 14:49:36.035 [restartedMain] INFO  o.a.catalina.core.StandardService - Starting service [Tomcat] 
25-09-18 14:49:36.035 [restartedMain] INFO  o.a.catalina.core.StandardEngine - Starting Servlet engine: [Apache Tomcat/10.1.44] 
25-09-18 14:49:36.056 [restartedMain] INFO  o.a.c.c.C.[Tomcat-1].[localhost].[/] - Initializing Spring embedded WebApplicationContext 
25-09-18 14:49:36.056 [restartedMain] INFO  o.s.b.w.s.c.ServletWebServerApplicationContext - Root WebApplicationContext: initialization completed in 210 ms 
25-09-18 14:49:36.082 [restartedMain] INFO  o.h.jpa.internal.util.LogHelper - HHH000204: Processing PersistenceUnitInfo [name: default] 
25-09-18 14:49:36.085 [restartedMain] INFO  o.h.c.i.RegionFactoryInitiator - HHH000026: Second-level cache disabled 
25-09-18 14:49:36.090 [restartedMain] INFO  o.s.o.j.p.SpringPersistenceUnitInfo - No LoadTimeWeaver setup: ignoring JPA class transformer 
25-09-18 14:49:36.091 [restartedMain] INFO  com.zaxxer.hikari.HikariDataSource - HikariPool-11 - Starting... 
25-09-18 14:49:36.093 [restartedMain] INFO  com.zaxxer.hikari.pool.HikariPool - HikariPool-11 - Added connection org.sqlite.jdbc4.JDBC4Connection@38cd4b81 
25-09-18 14:49:36.093 [restartedMain] INFO  com.zaxxer.hikari.HikariDataSource - HikariPool-11 - Start completed. 
25-09-18 14:49:36.094 [restartedMain] INFO  o.hibernate.orm.connections.pooling - HHH10001005: Database info:
	Database JDBC URL [Connecting through datasource 'HikariDataSource (HikariPool-11)']
	Database driver: undefined/unknown
	Database version: 3.50.3
	Autocommit mode: undefined/unknown
	Isolation level: undefined/unknown
	Minimum pool size: undefined/unknown
	Maximum pool size: undefined/unknown 
25-09-18 14:49:36.143 [restartedMain] INFO  o.h.e.t.j.p.i.JtaPlatformInitiator - HHH000489: No JTA platform available (set 'hibernate.transaction.jta.platform' to enable JTA platform integration) 
25-09-18 14:49:36.145 [restartedMain] INFO  o.s.o.j.LocalContainerEntityManagerFactoryBean - Initialized JPA EntityManagerFactory for persistence unit 'default' 
25-09-18 14:49:36.194 [restartedMain] WARN  o.s.b.a.o.j.JpaBaseConfiguration$JpaWebConfiguration - spring.jpa.open-in-view is enabled by default. Therefore, database queries may be performed during view rendering. Explicitly configure spring.jpa.open-in-view to disable this warning 
25-09-18 14:49:36.274 [restartedMain] INFO  o.s.b.d.a.OptionalLiveReloadServer - LiveReload server is running on port 35729 
25-09-18 14:49:36.280 [restartedMain] INFO  o.a.coyote.http11.Http11NioProtocol - Starting ProtocolHandler ["http-nio-8080"] 
25-09-18 14:49:36.283 [restartedMain] INFO  o.s.b.w.e.tomcat.TomcatWebServer - Tomcat started on port 8080 (http) with context path '/' 
25-09-18 14:49:36.285 [restartedMain] INFO  c.v.vatManager.VatManagerApplication - Started VatManagerApplication in 0.462 seconds (process running for 3236.174) 
25-09-18 14:49:36.286 [restartedMain] INFO  o.s.b.d.a.ConditionEvaluationDeltaLoggingListener - Condition evaluation unchanged 
25-09-18 14:49:39.717 [File Watcher] INFO  o.s.b.d.a.LocalDevToolsAutoConfiguration$RestartingClassPathChangeChangedEventListener - Restarting due to 1 class path change (0 additions, 0 deletions, 1 modification) 
25-09-18 14:49:39.718 [Thread-42] INFO  o.s.b.w.e.tomcat.GracefulShutdown - Commencing graceful shutdown. Waiting for active requests to complete 
25-09-18 14:49:39.718 [tomcat-shutdown] INFO  o.a.coyote.http11.Http11NioProtocol - Pausing ProtocolHandler ["http-nio-8080"] 
25-09-18 14:49:39.738 [tomcat-shutdown] INFO  o.s.b.w.e.tomcat.GracefulShutdown - Graceful shutdown complete 
25-09-18 14:49:39.738 [Thread-42] INFO  o.a.coyote.http11.Http11NioProtocol - Stopping ProtocolHandler ["http-nio-8080"] 
25-09-18 14:49:39.739 [Thread-42] INFO  o.s.o.j.LocalContainerEntityManagerFactoryBean - Closing JPA EntityManagerFactory for persistence unit 'default' 
25-09-18 14:49:39.740 [Thread-42] INFO  com.zaxxer.hikari.HikariDataSource - HikariPool-11 - Shutdown initiated... 
25-09-18 14:49:39.741 [Thread-42] INFO  com.zaxxer.hikari.HikariDataSource - HikariPool-11 - Shutdown completed. 
25-09-18 14:49:39.802 [restartedMain] INFO  c.v.vatManager.VatManagerApplication - Starting VatManagerApplication using Java 21.0.5 with PID 19732 (D:\SpringBoot  Projects\vatManager\target\classes started by neraz in D:\SpringBoot  Projects\vatManager) 
25-09-18 14:49:39.802 [restartedMain] INFO  c.v.vatManager.VatManagerApplication - No active profile set, falling back to 1 default profile: "default" 
25-09-18 14:49:39.904 [restartedMain] INFO  o.s.d.r.c.RepositoryConfigurationDelegate - Bootstrapping Spring Data JPA repositories in DEFAULT mode. 
25-09-18 14:49:39.911 [restartedMain] INFO  o.s.d.r.c.RepositoryConfigurationDelegate - Finished Spring Data repository scanning in 5 ms. Found 1 JPA repository interface. 
25-09-18 14:49:39.961 [restartedMain] INFO  o.s.b.w.e.tomcat.TomcatWebServer - Tomcat initialized with port 8080 (http) 
25-09-18 14:49:39.961 [restartedMain] INFO  o.a.coyote.http11.Http11NioProtocol - Initializing ProtocolHandler ["http-nio-8080"] 
25-09-18 14:49:39.962 [restartedMain] INFO  o.a.catalina.core.StandardService - Starting service [Tomcat] 
25-09-18 14:49:39.962 [restartedMain] INFO  o.a.catalina.core.StandardEngine - Starting Servlet engine: [Apache Tomcat/10.1.44] 
25-09-18 14:49:39.980 [restartedMain] INFO  o.a.c.c.C.[Tomcat-1].[localhost].[/] - Initializing Spring embedded WebApplicationContext 
25-09-18 14:49:39.980 [restartedMain] INFO  o.s.b.w.s.c.ServletWebServerApplicationContext - Root WebApplicationContext: initialization completed in 177 ms 
25-09-18 14:49:40.001 [restartedMain] INFO  o.h.jpa.internal.util.LogHelper - HHH000204: Processing PersistenceUnitInfo [name: default] 
25-09-18 14:49:40.004 [restartedMain] INFO  o.h.c.i.RegionFactoryInitiator - HHH000026: Second-level cache disabled 
25-09-18 14:49:40.008 [restartedMain] INFO  o.s.o.j.p.SpringPersistenceUnitInfo - No LoadTimeWeaver setup: ignoring JPA class transformer 
25-09-18 14:49:40.009 [restartedMain] INFO  com.zaxxer.hikari.HikariDataSource - HikariPool-12 - Starting... 
25-09-18 14:49:40.010 [restartedMain] INFO  com.zaxxer.hikari.pool.HikariPool - HikariPool-12 - Added connection org.sqlite.jdbc4.JDBC4Connection@72065d43 
25-09-18 14:49:40.010 [restartedMain] INFO  com.zaxxer.hikari.HikariDataSource - HikariPool-12 - Start completed. 
25-09-18 14:49:40.011 [restartedMain] INFO  o.hibernate.orm.connections.pooling - HHH10001005: Database info:
	Database JDBC URL [Connecting through datasource 'HikariDataSource (HikariPool-12)']
	Database driver: undefined/unknown
	Database version: 3.50.3
	Autocommit mode: undefined/unknown
	Isolation level: undefined/unknown
	Minimum pool size: undefined/unknown
	Maximum pool size: undefined/unknown 
25-09-18 14:49:40.047 [restartedMain] INFO  o.h.e.t.j.p.i.JtaPlatformInitiator - HHH000489: No JTA platform available (set 'hibernate.transaction.jta.platform' to enable JTA platform integration) 
25-09-18 14:49:40.049 [restartedMain] INFO  o.s.o.j.LocalContainerEntityManagerFactoryBean - Initialized JPA EntityManagerFactory for persistence unit 'default' 
25-09-18 14:49:40.089 [restartedMain] WARN  o.s.b.a.o.j.JpaBaseConfiguration$JpaWebConfiguration - spring.jpa.open-in-view is enabled by default. Therefore, database queries may be performed during view rendering. Explicitly configure spring.jpa.open-in-view to disable this warning 
25-09-18 14:49:40.146 [restartedMain] INFO  o.s.b.d.a.OptionalLiveReloadServer - LiveReload server is running on port 35729 
25-09-18 14:49:40.151 [restartedMain] INFO  o.a.coyote.http11.Http11NioProtocol - Starting ProtocolHandler ["http-nio-8080"] 
25-09-18 14:49:40.155 [restartedMain] INFO  o.s.b.w.e.tomcat.TomcatWebServer - Tomcat started on port 8080 (http) with context path '/' 
25-09-18 14:49:40.157 [restartedMain] INFO  c.v.vatManager.VatManagerApplication - Started VatManagerApplication in 0.371 seconds (process running for 3240.045) 
25-09-18 14:49:40.158 [restartedMain] INFO  o.s.b.d.a.ConditionEvaluationDeltaLoggingListener - Condition evaluation unchanged 
25-09-18 14:51:26.049 [File Watcher] INFO  o.s.b.d.a.LocalDevToolsAutoConfiguration$RestartingClassPathChangeChangedEventListener - Restarting due to 1 class path change (1 addition, 0 deletions, 0 modifications) 
25-09-18 14:51:26.050 [Thread-46] INFO  o.s.b.w.e.tomcat.GracefulShutdown - Commencing graceful shutdown. Waiting for active requests to complete 
25-09-18 14:51:26.050 [tomcat-shutdown] INFO  o.a.coyote.http11.Http11NioProtocol - Pausing ProtocolHandler ["http-nio-8080"] 
25-09-18 14:51:26.070 [tomcat-shutdown] INFO  o.s.b.w.e.tomcat.GracefulShutdown - Graceful shutdown complete 
25-09-18 14:51:26.070 [Thread-46] INFO  o.a.coyote.http11.Http11NioProtocol - Stopping ProtocolHandler ["http-nio-8080"] 
25-09-18 14:51:26.071 [Thread-46] INFO  o.s.o.j.LocalContainerEntityManagerFactoryBean - Closing JPA EntityManagerFactory for persistence unit 'default' 
25-09-18 14:51:26.071 [Thread-46] INFO  com.zaxxer.hikari.HikariDataSource - HikariPool-12 - Shutdown initiated... 
25-09-18 14:51:26.072 [Thread-46] INFO  com.zaxxer.hikari.HikariDataSource - HikariPool-12 - Shutdown completed. 
25-09-18 14:51:26.134 [restartedMain] INFO  c.v.vatManager.VatManagerApplication - Starting VatManagerApplication using Java 21.0.5 with PID 19732 (D:\SpringBoot  Projects\vatManager\target\classes started by neraz in D:\SpringBoot  Projects\vatManager) 
25-09-18 14:51:26.134 [restartedMain] INFO  c.v.vatManager.VatManagerApplication - No active profile set, falling back to 1 default profile: "default" 
25-09-18 14:51:26.245 [restartedMain] INFO  o.s.d.r.c.RepositoryConfigurationDelegate - Bootstrapping Spring Data JPA repositories in DEFAULT mode. 
25-09-18 14:51:26.253 [restartedMain] INFO  o.s.d.r.c.RepositoryConfigurationDelegate - Finished Spring Data repository scanning in 6 ms. Found 1 JPA repository interface. 
25-09-18 14:51:26.304 [restartedMain] INFO  o.s.b.w.e.tomcat.TomcatWebServer - Tomcat initialized with port 8080 (http) 
25-09-18 14:51:26.305 [restartedMain] INFO  o.a.coyote.http11.Http11NioProtocol - Initializing ProtocolHandler ["http-nio-8080"] 
25-09-18 14:51:26.305 [restartedMain] INFO  o.a.catalina.core.StandardService - Starting service [Tomcat] 
25-09-18 14:51:26.305 [restartedMain] INFO  o.a.catalina.core.StandardEngine - Starting Servlet engine: [Apache Tomcat/10.1.44] 
25-09-18 14:51:26.322 [restartedMain] INFO  o.a.c.c.C.[Tomcat-1].[localhost].[/] - Initializing Spring embedded WebApplicationContext 
25-09-18 14:51:26.322 [restartedMain] INFO  o.s.b.w.s.c.ServletWebServerApplicationContext - Root WebApplicationContext: initialization completed in 187 ms 
25-09-18 14:51:26.343 [restartedMain] INFO  o.h.jpa.internal.util.LogHelper - HHH000204: Processing PersistenceUnitInfo [name: default] 
25-09-18 14:51:26.346 [restartedMain] INFO  o.h.c.i.RegionFactoryInitiator - HHH000026: Second-level cache disabled 
25-09-18 14:51:26.350 [restartedMain] INFO  o.s.o.j.p.SpringPersistenceUnitInfo - No LoadTimeWeaver setup: ignoring JPA class transformer 
25-09-18 14:51:26.351 [restartedMain] INFO  com.zaxxer.hikari.HikariDataSource - HikariPool-13 - Starting... 
25-09-18 14:51:26.352 [restartedMain] INFO  com.zaxxer.hikari.pool.HikariPool - HikariPool-13 - Added connection org.sqlite.jdbc4.JDBC4Connection@65f3e076 
25-09-18 14:51:26.352 [restartedMain] INFO  com.zaxxer.hikari.HikariDataSource - HikariPool-13 - Start completed. 
25-09-18 14:51:26.352 [restartedMain] INFO  o.hibernate.orm.connections.pooling - HHH10001005: Database info:
	Database JDBC URL [Connecting through datasource 'HikariDataSource (HikariPool-13)']
	Database driver: undefined/unknown
	Database version: 3.50.3
	Autocommit mode: undefined/unknown
	Isolation level: undefined/unknown
	Minimum pool size: undefined/unknown
	Maximum pool size: undefined/unknown 
25-09-18 14:51:26.393 [restartedMain] INFO  o.h.e.t.j.p.i.JtaPlatformInitiator - HHH000489: No JTA platform available (set 'hibernate.transaction.jta.platform' to enable JTA platform integration) 
25-09-18 14:51:26.394 [restartedMain] INFO  o.s.o.j.LocalContainerEntityManagerFactoryBean - Initialized JPA EntityManagerFactory for persistence unit 'default' 
25-09-18 14:51:26.440 [restartedMain] WARN  o.s.b.a.o.j.JpaBaseConfiguration$JpaWebConfiguration - spring.jpa.open-in-view is enabled by default. Therefore, database queries may be performed during view rendering. Explicitly configure spring.jpa.open-in-view to disable this warning 
25-09-18 14:51:26.501 [restartedMain] INFO  o.s.b.d.a.OptionalLiveReloadServer - LiveReload server is running on port 35729 
25-09-18 14:51:26.507 [restartedMain] INFO  o.a.coyote.http11.Http11NioProtocol - Starting ProtocolHandler ["http-nio-8080"] 
25-09-18 14:51:26.510 [restartedMain] INFO  o.s.b.w.e.tomcat.TomcatWebServer - Tomcat started on port 8080 (http) with context path '/' 
25-09-18 14:51:26.513 [restartedMain] INFO  c.v.vatManager.VatManagerApplication - Started VatManagerApplication in 0.396 seconds (process running for 3346.401) 
25-09-18 14:51:26.514 [restartedMain] INFO  o.s.b.d.a.ConditionEvaluationDeltaLoggingListener - Condition evaluation unchanged 
25-09-18 14:53:36.837 [File Watcher] INFO  o.s.b.d.a.LocalDevToolsAutoConfiguration$RestartingClassPathChangeChangedEventListener - Restarting due to 1 class path change (0 additions, 0 deletions, 1 modification) 
25-09-18 14:53:36.839 [Thread-50] INFO  o.s.b.w.e.tomcat.GracefulShutdown - Commencing graceful shutdown. Waiting for active requests to complete 
25-09-18 14:53:36.839 [tomcat-shutdown] INFO  o.a.coyote.http11.Http11NioProtocol - Pausing ProtocolHandler ["http-nio-8080"] 
25-09-18 14:53:36.859 [tomcat-shutdown] INFO  o.s.b.w.e.tomcat.GracefulShutdown - Graceful shutdown complete 
25-09-18 14:53:36.860 [Thread-50] INFO  o.a.coyote.http11.Http11NioProtocol - Stopping ProtocolHandler ["http-nio-8080"] 
25-09-18 14:53:36.861 [Thread-50] INFO  o.s.o.j.LocalContainerEntityManagerFactoryBean - Closing JPA EntityManagerFactory for persistence unit 'default' 
25-09-18 14:53:36.861 [Thread-50] INFO  com.zaxxer.hikari.HikariDataSource - HikariPool-13 - Shutdown initiated... 
25-09-18 14:53:36.862 [Thread-50] INFO  com.zaxxer.hikari.HikariDataSource - HikariPool-13 - Shutdown completed. 
25-09-18 14:53:36.929 [restartedMain] INFO  c.v.vatManager.VatManagerApplication - Starting VatManagerApplication using Java 21.0.5 with PID 19732 (D:\SpringBoot  Projects\vatManager\target\classes started by neraz in D:\SpringBoot  Projects\vatManager) 
25-09-18 14:53:36.929 [restartedMain] INFO  c.v.vatManager.VatManagerApplication - No active profile set, falling back to 1 default profile: "default" 
25-09-18 14:53:37.042 [restartedMain] INFO  o.s.d.r.c.RepositoryConfigurationDelegate - Bootstrapping Spring Data JPA repositories in DEFAULT mode. 
25-09-18 14:53:37.049 [restartedMain] INFO  o.s.d.r.c.RepositoryConfigurationDelegate - Finished Spring Data repository scanning in 6 ms. Found 1 JPA repository interface. 
25-09-18 14:53:37.102 [restartedMain] INFO  o.s.b.w.e.tomcat.TomcatWebServer - Tomcat initialized with port 8080 (http) 
25-09-18 14:53:37.102 [restartedMain] INFO  o.a.coyote.http11.Http11NioProtocol - Initializing ProtocolHandler ["http-nio-8080"] 
25-09-18 14:53:37.102 [restartedMain] INFO  o.a.catalina.core.StandardService - Starting service [Tomcat] 
25-09-18 14:53:37.102 [restartedMain] INFO  o.a.catalina.core.StandardEngine - Starting Servlet engine: [Apache Tomcat/10.1.44] 
25-09-18 14:53:37.121 [restartedMain] INFO  o.a.c.c.C.[Tomcat-1].[localhost].[/] - Initializing Spring embedded WebApplicationContext 
25-09-18 14:53:37.121 [restartedMain] INFO  o.s.b.w.s.c.ServletWebServerApplicationContext - Root WebApplicationContext: initialization completed in 191 ms 
25-09-18 14:53:37.142 [restartedMain] INFO  o.h.jpa.internal.util.LogHelper - HHH000204: Processing PersistenceUnitInfo [name: default] 
25-09-18 14:53:37.144 [restartedMain] INFO  o.h.c.i.RegionFactoryInitiator - HHH000026: Second-level cache disabled 
25-09-18 14:53:37.149 [restartedMain] INFO  o.s.o.j.p.SpringPersistenceUnitInfo - No LoadTimeWeaver setup: ignoring JPA class transformer 
25-09-18 14:53:37.149 [restartedMain] INFO  com.zaxxer.hikari.HikariDataSource - HikariPool-14 - Starting... 
25-09-18 14:53:37.151 [restartedMain] INFO  com.zaxxer.hikari.pool.HikariPool - HikariPool-14 - Added connection org.sqlite.jdbc4.JDBC4Connection@2cf125b1 
25-09-18 14:53:37.151 [restartedMain] INFO  com.zaxxer.hikari.HikariDataSource - HikariPool-14 - Start completed. 
25-09-18 14:53:37.151 [restartedMain] INFO  o.hibernate.orm.connections.pooling - HHH10001005: Database info:
	Database JDBC URL [Connecting through datasource 'HikariDataSource (HikariPool-14)']
	Database driver: undefined/unknown
	Database version: 3.50.3
	Autocommit mode: undefined/unknown
	Isolation level: undefined/unknown
	Minimum pool size: undefined/unknown
	Maximum pool size: undefined/unknown 
25-09-18 14:53:37.192 [restartedMain] INFO  o.h.e.t.j.p.i.JtaPlatformInitiator - HHH000489: No JTA platform available (set 'hibernate.transaction.jta.platform' to enable JTA platform integration) 
25-09-18 14:53:37.194 [restartedMain] INFO  o.s.o.j.LocalContainerEntityManagerFactoryBean - Initialized JPA EntityManagerFactory for persistence unit 'default' 
25-09-18 14:53:37.238 [restartedMain] WARN  o.s.b.a.o.j.JpaBaseConfiguration$JpaWebConfiguration - spring.jpa.open-in-view is enabled by default. Therefore, database queries may be performed during view rendering. Explicitly configure spring.jpa.open-in-view to disable this warning 
25-09-18 14:53:37.297 [restartedMain] INFO  o.s.b.d.a.OptionalLiveReloadServer - LiveReload server is running on port 35729 
25-09-18 14:53:37.303 [restartedMain] INFO  o.a.coyote.http11.Http11NioProtocol - Starting ProtocolHandler ["http-nio-8080"] 
25-09-18 14:53:37.306 [restartedMain] INFO  o.s.b.w.e.tomcat.TomcatWebServer - Tomcat started on port 8080 (http) with context path '/' 
25-09-18 14:53:37.308 [restartedMain] INFO  c.v.vatManager.VatManagerApplication - Started VatManagerApplication in 0.397 seconds (process running for 3477.197) 
25-09-18 14:53:37.309 [restartedMain] INFO  o.s.b.d.a.ConditionEvaluationDeltaLoggingListener - Condition evaluation unchanged 
25-09-18 14:54:18.264 [File Watcher] INFO  o.s.b.d.a.LocalDevToolsAutoConfiguration$RestartingClassPathChangeChangedEventListener - Restarting due to 1 class path change (0 additions, 0 deletions, 1 modification) 
25-09-18 14:54:18.265 [Thread-54] INFO  o.s.b.w.e.tomcat.GracefulShutdown - Commencing graceful shutdown. Waiting for active requests to complete 
25-09-18 14:54:18.265 [tomcat-shutdown] INFO  o.a.coyote.http11.Http11NioProtocol - Pausing ProtocolHandler ["http-nio-8080"] 
25-09-18 14:54:18.284 [tomcat-shutdown] INFO  o.s.b.w.e.tomcat.GracefulShutdown - Graceful shutdown complete 
25-09-18 14:54:18.285 [Thread-54] INFO  o.a.coyote.http11.Http11NioProtocol - Stopping ProtocolHandler ["http-nio-8080"] 
25-09-18 14:54:18.285 [Thread-54] INFO  o.s.o.j.LocalContainerEntityManagerFactoryBean - Closing JPA EntityManagerFactory for persistence unit 'default' 
25-09-18 14:54:18.287 [Thread-54] INFO  com.zaxxer.hikari.HikariDataSource - HikariPool-14 - Shutdown initiated... 
25-09-18 14:54:18.287 [Thread-54] INFO  com.zaxxer.hikari.HikariDataSource - HikariPool-14 - Shutdown completed. 
25-09-18 14:54:18.348 [restartedMain] INFO  c.v.vatManager.VatManagerApplication - Starting VatManagerApplication using Java 21.0.5 with PID 19732 (D:\SpringBoot  Projects\vatManager\target\classes started by neraz in D:\SpringBoot  Projects\vatManager) 
25-09-18 14:54:18.348 [restartedMain] INFO  c.v.vatManager.VatManagerApplication - No active profile set, falling back to 1 default profile: "default" 
25-09-18 14:54:18.459 [restartedMain] INFO  o.s.d.r.c.RepositoryConfigurationDelegate - Bootstrapping Spring Data JPA repositories in DEFAULT mode. 
25-09-18 14:54:18.467 [restartedMain] INFO  o.s.d.r.c.RepositoryConfigurationDelegate - Finished Spring Data repository scanning in 6 ms. Found 1 JPA repository interface. 
25-09-18 14:54:18.514 [restartedMain] INFO  o.s.b.w.e.tomcat.TomcatWebServer - Tomcat initialized with port 8080 (http) 
25-09-18 14:54:18.514 [restartedMain] INFO  o.a.coyote.http11.Http11NioProtocol - Initializing ProtocolHandler ["http-nio-8080"] 
25-09-18 14:54:18.514 [restartedMain] INFO  o.a.catalina.core.StandardService - Starting service [Tomcat] 
25-09-18 14:54:18.515 [restartedMain] INFO  o.a.catalina.core.StandardEngine - Starting Servlet engine: [Apache Tomcat/10.1.44] 
25-09-18 14:54:18.533 [restartedMain] INFO  o.a.c.c.C.[Tomcat-1].[localhost].[/] - Initializing Spring embedded WebApplicationContext 
25-09-18 14:54:18.533 [restartedMain] INFO  o.s.b.w.s.c.ServletWebServerApplicationContext - Root WebApplicationContext: initialization completed in 184 ms 
25-09-18 14:54:18.554 [restartedMain] INFO  o.h.jpa.internal.util.LogHelper - HHH000204: Processing PersistenceUnitInfo [name: default] 
25-09-18 14:54:18.557 [restartedMain] INFO  o.h.c.i.RegionFactoryInitiator - HHH000026: Second-level cache disabled 
25-09-18 14:54:18.561 [restartedMain] INFO  o.s.o.j.p.SpringPersistenceUnitInfo - No LoadTimeWeaver setup: ignoring JPA class transformer 
25-09-18 14:54:18.563 [restartedMain] INFO  com.zaxxer.hikari.HikariDataSource - HikariPool-15 - Starting... 
25-09-18 14:54:18.564 [restartedMain] INFO  com.zaxxer.hikari.pool.HikariPool - HikariPool-15 - Added connection org.sqlite.jdbc4.JDBC4Connection@2fbd4bec 
25-09-18 14:54:18.564 [restartedMain] INFO  com.zaxxer.hikari.HikariDataSource - HikariPool-15 - Start completed. 
25-09-18 14:54:18.565 [restartedMain] INFO  o.hibernate.orm.connections.pooling - HHH10001005: Database info:
	Database JDBC URL [Connecting through datasource 'HikariDataSource (HikariPool-15)']
	Database driver: undefined/unknown
	Database version: 3.50.3
	Autocommit mode: undefined/unknown
	Isolation level: undefined/unknown
	Minimum pool size: undefined/unknown
	Maximum pool size: undefined/unknown 
25-09-18 14:54:18.599 [restartedMain] INFO  o.h.e.t.j.p.i.JtaPlatformInitiator - HHH000489: No JTA platform available (set 'hibernate.transaction.jta.platform' to enable JTA platform integration) 
25-09-18 14:54:18.601 [restartedMain] INFO  o.s.o.j.LocalContainerEntityManagerFactoryBean - Initialized JPA EntityManagerFactory for persistence unit 'default' 
25-09-18 14:54:18.639 [restartedMain] WARN  o.s.b.a.o.j.JpaBaseConfiguration$JpaWebConfiguration - spring.jpa.open-in-view is enabled by default. Therefore, database queries may be performed during view rendering. Explicitly configure spring.jpa.open-in-view to disable this warning 
25-09-18 14:54:18.693 [restartedMain] INFO  o.s.b.d.a.OptionalLiveReloadServer - LiveReload server is running on port 35729 
25-09-18 14:54:18.700 [restartedMain] INFO  o.a.coyote.http11.Http11NioProtocol - Starting ProtocolHandler ["http-nio-8080"] 
25-09-18 14:54:18.703 [restartedMain] INFO  o.s.b.w.e.tomcat.TomcatWebServer - Tomcat started on port 8080 (http) with context path '/' 
25-09-18 14:54:18.705 [restartedMain] INFO  c.v.vatManager.VatManagerApplication - Started VatManagerApplication in 0.373 seconds (process running for 3518.593) 
25-09-18 14:54:18.706 [restartedMain] INFO  o.s.b.d.a.ConditionEvaluationDeltaLoggingListener - Condition evaluation unchanged 
25-09-18 14:56:32.047 [File Watcher] INFO  o.s.b.d.a.LocalDevToolsAutoConfiguration$RestartingClassPathChangeChangedEventListener - Restarting due to 1 class path change (0 additions, 0 deletions, 1 modification) 
25-09-18 14:56:32.048 [Thread-58] INFO  o.s.b.w.e.tomcat.GracefulShutdown - Commencing graceful shutdown. Waiting for active requests to complete 
25-09-18 14:56:32.048 [tomcat-shutdown] INFO  o.a.coyote.http11.Http11NioProtocol - Pausing ProtocolHandler ["http-nio-8080"] 
25-09-18 14:56:32.068 [tomcat-shutdown] INFO  o.s.b.w.e.tomcat.GracefulShutdown - Graceful shutdown complete 
25-09-18 14:56:32.068 [Thread-58] INFO  o.a.coyote.http11.Http11NioProtocol - Stopping ProtocolHandler ["http-nio-8080"] 
25-09-18 14:56:32.069 [Thread-58] INFO  o.s.o.j.LocalContainerEntityManagerFactoryBean - Closing JPA EntityManagerFactory for persistence unit 'default' 
25-09-18 14:56:32.070 [Thread-58] INFO  com.zaxxer.hikari.HikariDataSource - HikariPool-15 - Shutdown initiated... 
25-09-18 14:56:32.071 [Thread-58] INFO  com.zaxxer.hikari.HikariDataSource - HikariPool-15 - Shutdown completed. 
25-09-18 14:56:32.131 [restartedMain] INFO  c.v.vatManager.VatManagerApplication - Starting VatManagerApplication using Java 21.0.5 with PID 19732 (D:\SpringBoot  Projects\vatManager\target\classes started by neraz in D:\SpringBoot  Projects\vatManager) 
25-09-18 14:56:32.131 [restartedMain] INFO  c.v.vatManager.VatManagerApplication - No active profile set, falling back to 1 default profile: "default" 
25-09-18 14:56:32.244 [restartedMain] INFO  o.s.d.r.c.RepositoryConfigurationDelegate - Bootstrapping Spring Data JPA repositories in DEFAULT mode. 
25-09-18 14:56:32.251 [restartedMain] INFO  o.s.d.r.c.RepositoryConfigurationDelegate - Finished Spring Data repository scanning in 6 ms. Found 1 JPA repository interface. 
25-09-18 14:56:32.304 [restartedMain] INFO  o.s.b.w.e.tomcat.TomcatWebServer - Tomcat initialized with port 8080 (http) 
25-09-18 14:56:32.305 [restartedMain] INFO  o.a.coyote.http11.Http11NioProtocol - Initializing ProtocolHandler ["http-nio-8080"] 
25-09-18 14:56:32.305 [restartedMain] INFO  o.a.catalina.core.StandardService - Starting service [Tomcat] 
25-09-18 14:56:32.305 [restartedMain] INFO  o.a.catalina.core.StandardEngine - Starting Servlet engine: [Apache Tomcat/10.1.44] 
25-09-18 14:56:32.324 [restartedMain] INFO  o.a.c.c.C.[Tomcat-1].[localhost].[/] - Initializing Spring embedded WebApplicationContext 
25-09-18 14:56:32.324 [restartedMain] INFO  o.s.b.w.s.c.ServletWebServerApplicationContext - Root WebApplicationContext: initialization completed in 192 ms 
25-09-18 14:56:32.345 [restartedMain] INFO  o.h.jpa.internal.util.LogHelper - HHH000204: Processing PersistenceUnitInfo [name: default] 
25-09-18 14:56:32.348 [restartedMain] INFO  o.h.c.i.RegionFactoryInitiator - HHH000026: Second-level cache disabled 
25-09-18 14:56:32.352 [restartedMain] INFO  o.s.o.j.p.SpringPersistenceUnitInfo - No LoadTimeWeaver setup: ignoring JPA class transformer 
25-09-18 14:56:32.354 [restartedMain] INFO  com.zaxxer.hikari.HikariDataSource - HikariPool-16 - Starting... 
25-09-18 14:56:32.354 [restartedMain] INFO  com.zaxxer.hikari.pool.HikariPool - HikariPool-16 - Added connection org.sqlite.jdbc4.JDBC4Connection@47564694 
25-09-18 14:56:32.355 [restartedMain] INFO  com.zaxxer.hikari.HikariDataSource - HikariPool-16 - Start completed. 
25-09-18 14:56:32.355 [restartedMain] INFO  o.hibernate.orm.connections.pooling - HHH10001005: Database info:
	Database JDBC URL [Connecting through datasource 'HikariDataSource (HikariPool-16)']
	Database driver: undefined/unknown
	Database version: 3.50.3
	Autocommit mode: undefined/unknown
	Isolation level: undefined/unknown
	Minimum pool size: undefined/unknown
	Maximum pool size: undefined/unknown 
25-09-18 14:56:32.395 [restartedMain] INFO  o.h.e.t.j.p.i.JtaPlatformInitiator - HHH000489: No JTA platform available (set 'hibernate.transaction.jta.platform' to enable JTA platform integration) 
25-09-18 14:56:32.397 [restartedMain] INFO  o.s.o.j.LocalContainerEntityManagerFactoryBean - Initialized JPA EntityManagerFactory for persistence unit 'default' 
25-09-18 14:56:32.441 [restartedMain] WARN  o.s.b.a.o.j.JpaBaseConfiguration$JpaWebConfiguration - spring.jpa.open-in-view is enabled by default. Therefore, database queries may be performed during view rendering. Explicitly configure spring.jpa.open-in-view to disable this warning 
25-09-18 14:56:32.502 [restartedMain] INFO  o.s.b.d.a.OptionalLiveReloadServer - LiveReload server is running on port 35729 
25-09-18 14:56:32.509 [restartedMain] INFO  o.a.coyote.http11.Http11NioProtocol - Starting ProtocolHandler ["http-nio-8080"] 
25-09-18 14:56:32.511 [restartedMain] INFO  o.s.b.w.e.tomcat.TomcatWebServer - Tomcat started on port 8080 (http) with context path '/' 
25-09-18 14:56:32.514 [restartedMain] INFO  c.v.vatManager.VatManagerApplication - Started VatManagerApplication in 0.398 seconds (process running for 3652.403) 
25-09-18 14:56:32.515 [restartedMain] INFO  o.s.b.d.a.ConditionEvaluationDeltaLoggingListener - Condition evaluation unchanged 
25-09-18 14:56:59.276 [File Watcher] INFO  o.s.b.d.a.LocalDevToolsAutoConfiguration$RestartingClassPathChangeChangedEventListener - Restarting due to 1 class path change (0 additions, 0 deletions, 1 modification) 
25-09-18 14:56:59.277 [Thread-62] INFO  o.s.b.w.e.tomcat.GracefulShutdown - Commencing graceful shutdown. Waiting for active requests to complete 
25-09-18 14:56:59.277 [tomcat-shutdown] INFO  o.a.coyote.http11.Http11NioProtocol - Pausing ProtocolHandler ["http-nio-8080"] 
25-09-18 14:56:59.294 [tomcat-shutdown] INFO  o.s.b.w.e.tomcat.GracefulShutdown - Graceful shutdown complete 
25-09-18 14:56:59.294 [Thread-62] INFO  o.a.coyote.http11.Http11NioProtocol - Stopping ProtocolHandler ["http-nio-8080"] 
25-09-18 14:56:59.296 [Thread-62] INFO  o.s.o.j.LocalContainerEntityManagerFactoryBean - Closing JPA EntityManagerFactory for persistence unit 'default' 
25-09-18 14:56:59.296 [Thread-62] INFO  com.zaxxer.hikari.HikariDataSource - HikariPool-16 - Shutdown initiated... 
25-09-18 14:56:59.297 [Thread-62] INFO  com.zaxxer.hikari.HikariDataSource - HikariPool-16 - Shutdown completed. 
25-09-18 14:56:59.362 [restartedMain] INFO  c.v.vatManager.VatManagerApplication - Starting VatManagerApplication using Java 21.0.5 with PID 19732 (D:\SpringBoot  Projects\vatManager\target\classes started by neraz in D:\SpringBoot  Projects\vatManager) 
25-09-18 14:56:59.362 [restartedMain] INFO  c.v.vatManager.VatManagerApplication - No active profile set, falling back to 1 default profile: "default" 
25-09-18 14:56:59.473 [restartedMain] INFO  o.s.d.r.c.RepositoryConfigurationDelegate - Bootstrapping Spring Data JPA repositories in DEFAULT mode. 
25-09-18 14:56:59.483 [restartedMain] INFO  o.s.d.r.c.RepositoryConfigurationDelegate - Finished Spring Data repository scanning in 8 ms. Found 1 JPA repository interface. 
25-09-18 14:56:59.535 [restartedMain] INFO  o.s.b.w.e.tomcat.TomcatWebServer - Tomcat initialized with port 8080 (http) 
25-09-18 14:56:59.536 [restartedMain] INFO  o.a.coyote.http11.Http11NioProtocol - Initializing ProtocolHandler ["http-nio-8080"] 
25-09-18 14:56:59.536 [restartedMain] INFO  o.a.catalina.core.StandardService - Starting service [Tomcat] 
25-09-18 14:56:59.536 [restartedMain] INFO  o.a.catalina.core.StandardEngine - Starting Servlet engine: [Apache Tomcat/10.1.44] 
25-09-18 14:56:59.566 [restartedMain] INFO  o.a.c.c.C.[Tomcat-1].[localhost].[/] - Initializing Spring embedded WebApplicationContext 
25-09-18 14:56:59.566 [restartedMain] INFO  o.s.b.w.s.c.ServletWebServerApplicationContext - Root WebApplicationContext: initialization completed in 203 ms 
25-09-18 14:56:59.591 [restartedMain] INFO  o.h.jpa.internal.util.LogHelper - HHH000204: Processing PersistenceUnitInfo [name: default] 
25-09-18 14:56:59.594 [restartedMain] INFO  o.h.c.i.RegionFactoryInitiator - HHH000026: Second-level cache disabled 
25-09-18 14:56:59.599 [restartedMain] INFO  o.s.o.j.p.SpringPersistenceUnitInfo - No LoadTimeWeaver setup: ignoring JPA class transformer 
25-09-18 14:56:59.601 [restartedMain] INFO  com.zaxxer.hikari.HikariDataSource - HikariPool-17 - Starting... 
25-09-18 14:56:59.602 [restartedMain] INFO  com.zaxxer.hikari.pool.HikariPool - HikariPool-17 - Added connection org.sqlite.jdbc4.JDBC4Connection@6799d8a 
25-09-18 14:56:59.602 [restartedMain] INFO  com.zaxxer.hikari.HikariDataSource - HikariPool-17 - Start completed. 
25-09-18 14:56:59.603 [restartedMain] INFO  o.hibernate.orm.connections.pooling - HHH10001005: Database info:
	Database JDBC URL [Connecting through datasource 'HikariDataSource (HikariPool-17)']
	Database driver: undefined/unknown
	Database version: 3.50.3
	Autocommit mode: undefined/unknown
	Isolation level: undefined/unknown
	Minimum pool size: undefined/unknown
	Maximum pool size: undefined/unknown 
25-09-18 14:56:59.634 [restartedMain] INFO  o.h.e.t.j.p.i.JtaPlatformInitiator - HHH000489: No JTA platform available (set 'hibernate.transaction.jta.platform' to enable JTA platform integration) 
25-09-18 14:56:59.641 [restartedMain] INFO  o.s.o.j.LocalContainerEntityManagerFactoryBean - Initialized JPA EntityManagerFactory for persistence unit 'default' 
25-09-18 14:56:59.685 [restartedMain] WARN  o.s.b.a.o.j.JpaBaseConfiguration$JpaWebConfiguration - spring.jpa.open-in-view is enabled by default. Therefore, database queries may be performed during view rendering. Explicitly configure spring.jpa.open-in-view to disable this warning 
25-09-18 14:56:59.747 [restartedMain] INFO  o.s.b.d.a.OptionalLiveReloadServer - LiveReload server is running on port 35729 
25-09-18 14:56:59.754 [restartedMain] INFO  o.a.coyote.http11.Http11NioProtocol - Starting ProtocolHandler ["http-nio-8080"] 
25-09-18 14:56:59.756 [restartedMain] INFO  o.s.b.w.e.tomcat.TomcatWebServer - Tomcat started on port 8080 (http) with context path '/' 
25-09-18 14:56:59.759 [restartedMain] INFO  c.v.vatManager.VatManagerApplication - Started VatManagerApplication in 0.414 seconds (process running for 3679.647) 
25-09-18 14:56:59.761 [restartedMain] INFO  o.s.b.d.a.ConditionEvaluationDeltaLoggingListener - Condition evaluation unchanged 
25-09-18 14:58:56.800 [File Watcher] INFO  o.s.b.d.a.LocalDevToolsAutoConfiguration$RestartingClassPathChangeChangedEventListener - Restarting due to 1 class path change (0 additions, 0 deletions, 1 modification) 
25-09-18 14:58:56.801 [Thread-66] INFO  o.s.b.w.e.tomcat.GracefulShutdown - Commencing graceful shutdown. Waiting for active requests to complete 
25-09-18 14:58:56.802 [tomcat-shutdown] INFO  o.a.coyote.http11.Http11NioProtocol - Pausing ProtocolHandler ["http-nio-8080"] 
25-09-18 14:58:56.821 [tomcat-shutdown] INFO  o.s.b.w.e.tomcat.GracefulShutdown - Graceful shutdown complete 
25-09-18 14:58:56.821 [Thread-66] INFO  o.a.coyote.http11.Http11NioProtocol - Stopping ProtocolHandler ["http-nio-8080"] 
25-09-18 14:58:56.822 [Thread-66] INFO  o.s.o.j.LocalContainerEntityManagerFactoryBean - Closing JPA EntityManagerFactory for persistence unit 'default' 
25-09-18 14:58:56.822 [Thread-66] INFO  com.zaxxer.hikari.HikariDataSource - HikariPool-17 - Shutdown initiated... 
25-09-18 14:58:56.823 [Thread-66] INFO  com.zaxxer.hikari.HikariDataSource - HikariPool-17 - Shutdown completed. 
25-09-18 14:58:56.887 [restartedMain] INFO  c.v.vatManager.VatManagerApplication - Starting VatManagerApplication using Java 21.0.5 with PID 19732 (D:\SpringBoot  Projects\vatManager\target\classes started by neraz in D:\SpringBoot  Projects\vatManager) 
25-09-18 14:58:56.888 [restartedMain] INFO  c.v.vatManager.VatManagerApplication - No active profile set, falling back to 1 default profile: "default" 
25-09-18 14:58:56.998 [restartedMain] INFO  o.s.d.r.c.RepositoryConfigurationDelegate - Bootstrapping Spring Data JPA repositories in DEFAULT mode. 
25-09-18 14:58:57.006 [restartedMain] INFO  o.s.d.r.c.RepositoryConfigurationDelegate - Finished Spring Data repository scanning in 6 ms. Found 1 JPA repository interface. 
25-09-18 14:58:57.058 [restartedMain] INFO  o.s.b.w.e.tomcat.TomcatWebServer - Tomcat initialized with port 8080 (http) 
25-09-18 14:58:57.058 [restartedMain] INFO  o.a.coyote.http11.Http11NioProtocol - Initializing ProtocolHandler ["http-nio-8080"] 
25-09-18 14:58:57.058 [restartedMain] INFO  o.a.catalina.core.StandardService - Starting service [Tomcat] 
25-09-18 14:58:57.058 [restartedMain] INFO  o.a.catalina.core.StandardEngine - Starting Servlet engine: [Apache Tomcat/10.1.44] 
25-09-18 14:58:57.080 [restartedMain] INFO  o.a.c.c.C.[Tomcat-1].[localhost].[/] - Initializing Spring embedded WebApplicationContext 
25-09-18 14:58:57.080 [restartedMain] INFO  o.s.b.w.s.c.ServletWebServerApplicationContext - Root WebApplicationContext: initialization completed in 191 ms 
25-09-18 14:58:57.102 [restartedMain] INFO  o.h.jpa.internal.util.LogHelper - HHH000204: Processing PersistenceUnitInfo [name: default] 
25-09-18 14:58:57.104 [restartedMain] INFO  o.h.c.i.RegionFactoryInitiator - HHH000026: Second-level cache disabled 
25-09-18 14:58:57.109 [restartedMain] INFO  o.s.o.j.p.SpringPersistenceUnitInfo - No LoadTimeWeaver setup: ignoring JPA class transformer 
25-09-18 14:58:57.110 [restartedMain] INFO  com.zaxxer.hikari.HikariDataSource - HikariPool-18 - Starting... 
25-09-18 14:58:57.111 [restartedMain] INFO  com.zaxxer.hikari.pool.HikariPool - HikariPool-18 - Added connection org.sqlite.jdbc4.JDBC4Connection@7ba79a28 
25-09-18 14:58:57.111 [restartedMain] INFO  com.zaxxer.hikari.HikariDataSource - HikariPool-18 - Start completed. 
25-09-18 14:58:57.111 [restartedMain] INFO  o.hibernate.orm.connections.pooling - HHH10001005: Database info:
	Database JDBC URL [Connecting through datasource 'HikariDataSource (HikariPool-18)']
	Database driver: undefined/unknown
	Database version: 3.50.3
	Autocommit mode: undefined/unknown
	Isolation level: undefined/unknown
	Minimum pool size: undefined/unknown
	Maximum pool size: undefined/unknown 
25-09-18 14:58:57.149 [restartedMain] INFO  o.h.e.t.j.p.i.JtaPlatformInitiator - HHH000489: No JTA platform available (set 'hibernate.transaction.jta.platform' to enable JTA platform integration) 
25-09-18 14:58:57.152 [restartedMain] INFO  o.s.o.j.LocalContainerEntityManagerFactoryBean - Initialized JPA EntityManagerFactory for persistence unit 'default' 
25-09-18 14:58:57.197 [restartedMain] WARN  o.s.b.a.o.j.JpaBaseConfiguration$JpaWebConfiguration - spring.jpa.open-in-view is enabled by default. Therefore, database queries may be performed during view rendering. Explicitly configure spring.jpa.open-in-view to disable this warning 
25-09-18 14:58:57.259 [restartedMain] INFO  o.s.b.d.a.OptionalLiveReloadServer - LiveReload server is running on port 35729 
25-09-18 14:58:57.265 [restartedMain] INFO  o.a.coyote.http11.Http11NioProtocol - Starting ProtocolHandler ["http-nio-8080"] 
25-09-18 14:58:57.268 [restartedMain] INFO  o.s.b.w.e.tomcat.TomcatWebServer - Tomcat started on port 8080 (http) with context path '/' 
25-09-18 14:58:57.271 [restartedMain] INFO  c.v.vatManager.VatManagerApplication - Started VatManagerApplication in 0.4 seconds (process running for 3797.159) 
25-09-18 14:58:57.272 [restartedMain] INFO  o.s.b.d.a.ConditionEvaluationDeltaLoggingListener - Condition evaluation unchanged 
25-09-18 15:07:49.011 [File Watcher] INFO  o.s.b.d.a.LocalDevToolsAutoConfiguration$RestartingClassPathChangeChangedEventListener - Restarting due to 1 class path change (0 additions, 0 deletions, 1 modification) 
25-09-18 15:07:49.012 [Thread-70] INFO  o.s.b.w.e.tomcat.GracefulShutdown - Commencing graceful shutdown. Waiting for active requests to complete 
25-09-18 15:07:49.013 [tomcat-shutdown] INFO  o.a.coyote.http11.Http11NioProtocol - Pausing ProtocolHandler ["http-nio-8080"] 
25-09-18 15:07:49.032 [tomcat-shutdown] INFO  o.s.b.w.e.tomcat.GracefulShutdown - Graceful shutdown complete 
25-09-18 15:07:49.032 [Thread-70] INFO  o.a.coyote.http11.Http11NioProtocol - Stopping ProtocolHandler ["http-nio-8080"] 
25-09-18 15:07:49.034 [Thread-70] INFO  o.s.o.j.LocalContainerEntityManagerFactoryBean - Closing JPA EntityManagerFactory for persistence unit 'default' 
25-09-18 15:07:49.034 [Thread-70] INFO  com.zaxxer.hikari.HikariDataSource - HikariPool-18 - Shutdown initiated... 
25-09-18 15:07:49.035 [Thread-70] INFO  com.zaxxer.hikari.HikariDataSource - HikariPool-18 - Shutdown completed. 
25-09-18 15:07:49.108 [restartedMain] INFO  c.v.vatManager.VatManagerApplication - Starting VatManagerApplication using Java 21.0.5 with PID 19732 (D:\SpringBoot  Projects\vatManager\target\classes started by neraz in D:\SpringBoot  Projects\vatManager) 
25-09-18 15:07:49.108 [restartedMain] INFO  c.v.vatManager.VatManagerApplication - No active profile set, falling back to 1 default profile: "default" 
25-09-18 15:07:49.240 [restartedMain] INFO  o.s.d.r.c.RepositoryConfigurationDelegate - Bootstrapping Spring Data JPA repositories in DEFAULT mode. 
25-09-18 15:07:49.247 [restartedMain] INFO  o.s.d.r.c.RepositoryConfigurationDelegate - Finished Spring Data repository scanning in 7 ms. Found 1 JPA repository interface. 
25-09-18 15:07:49.320 [restartedMain] INFO  o.s.b.w.e.tomcat.TomcatWebServer - Tomcat initialized with port 8080 (http) 
25-09-18 15:07:49.321 [restartedMain] INFO  o.a.coyote.http11.Http11NioProtocol - Initializing ProtocolHandler ["http-nio-8080"] 
25-09-18 15:07:49.322 [restartedMain] INFO  o.a.catalina.core.StandardService - Starting service [Tomcat] 
25-09-18 15:07:49.322 [restartedMain] INFO  o.a.catalina.core.StandardEngine - Starting Servlet engine: [Apache Tomcat/10.1.44] 
25-09-18 15:07:49.343 [restartedMain] INFO  o.a.c.c.C.[Tomcat-1].[localhost].[/] - Initializing Spring embedded WebApplicationContext 
25-09-18 15:07:49.343 [restartedMain] INFO  o.s.b.w.s.c.ServletWebServerApplicationContext - Root WebApplicationContext: initialization completed in 233 ms 
25-09-18 15:07:49.373 [restartedMain] INFO  o.h.jpa.internal.util.LogHelper - HHH000204: Processing PersistenceUnitInfo [name: default] 
25-09-18 15:07:49.375 [restartedMain] INFO  o.h.c.i.RegionFactoryInitiator - HHH000026: Second-level cache disabled 
25-09-18 15:07:49.380 [restartedMain] INFO  o.s.o.j.p.SpringPersistenceUnitInfo - No LoadTimeWeaver setup: ignoring JPA class transformer 
25-09-18 15:07:49.382 [restartedMain] INFO  com.zaxxer.hikari.HikariDataSource - HikariPool-19 - Starting... 
25-09-18 15:07:49.383 [restartedMain] INFO  com.zaxxer.hikari.pool.HikariPool - HikariPool-19 - Added connection org.sqlite.jdbc4.JDBC4Connection@341e207d 
25-09-18 15:07:49.383 [restartedMain] INFO  com.zaxxer.hikari.HikariDataSource - HikariPool-19 - Start completed. 
25-09-18 15:07:49.384 [restartedMain] INFO  o.hibernate.orm.connections.pooling - HHH10001005: Database info:
	Database JDBC URL [Connecting through datasource 'HikariDataSource (HikariPool-19)']
	Database driver: undefined/unknown
	Database version: 3.50.3
	Autocommit mode: undefined/unknown
	Isolation level: undefined/unknown
	Minimum pool size: undefined/unknown
	Maximum pool size: undefined/unknown 
25-09-18 15:07:49.432 [restartedMain] INFO  o.h.e.t.j.p.i.JtaPlatformInitiator - HHH000489: No JTA platform available (set 'hibernate.transaction.jta.platform' to enable JTA platform integration) 
25-09-18 15:07:49.433 [restartedMain] INFO  o.s.o.j.LocalContainerEntityManagerFactoryBean - Initialized JPA EntityManagerFactory for persistence unit 'default' 
25-09-18 15:07:49.487 [restartedMain] WARN  o.s.b.a.o.j.JpaBaseConfiguration$JpaWebConfiguration - spring.jpa.open-in-view is enabled by default. Therefore, database queries may be performed during view rendering. Explicitly configure spring.jpa.open-in-view to disable this warning 
25-09-18 15:07:49.566 [restartedMain] INFO  o.s.b.d.a.OptionalLiveReloadServer - LiveReload server is running on port 35729 
25-09-18 15:07:49.574 [restartedMain] INFO  o.a.coyote.http11.Http11NioProtocol - Starting ProtocolHandler ["http-nio-8080"] 
25-09-18 15:07:49.578 [restartedMain] INFO  o.s.b.w.e.tomcat.TomcatWebServer - Tomcat started on port 8080 (http) with context path '/' 
25-09-18 15:07:49.581 [restartedMain] INFO  c.v.vatManager.VatManagerApplication - Started VatManagerApplication in 0.496 seconds (process running for 4329.469) 
25-09-18 15:07:49.582 [restartedMain] INFO  o.s.b.d.a.ConditionEvaluationDeltaLoggingListener - Condition evaluation unchanged 
25-09-18 15:08:07.196 [File Watcher] INFO  o.s.b.d.a.LocalDevToolsAutoConfiguration$RestartingClassPathChangeChangedEventListener - Restarting due to 1 class path change (0 additions, 0 deletions, 1 modification) 
25-09-18 15:08:07.197 [Thread-74] INFO  o.s.b.w.e.tomcat.GracefulShutdown - Commencing graceful shutdown. Waiting for active requests to complete 
25-09-18 15:08:07.197 [tomcat-shutdown] INFO  o.a.coyote.http11.Http11NioProtocol - Pausing ProtocolHandler ["http-nio-8080"] 
25-09-18 15:08:07.217 [tomcat-shutdown] INFO  o.s.b.w.e.tomcat.GracefulShutdown - Graceful shutdown complete 
25-09-18 15:08:07.217 [Thread-74] INFO  o.a.coyote.http11.Http11NioProtocol - Stopping ProtocolHandler ["http-nio-8080"] 
25-09-18 15:08:07.218 [Thread-74] INFO  o.s.o.j.LocalContainerEntityManagerFactoryBean - Closing JPA EntityManagerFactory for persistence unit 'default' 
25-09-18 15:08:07.219 [Thread-74] INFO  com.zaxxer.hikari.HikariDataSource - HikariPool-19 - Shutdown initiated... 
25-09-18 15:08:07.220 [Thread-74] INFO  com.zaxxer.hikari.HikariDataSource - HikariPool-19 - Shutdown completed. 
25-09-18 15:08:07.298 [restartedMain] INFO  c.v.vatManager.VatManagerApplication - Starting VatManagerApplication using Java 21.0.5 with PID 19732 (D:\SpringBoot  Projects\vatManager\target\classes started by neraz in D:\SpringBoot  Projects\vatManager) 
25-09-18 15:08:07.298 [restartedMain] INFO  c.v.vatManager.VatManagerApplication - No active profile set, falling back to 1 default profile: "default" 
25-09-18 15:08:07.414 [restartedMain] INFO  o.s.d.r.c.RepositoryConfigurationDelegate - Bootstrapping Spring Data JPA repositories in DEFAULT mode. 
25-09-18 15:08:07.422 [restartedMain] INFO  o.s.d.r.c.RepositoryConfigurationDelegate - Finished Spring Data repository scanning in 7 ms. Found 1 JPA repository interface. 
25-09-18 15:08:07.474 [restartedMain] INFO  o.s.b.w.e.tomcat.TomcatWebServer - Tomcat initialized with port 8080 (http) 
25-09-18 15:08:07.475 [restartedMain] INFO  o.a.coyote.http11.Http11NioProtocol - Initializing ProtocolHandler ["http-nio-8080"] 
25-09-18 15:08:07.475 [restartedMain] INFO  o.a.catalina.core.StandardService - Starting service [Tomcat] 
25-09-18 15:08:07.475 [restartedMain] INFO  o.a.catalina.core.StandardEngine - Starting Servlet engine: [Apache Tomcat/10.1.44] 
25-09-18 15:08:07.494 [restartedMain] INFO  o.a.c.c.C.[Tomcat-1].[localhost].[/] - Initializing Spring embedded WebApplicationContext 
25-09-18 15:08:07.494 [restartedMain] INFO  o.s.b.w.s.c.ServletWebServerApplicationContext - Root WebApplicationContext: initialization completed in 195 ms 
25-09-18 15:08:07.516 [restartedMain] INFO  o.h.jpa.internal.util.LogHelper - HHH000204: Processing PersistenceUnitInfo [name: default] 
25-09-18 15:08:07.518 [restartedMain] INFO  o.h.c.i.RegionFactoryInitiator - HHH000026: Second-level cache disabled 
25-09-18 15:08:07.523 [restartedMain] INFO  o.s.o.j.p.SpringPersistenceUnitInfo - No LoadTimeWeaver setup: ignoring JPA class transformer 
25-09-18 15:08:07.524 [restartedMain] INFO  com.zaxxer.hikari.HikariDataSource - HikariPool-20 - Starting... 
25-09-18 15:08:07.525 [restartedMain] INFO  com.zaxxer.hikari.pool.HikariPool - HikariPool-20 - Added connection org.sqlite.jdbc4.JDBC4Connection@1be554cf 
25-09-18 15:08:07.525 [restartedMain] INFO  com.zaxxer.hikari.HikariDataSource - HikariPool-20 - Start completed. 
25-09-18 15:08:07.526 [restartedMain] INFO  o.hibernate.orm.connections.pooling - HHH10001005: Database info:
	Database JDBC URL [Connecting through datasource 'HikariDataSource (HikariPool-20)']
	Database driver: undefined/unknown
	Database version: 3.50.3
	Autocommit mode: undefined/unknown
	Isolation level: undefined/unknown
	Minimum pool size: undefined/unknown
	Maximum pool size: undefined/unknown 
25-09-18 15:08:07.562 [restartedMain] INFO  o.h.e.t.j.p.i.JtaPlatformInitiator - HHH000489: No JTA platform available (set 'hibernate.transaction.jta.platform' to enable JTA platform integration) 
25-09-18 15:08:07.564 [restartedMain] INFO  o.s.o.j.LocalContainerEntityManagerFactoryBean - Initialized JPA EntityManagerFactory for persistence unit 'default' 
25-09-18 15:08:07.605 [restartedMain] WARN  o.s.b.a.o.j.JpaBaseConfiguration$JpaWebConfiguration - spring.jpa.open-in-view is enabled by default. Therefore, database queries may be performed during view rendering. Explicitly configure spring.jpa.open-in-view to disable this warning 
25-09-18 15:08:07.664 [restartedMain] INFO  o.s.b.d.a.OptionalLiveReloadServer - LiveReload server is running on port 35729 
25-09-18 15:08:07.670 [restartedMain] INFO  o.a.coyote.http11.Http11NioProtocol - Starting ProtocolHandler ["http-nio-8080"] 
25-09-18 15:08:07.673 [restartedMain] INFO  o.s.b.w.e.tomcat.TomcatWebServer - Tomcat started on port 8080 (http) with context path '/' 
25-09-18 15:08:07.676 [restartedMain] INFO  c.v.vatManager.VatManagerApplication - Started VatManagerApplication in 0.398 seconds (process running for 4347.565) 
25-09-18 15:08:07.678 [restartedMain] INFO  o.s.b.d.a.ConditionEvaluationDeltaLoggingListener - Condition evaluation unchanged 
25-09-18 15:09:07.856 [File Watcher] INFO  o.s.b.d.a.LocalDevToolsAutoConfiguration$RestartingClassPathChangeChangedEventListener - Restarting due to 1 class path change (0 additions, 0 deletions, 1 modification) 
25-09-18 15:09:07.856 [Thread-78] INFO  o.s.b.w.e.tomcat.GracefulShutdown - Commencing graceful shutdown. Waiting for active requests to complete 
25-09-18 15:09:07.857 [tomcat-shutdown] INFO  o.a.coyote.http11.Http11NioProtocol - Pausing ProtocolHandler ["http-nio-8080"] 
25-09-18 15:09:07.875 [tomcat-shutdown] INFO  o.s.b.w.e.tomcat.GracefulShutdown - Graceful shutdown complete 
25-09-18 15:09:07.876 [Thread-78] INFO  o.a.coyote.http11.Http11NioProtocol - Stopping ProtocolHandler ["http-nio-8080"] 
25-09-18 15:09:07.877 [Thread-78] INFO  o.s.o.j.LocalContainerEntityManagerFactoryBean - Closing JPA EntityManagerFactory for persistence unit 'default' 
25-09-18 15:09:07.877 [Thread-78] INFO  com.zaxxer.hikari.HikariDataSource - HikariPool-20 - Shutdown initiated... 
25-09-18 15:09:07.878 [Thread-78] INFO  com.zaxxer.hikari.HikariDataSource - HikariPool-20 - Shutdown completed. 
25-09-18 15:09:07.947 [restartedMain] INFO  c.v.vatManager.VatManagerApplication - Starting VatManagerApplication using Java 21.0.5 with PID 19732 (D:\SpringBoot  Projects\vatManager\target\classes started by neraz in D:\SpringBoot  Projects\vatManager) 
25-09-18 15:09:07.947 [restartedMain] INFO  c.v.vatManager.VatManagerApplication - No active profile set, falling back to 1 default profile: "default" 
25-09-18 15:09:08.074 [restartedMain] INFO  o.s.d.r.c.RepositoryConfigurationDelegate - Bootstrapping Spring Data JPA repositories in DEFAULT mode. 
25-09-18 15:09:08.081 [restartedMain] INFO  o.s.d.r.c.RepositoryConfigurationDelegate - Finished Spring Data repository scanning in 6 ms. Found 1 JPA repository interface. 
25-09-18 15:09:08.135 [restartedMain] INFO  o.s.b.w.e.tomcat.TomcatWebServer - Tomcat initialized with port 8080 (http) 
25-09-18 15:09:08.135 [restartedMain] INFO  o.a.coyote.http11.Http11NioProtocol - Initializing ProtocolHandler ["http-nio-8080"] 
25-09-18 15:09:08.135 [restartedMain] INFO  o.a.catalina.core.StandardService - Starting service [Tomcat] 
25-09-18 15:09:08.135 [restartedMain] INFO  o.a.catalina.core.StandardEngine - Starting Servlet engine: [Apache Tomcat/10.1.44] 
25-09-18 15:09:08.155 [restartedMain] INFO  o.a.c.c.C.[Tomcat-1].[localhost].[/] - Initializing Spring embedded WebApplicationContext 
25-09-18 15:09:08.155 [restartedMain] INFO  o.s.b.w.s.c.ServletWebServerApplicationContext - Root WebApplicationContext: initialization completed in 207 ms 
25-09-18 15:09:08.177 [restartedMain] INFO  o.h.jpa.internal.util.LogHelper - HHH000204: Processing PersistenceUnitInfo [name: default] 
25-09-18 15:09:08.180 [restartedMain] INFO  o.h.c.i.RegionFactoryInitiator - HHH000026: Second-level cache disabled 
25-09-18 15:09:08.184 [restartedMain] INFO  o.s.o.j.p.SpringPersistenceUnitInfo - No LoadTimeWeaver setup: ignoring JPA class transformer 
25-09-18 15:09:08.185 [restartedMain] INFO  com.zaxxer.hikari.HikariDataSource - HikariPool-21 - Starting... 
25-09-18 15:09:08.186 [restartedMain] INFO  com.zaxxer.hikari.pool.HikariPool - HikariPool-21 - Added connection org.sqlite.jdbc4.JDBC4Connection@217c5d4b 
25-09-18 15:09:08.186 [restartedMain] INFO  com.zaxxer.hikari.HikariDataSource - HikariPool-21 - Start completed. 
25-09-18 15:09:08.186 [restartedMain] INFO  o.hibernate.orm.connections.pooling - HHH10001005: Database info:
	Database JDBC URL [Connecting through datasource 'HikariDataSource (HikariPool-21)']
	Database driver: undefined/unknown
	Database version: 3.50.3
	Autocommit mode: undefined/unknown
	Isolation level: undefined/unknown
	Minimum pool size: undefined/unknown
	Maximum pool size: undefined/unknown 
25-09-18 15:09:08.228 [restartedMain] INFO  o.h.e.t.j.p.i.JtaPlatformInitiator - HHH000489: No JTA platform available (set 'hibernate.transaction.jta.platform' to enable JTA platform integration) 
25-09-18 15:09:08.229 [restartedMain] INFO  o.s.o.j.LocalContainerEntityManagerFactoryBean - Initialized JPA EntityManagerFactory for persistence unit 'default' 
25-09-18 15:09:08.279 [restartedMain] WARN  o.s.b.a.o.j.JpaBaseConfiguration$JpaWebConfiguration - spring.jpa.open-in-view is enabled by default. Therefore, database queries may be performed during view rendering. Explicitly configure spring.jpa.open-in-view to disable this warning 
25-09-18 15:09:08.350 [restartedMain] INFO  o.s.b.d.a.OptionalLiveReloadServer - LiveReload server is running on port 35729 
25-09-18 15:09:08.357 [restartedMain] INFO  o.a.coyote.http11.Http11NioProtocol - Starting ProtocolHandler ["http-nio-8080"] 
25-09-18 15:09:08.359 [restartedMain] INFO  o.s.b.w.e.tomcat.TomcatWebServer - Tomcat started on port 8080 (http) with context path '/' 
25-09-18 15:09:08.362 [restartedMain] INFO  c.v.vatManager.VatManagerApplication - Started VatManagerApplication in 0.433 seconds (process running for 4408.25) 
25-09-18 15:09:08.362 [restartedMain] INFO  o.s.b.d.a.ConditionEvaluationDeltaLoggingListener - Condition evaluation unchanged 
25-09-18 15:09:15.839 [File Watcher] INFO  o.s.b.d.a.LocalDevToolsAutoConfiguration$RestartingClassPathChangeChangedEventListener - Restarting due to 1 class path change (0 additions, 0 deletions, 1 modification) 
25-09-18 15:09:15.840 [Thread-82] INFO  o.s.b.w.e.tomcat.GracefulShutdown - Commencing graceful shutdown. Waiting for active requests to complete 
25-09-18 15:09:15.840 [tomcat-shutdown] INFO  o.a.coyote.http11.Http11NioProtocol - Pausing ProtocolHandler ["http-nio-8080"] 
25-09-18 15:09:15.860 [tomcat-shutdown] INFO  o.s.b.w.e.tomcat.GracefulShutdown - Graceful shutdown complete 
25-09-18 15:09:15.860 [Thread-82] INFO  o.a.coyote.http11.Http11NioProtocol - Stopping ProtocolHandler ["http-nio-8080"] 
25-09-18 15:09:15.861 [Thread-82] INFO  o.s.o.j.LocalContainerEntityManagerFactoryBean - Closing JPA EntityManagerFactory for persistence unit 'default' 
25-09-18 15:09:15.862 [Thread-82] INFO  com.zaxxer.hikari.HikariDataSource - HikariPool-21 - Shutdown initiated... 
25-09-18 15:09:15.862 [Thread-82] INFO  com.zaxxer.hikari.HikariDataSource - HikariPool-21 - Shutdown completed. 
25-09-18 15:09:15.927 [restartedMain] INFO  c.v.vatManager.VatManagerApplication - Starting VatManagerApplication using Java 21.0.5 with PID 19732 (D:\SpringBoot  Projects\vatManager\target\classes started by neraz in D:\SpringBoot  Projects\vatManager) 
25-09-18 15:09:15.927 [restartedMain] INFO  c.v.vatManager.VatManagerApplication - No active profile set, falling back to 1 default profile: "default" 
25-09-18 15:09:16.035 [restartedMain] INFO  o.s.d.r.c.RepositoryConfigurationDelegate - Bootstrapping Spring Data JPA repositories in DEFAULT mode. 
25-09-18 15:09:16.041 [restartedMain] INFO  o.s.d.r.c.RepositoryConfigurationDelegate - Finished Spring Data repository scanning in 6 ms. Found 1 JPA repository interface. 
25-09-18 15:09:16.092 [restartedMain] INFO  o.s.b.w.e.tomcat.TomcatWebServer - Tomcat initialized with port 8080 (http) 
25-09-18 15:09:16.093 [restartedMain] INFO  o.a.coyote.http11.Http11NioProtocol - Initializing ProtocolHandler ["http-nio-8080"] 
25-09-18 15:09:16.093 [restartedMain] INFO  o.a.catalina.core.StandardService - Starting service [Tomcat] 
25-09-18 15:09:16.093 [restartedMain] INFO  o.a.catalina.core.StandardEngine - Starting Servlet engine: [Apache Tomcat/10.1.44] 
25-09-18 15:09:16.112 [restartedMain] INFO  o.a.c.c.C.[Tomcat-1].[localhost].[/] - Initializing Spring embedded WebApplicationContext 
25-09-18 15:09:16.112 [restartedMain] INFO  o.s.b.w.s.c.ServletWebServerApplicationContext - Root WebApplicationContext: initialization completed in 184 ms 
25-09-18 15:09:16.132 [restartedMain] INFO  o.h.jpa.internal.util.LogHelper - HHH000204: Processing PersistenceUnitInfo [name: default] 
25-09-18 15:09:16.135 [restartedMain] INFO  o.h.c.i.RegionFactoryInitiator - HHH000026: Second-level cache disabled 
25-09-18 15:09:16.140 [restartedMain] INFO  o.s.o.j.p.SpringPersistenceUnitInfo - No LoadTimeWeaver setup: ignoring JPA class transformer 
25-09-18 15:09:16.141 [restartedMain] INFO  com.zaxxer.hikari.HikariDataSource - HikariPool-22 - Starting... 
25-09-18 15:09:16.142 [restartedMain] INFO  com.zaxxer.hikari.pool.HikariPool - HikariPool-22 - Added connection org.sqlite.jdbc4.JDBC4Connection@1122ec5a 
25-09-18 15:09:16.142 [restartedMain] INFO  com.zaxxer.hikari.HikariDataSource - HikariPool-22 - Start completed. 
25-09-18 15:09:16.142 [restartedMain] INFO  o.hibernate.orm.connections.pooling - HHH10001005: Database info:
	Database JDBC URL [Connecting through datasource 'HikariDataSource (HikariPool-22)']
	Database driver: undefined/unknown
	Database version: 3.50.3
	Autocommit mode: undefined/unknown
	Isolation level: undefined/unknown
	Minimum pool size: undefined/unknown
	Maximum pool size: undefined/unknown 
25-09-18 15:09:16.179 [restartedMain] INFO  o.h.e.t.j.p.i.JtaPlatformInitiator - HHH000489: No JTA platform available (set 'hibernate.transaction.jta.platform' to enable JTA platform integration) 
25-09-18 15:09:16.180 [restartedMain] INFO  o.s.o.j.LocalContainerEntityManagerFactoryBean - Initialized JPA EntityManagerFactory for persistence unit 'default' 
25-09-18 15:09:16.220 [restartedMain] WARN  o.s.b.a.o.j.JpaBaseConfiguration$JpaWebConfiguration - spring.jpa.open-in-view is enabled by default. Therefore, database queries may be performed during view rendering. Explicitly configure spring.jpa.open-in-view to disable this warning 
25-09-18 15:09:16.276 [restartedMain] INFO  o.s.b.d.a.OptionalLiveReloadServer - LiveReload server is running on port 35729 
25-09-18 15:09:16.282 [restartedMain] INFO  o.a.coyote.http11.Http11NioProtocol - Starting ProtocolHandler ["http-nio-8080"] 
25-09-18 15:09:16.284 [restartedMain] INFO  o.s.b.w.e.tomcat.TomcatWebServer - Tomcat started on port 8080 (http) with context path '/' 
25-09-18 15:09:16.286 [restartedMain] INFO  c.v.vatManager.VatManagerApplication - Started VatManagerApplication in 0.377 seconds (process running for 4416.175) 
25-09-18 15:09:16.287 [restartedMain] INFO  o.s.b.d.a.ConditionEvaluationDeltaLoggingListener - Condition evaluation unchanged 
25-09-18 15:09:24.763 [File Watcher] INFO  o.s.b.d.a.LocalDevToolsAutoConfiguration$RestartingClassPathChangeChangedEventListener - Restarting due to 1 class path change (0 additions, 0 deletions, 1 modification) 
25-09-18 15:09:24.763 [Thread-86] INFO  o.s.b.w.e.tomcat.GracefulShutdown - Commencing graceful shutdown. Waiting for active requests to complete 
25-09-18 15:09:24.765 [tomcat-shutdown] INFO  o.a.coyote.http11.Http11NioProtocol - Pausing ProtocolHandler ["http-nio-8080"] 
25-09-18 15:09:24.784 [tomcat-shutdown] INFO  o.s.b.w.e.tomcat.GracefulShutdown - Graceful shutdown complete 
25-09-18 15:09:24.785 [Thread-86] INFO  o.a.coyote.http11.Http11NioProtocol - Stopping ProtocolHandler ["http-nio-8080"] 
25-09-18 15:09:24.786 [Thread-86] INFO  o.s.o.j.LocalContainerEntityManagerFactoryBean - Closing JPA EntityManagerFactory for persistence unit 'default' 
25-09-18 15:09:24.787 [Thread-86] INFO  com.zaxxer.hikari.HikariDataSource - HikariPool-22 - Shutdown initiated... 
25-09-18 15:09:24.787 [Thread-86] INFO  com.zaxxer.hikari.HikariDataSource - HikariPool-22 - Shutdown completed. 
25-09-18 15:09:24.851 [restartedMain] INFO  c.v.vatManager.VatManagerApplication - Starting VatManagerApplication using Java 21.0.5 with PID 19732 (D:\SpringBoot  Projects\vatManager\target\classes started by neraz in D:\SpringBoot  Projects\vatManager) 
25-09-18 15:09:24.851 [restartedMain] INFO  c.v.vatManager.VatManagerApplication - No active profile set, falling back to 1 default profile: "default" 
25-09-18 15:09:24.949 [restartedMain] INFO  o.s.d.r.c.RepositoryConfigurationDelegate - Bootstrapping Spring Data JPA repositories in DEFAULT mode. 
25-09-18 15:09:24.958 [restartedMain] INFO  o.s.d.r.c.RepositoryConfigurationDelegate - Finished Spring Data repository scanning in 8 ms. Found 1 JPA repository interface. 
25-09-18 15:09:25.008 [restartedMain] INFO  o.s.b.w.e.tomcat.TomcatWebServer - Tomcat initialized with port 8080 (http) 
25-09-18 15:09:25.008 [restartedMain] INFO  o.a.coyote.http11.Http11NioProtocol - Initializing ProtocolHandler ["http-nio-8080"] 
25-09-18 15:09:25.008 [restartedMain] INFO  o.a.catalina.core.StandardService - Starting service [Tomcat] 
25-09-18 15:09:25.008 [restartedMain] INFO  o.a.catalina.core.StandardEngine - Starting Servlet engine: [Apache Tomcat/10.1.44] 
25-09-18 15:09:25.028 [restartedMain] INFO  o.a.c.c.C.[Tomcat-1].[localhost].[/] - Initializing Spring embedded WebApplicationContext 
25-09-18 15:09:25.028 [restartedMain] INFO  o.s.b.w.s.c.ServletWebServerApplicationContext - Root WebApplicationContext: initialization completed in 176 ms 
25-09-18 15:09:25.048 [restartedMain] INFO  o.h.jpa.internal.util.LogHelper - HHH000204: Processing PersistenceUnitInfo [name: default] 
25-09-18 15:09:25.050 [restartedMain] INFO  o.h.c.i.RegionFactoryInitiator - HHH000026: Second-level cache disabled 
25-09-18 15:09:25.054 [restartedMain] INFO  o.s.o.j.p.SpringPersistenceUnitInfo - No LoadTimeWeaver setup: ignoring JPA class transformer 
25-09-18 15:09:25.055 [restartedMain] INFO  com.zaxxer.hikari.HikariDataSource - HikariPool-23 - Starting... 
25-09-18 15:09:25.056 [restartedMain] INFO  com.zaxxer.hikari.pool.HikariPool - HikariPool-23 - Added connection org.sqlite.jdbc4.JDBC4Connection@26df6e86 
25-09-18 15:09:25.056 [restartedMain] INFO  com.zaxxer.hikari.HikariDataSource - HikariPool-23 - Start completed. 
25-09-18 15:09:25.056 [restartedMain] INFO  o.hibernate.orm.connections.pooling - HHH10001005: Database info:
	Database JDBC URL [Connecting through datasource 'HikariDataSource (HikariPool-23)']
	Database driver: undefined/unknown
	Database version: 3.50.3
	Autocommit mode: undefined/unknown
	Isolation level: undefined/unknown
	Minimum pool size: undefined/unknown
	Maximum pool size: undefined/unknown 
25-09-18 15:09:25.091 [restartedMain] INFO  o.h.e.t.j.p.i.JtaPlatformInitiator - HHH000489: No JTA platform available (set 'hibernate.transaction.jta.platform' to enable JTA platform integration) 
25-09-18 15:09:25.093 [restartedMain] INFO  o.s.o.j.LocalContainerEntityManagerFactoryBean - Initialized JPA EntityManagerFactory for persistence unit 'default' 
25-09-18 15:09:25.132 [restartedMain] WARN  o.s.b.a.o.j.JpaBaseConfiguration$JpaWebConfiguration - spring.jpa.open-in-view is enabled by default. Therefore, database queries may be performed during view rendering. Explicitly configure spring.jpa.open-in-view to disable this warning 
25-09-18 15:09:25.187 [restartedMain] INFO  o.s.b.d.a.OptionalLiveReloadServer - LiveReload server is running on port 35729 
25-09-18 15:09:25.193 [restartedMain] INFO  o.a.coyote.http11.Http11NioProtocol - Starting ProtocolHandler ["http-nio-8080"] 
25-09-18 15:09:25.195 [restartedMain] INFO  o.s.b.w.e.tomcat.TomcatWebServer - Tomcat started on port 8080 (http) with context path '/' 
25-09-18 15:09:25.198 [restartedMain] INFO  c.v.vatManager.VatManagerApplication - Started VatManagerApplication in 0.364 seconds (process running for 4425.086) 
25-09-18 15:09:25.199 [restartedMain] INFO  o.s.b.d.a.ConditionEvaluationDeltaLoggingListener - Condition evaluation unchanged 
25-09-18 15:09:42.823 [File Watcher] INFO  o.s.b.d.a.LocalDevToolsAutoConfiguration$RestartingClassPathChangeChangedEventListener - Restarting due to 3 class path changes (0 additions, 0 deletions, 3 modifications) 
25-09-18 15:09:42.824 [Thread-90] INFO  o.s.b.w.e.tomcat.GracefulShutdown - Commencing graceful shutdown. Waiting for active requests to complete 
25-09-18 15:09:42.824 [tomcat-shutdown] INFO  o.a.coyote.http11.Http11NioProtocol - Pausing ProtocolHandler ["http-nio-8080"] 
25-09-18 15:09:42.844 [tomcat-shutdown] INFO  o.s.b.w.e.tomcat.GracefulShutdown - Graceful shutdown complete 
25-09-18 15:09:42.844 [Thread-90] INFO  o.a.coyote.http11.Http11NioProtocol - Stopping ProtocolHandler ["http-nio-8080"] 
25-09-18 15:09:42.845 [Thread-90] INFO  o.s.o.j.LocalContainerEntityManagerFactoryBean - Closing JPA EntityManagerFactory for persistence unit 'default' 
25-09-18 15:09:42.845 [Thread-90] INFO  com.zaxxer.hikari.HikariDataSource - HikariPool-23 - Shutdown initiated... 
25-09-18 15:09:42.846 [Thread-90] INFO  com.zaxxer.hikari.HikariDataSource - HikariPool-23 - Shutdown completed. 
25-09-18 15:09:42.906 [restartedMain] INFO  c.v.vatManager.VatManagerApplication - Starting VatManagerApplication using Java 21.0.5 with PID 19732 (D:\SpringBoot  Projects\vatManager\target\classes started by neraz in D:\SpringBoot  Projects\vatManager) 
25-09-18 15:09:42.906 [restartedMain] INFO  c.v.vatManager.VatManagerApplication - No active profile set, falling back to 1 default profile: "default" 
25-09-18 15:09:43.032 [restartedMain] INFO  o.s.d.r.c.RepositoryConfigurationDelegate - Bootstrapping Spring Data JPA repositories in DEFAULT mode. 
25-09-18 15:09:43.040 [restartedMain] INFO  o.s.d.r.c.RepositoryConfigurationDelegate - Finished Spring Data repository scanning in 6 ms. Found 1 JPA repository interface. 
25-09-18 15:09:43.089 [restartedMain] INFO  o.s.b.w.e.tomcat.TomcatWebServer - Tomcat initialized with port 8080 (http) 
25-09-18 15:09:43.090 [restartedMain] INFO  o.a.coyote.http11.Http11NioProtocol - Initializing ProtocolHandler ["http-nio-8080"] 
25-09-18 15:09:43.090 [restartedMain] INFO  o.a.catalina.core.StandardService - Starting service [Tomcat] 
25-09-18 15:09:43.090 [restartedMain] INFO  o.a.catalina.core.StandardEngine - Starting Servlet engine: [Apache Tomcat/10.1.44] 
25-09-18 15:09:43.109 [restartedMain] INFO  o.a.c.c.C.[Tomcat-1].[localhost].[/] - Initializing Spring embedded WebApplicationContext 
25-09-18 15:09:43.109 [restartedMain] INFO  o.s.b.w.s.c.ServletWebServerApplicationContext - Root WebApplicationContext: initialization completed in 202 ms 
25-09-18 15:09:43.128 [restartedMain] INFO  o.h.jpa.internal.util.LogHelper - HHH000204: Processing PersistenceUnitInfo [name: default] 
25-09-18 15:09:43.130 [restartedMain] INFO  o.h.c.i.RegionFactoryInitiator - HHH000026: Second-level cache disabled 
25-09-18 15:09:43.134 [restartedMain] INFO  o.s.o.j.p.SpringPersistenceUnitInfo - No LoadTimeWeaver setup: ignoring JPA class transformer 
25-09-18 15:09:43.136 [restartedMain] INFO  com.zaxxer.hikari.HikariDataSource - HikariPool-24 - Starting... 
25-09-18 15:09:43.137 [restartedMain] INFO  com.zaxxer.hikari.pool.HikariPool - HikariPool-24 - Added connection org.sqlite.jdbc4.JDBC4Connection@527aa5ff 
25-09-18 15:09:43.137 [restartedMain] INFO  com.zaxxer.hikari.HikariDataSource - HikariPool-24 - Start completed. 
25-09-18 15:09:43.137 [restartedMain] INFO  o.hibernate.orm.connections.pooling - HHH10001005: Database info:
	Database JDBC URL [Connecting through datasource 'HikariDataSource (HikariPool-24)']
	Database driver: undefined/unknown
	Database version: 3.50.3
	Autocommit mode: undefined/unknown
	Isolation level: undefined/unknown
	Minimum pool size: undefined/unknown
	Maximum pool size: undefined/unknown 
25-09-18 15:09:43.170 [restartedMain] INFO  o.h.e.t.j.p.i.JtaPlatformInitiator - HHH000489: No JTA platform available (set 'hibernate.transaction.jta.platform' to enable JTA platform integration) 
25-09-18 15:09:43.171 [restartedMain] INFO  o.s.o.j.LocalContainerEntityManagerFactoryBean - Initialized JPA EntityManagerFactory for persistence unit 'default' 
25-09-18 15:09:43.212 [restartedMain] WARN  o.s.b.a.o.j.JpaBaseConfiguration$JpaWebConfiguration - spring.jpa.open-in-view is enabled by default. Therefore, database queries may be performed during view rendering. Explicitly configure spring.jpa.open-in-view to disable this warning 
25-09-18 15:09:43.269 [restartedMain] INFO  o.s.b.d.a.OptionalLiveReloadServer - LiveReload server is running on port 35729 
25-09-18 15:09:43.275 [restartedMain] INFO  o.a.coyote.http11.Http11NioProtocol - Starting ProtocolHandler ["http-nio-8080"] 
25-09-18 15:09:43.277 [restartedMain] INFO  o.s.b.w.e.tomcat.TomcatWebServer - Tomcat started on port 8080 (http) with context path '/' 
25-09-18 15:09:43.280 [restartedMain] INFO  c.v.vatManager.VatManagerApplication - Started VatManagerApplication in 0.389 seconds (process running for 4443.168) 
25-09-18 15:09:43.281 [restartedMain] INFO  o.s.b.d.a.ConditionEvaluationDeltaLoggingListener - Condition evaluation unchanged 
25-09-18 15:10:38.465 [File Watcher] INFO  o.s.b.d.a.LocalDevToolsAutoConfiguration$RestartingClassPathChangeChangedEventListener - Restarting due to 1 class path change (0 additions, 0 deletions, 1 modification) 
25-09-18 15:10:38.466 [Thread-94] INFO  o.s.b.w.e.tomcat.GracefulShutdown - Commencing graceful shutdown. Waiting for active requests to complete 
25-09-18 15:10:38.466 [tomcat-shutdown] INFO  o.a.coyote.http11.Http11NioProtocol - Pausing ProtocolHandler ["http-nio-8080"] 
25-09-18 15:10:38.484 [tomcat-shutdown] INFO  o.s.b.w.e.tomcat.GracefulShutdown - Graceful shutdown complete 
25-09-18 15:10:38.484 [Thread-94] INFO  o.a.coyote.http11.Http11NioProtocol - Stopping ProtocolHandler ["http-nio-8080"] 
25-09-18 15:10:38.485 [Thread-94] INFO  o.s.o.j.LocalContainerEntityManagerFactoryBean - Closing JPA EntityManagerFactory for persistence unit 'default' 
25-09-18 15:10:38.485 [Thread-94] INFO  com.zaxxer.hikari.HikariDataSource - HikariPool-24 - Shutdown initiated... 
25-09-18 15:10:38.486 [Thread-94] INFO  com.zaxxer.hikari.HikariDataSource - HikariPool-24 - Shutdown completed. 
25-09-18 15:10:38.547 [restartedMain] INFO  c.v.vatManager.VatManagerApplication - Starting VatManagerApplication using Java 21.0.5 with PID 19732 (D:\SpringBoot  Projects\vatManager\target\classes started by neraz in D:\SpringBoot  Projects\vatManager) 
25-09-18 15:10:38.548 [restartedMain] INFO  c.v.vatManager.VatManagerApplication - No active profile set, falling back to 1 default profile: "default" 
25-09-18 15:10:38.655 [restartedMain] INFO  o.s.d.r.c.RepositoryConfigurationDelegate - Bootstrapping Spring Data JPA repositories in DEFAULT mode. 
25-09-18 15:10:38.661 [restartedMain] INFO  o.s.d.r.c.RepositoryConfigurationDelegate - Finished Spring Data repository scanning in 5 ms. Found 1 JPA repository interface. 
25-09-18 15:10:38.711 [restartedMain] INFO  o.s.b.w.e.tomcat.TomcatWebServer - Tomcat initialized with port 8080 (http) 
25-09-18 15:10:38.711 [restartedMain] INFO  o.a.coyote.http11.Http11NioProtocol - Initializing ProtocolHandler ["http-nio-8080"] 
25-09-18 15:10:38.711 [restartedMain] INFO  o.a.catalina.core.StandardService - Starting service [Tomcat] 
25-09-18 15:10:38.711 [restartedMain] INFO  o.a.catalina.core.StandardEngine - Starting Servlet engine: [Apache Tomcat/10.1.44] 
25-09-18 15:10:38.730 [restartedMain] INFO  o.a.c.c.C.[Tomcat-1].[localhost].[/] - Initializing Spring embedded WebApplicationContext 
25-09-18 15:10:38.730 [restartedMain] INFO  o.s.b.w.s.c.ServletWebServerApplicationContext - Root WebApplicationContext: initialization completed in 181 ms 
25-09-18 15:10:38.752 [restartedMain] INFO  o.h.jpa.internal.util.LogHelper - HHH000204: Processing PersistenceUnitInfo [name: default] 
25-09-18 15:10:38.755 [restartedMain] INFO  o.h.c.i.RegionFactoryInitiator - HHH000026: Second-level cache disabled 
25-09-18 15:10:38.760 [restartedMain] INFO  o.s.o.j.p.SpringPersistenceUnitInfo - No LoadTimeWeaver setup: ignoring JPA class transformer 
25-09-18 15:10:38.775 [restartedMain] INFO  com.zaxxer.hikari.HikariDataSource - HikariPool-25 - Starting... 
25-09-18 15:10:38.777 [restartedMain] INFO  com.zaxxer.hikari.pool.HikariPool - HikariPool-25 - Added connection org.sqlite.jdbc4.JDBC4Connection@1f60d8c6 
25-09-18 15:10:38.777 [restartedMain] INFO  com.zaxxer.hikari.HikariDataSource - HikariPool-25 - Start completed. 
25-09-18 15:10:38.778 [restartedMain] INFO  o.hibernate.orm.connections.pooling - HHH10001005: Database info:
	Database JDBC URL [Connecting through datasource 'HikariDataSource (HikariPool-25)']
	Database driver: undefined/unknown
	Database version: 3.50.3
	Autocommit mode: undefined/unknown
	Isolation level: undefined/unknown
	Minimum pool size: undefined/unknown
	Maximum pool size: undefined/unknown 
25-09-18 15:10:38.800 [restartedMain] INFO  o.h.e.t.j.p.i.JtaPlatformInitiator - HHH000489: No JTA platform available (set 'hibernate.transaction.jta.platform' to enable JTA platform integration) 
25-09-18 15:10:38.802 [restartedMain] INFO  o.s.o.j.LocalContainerEntityManagerFactoryBean - Initialized JPA EntityManagerFactory for persistence unit 'default' 
25-09-18 15:10:38.843 [restartedMain] WARN  o.s.b.a.o.j.JpaBaseConfiguration$JpaWebConfiguration - spring.jpa.open-in-view is enabled by default. Therefore, database queries may be performed during view rendering. Explicitly configure spring.jpa.open-in-view to disable this warning 
25-09-18 15:10:38.899 [restartedMain] INFO  o.s.b.d.a.OptionalLiveReloadServer - LiveReload server is running on port 35729 
25-09-18 15:10:38.906 [restartedMain] INFO  o.a.coyote.http11.Http11NioProtocol - Starting ProtocolHandler ["http-nio-8080"] 
25-09-18 15:10:38.909 [restartedMain] INFO  o.s.b.w.e.tomcat.TomcatWebServer - Tomcat started on port 8080 (http) with context path '/' 
25-09-18 15:10:38.912 [restartedMain] INFO  c.v.vatManager.VatManagerApplication - Started VatManagerApplication in 0.383 seconds (process running for 4498.8) 
25-09-18 15:10:38.913 [restartedMain] INFO  o.s.b.d.a.ConditionEvaluationDeltaLoggingListener - Condition evaluation unchanged 
25-09-18 15:10:43.385 [File Watcher] INFO  o.s.b.d.a.LocalDevToolsAutoConfiguration$RestartingClassPathChangeChangedEventListener - Restarting due to 1 class path change (0 additions, 0 deletions, 1 modification) 
25-09-18 15:10:43.386 [Thread-98] INFO  o.s.b.w.e.tomcat.GracefulShutdown - Commencing graceful shutdown. Waiting for active requests to complete 
25-09-18 15:10:43.386 [tomcat-shutdown] INFO  o.a.coyote.http11.Http11NioProtocol - Pausing ProtocolHandler ["http-nio-8080"] 
25-09-18 15:10:43.407 [tomcat-shutdown] INFO  o.s.b.w.e.tomcat.GracefulShutdown - Graceful shutdown complete 
25-09-18 15:10:43.407 [Thread-98] INFO  o.a.coyote.http11.Http11NioProtocol - Stopping ProtocolHandler ["http-nio-8080"] 
25-09-18 15:10:43.408 [Thread-98] INFO  o.s.o.j.LocalContainerEntityManagerFactoryBean - Closing JPA EntityManagerFactory for persistence unit 'default' 
25-09-18 15:10:43.409 [Thread-98] INFO  com.zaxxer.hikari.HikariDataSource - HikariPool-25 - Shutdown initiated... 
25-09-18 15:10:43.409 [Thread-98] INFO  com.zaxxer.hikari.HikariDataSource - HikariPool-25 - Shutdown completed. 
25-09-18 15:10:43.476 [restartedMain] INFO  c.v.vatManager.VatManagerApplication - Starting VatManagerApplication using Java 21.0.5 with PID 19732 (D:\SpringBoot  Projects\vatManager\target\classes started by neraz in D:\SpringBoot  Projects\vatManager) 
25-09-18 15:10:43.476 [restartedMain] INFO  c.v.vatManager.VatManagerApplication - No active profile set, falling back to 1 default profile: "default" 
25-09-18 15:10:43.593 [restartedMain] INFO  o.s.d.r.c.RepositoryConfigurationDelegate - Bootstrapping Spring Data JPA repositories in DEFAULT mode. 
25-09-18 15:10:43.600 [restartedMain] INFO  o.s.d.r.c.RepositoryConfigurationDelegate - Finished Spring Data repository scanning in 6 ms. Found 1 JPA repository interface. 
25-09-18 15:10:43.648 [restartedMain] INFO  o.s.b.w.e.tomcat.TomcatWebServer - Tomcat initialized with port 8080 (http) 
25-09-18 15:10:43.649 [restartedMain] INFO  o.a.coyote.http11.Http11NioProtocol - Initializing ProtocolHandler ["http-nio-8080"] 
25-09-18 15:10:43.649 [restartedMain] INFO  o.a.catalina.core.StandardService - Starting service [Tomcat] 
25-09-18 15:10:43.649 [restartedMain] INFO  o.a.catalina.core.StandardEngine - Starting Servlet engine: [Apache Tomcat/10.1.44] 
25-09-18 15:10:43.667 [restartedMain] INFO  o.a.c.c.C.[Tomcat-1].[localhost].[/] - Initializing Spring embedded WebApplicationContext 
25-09-18 15:10:43.667 [restartedMain] INFO  o.s.b.w.s.c.ServletWebServerApplicationContext - Root WebApplicationContext: initialization completed in 190 ms 
25-09-18 15:10:43.687 [restartedMain] INFO  o.h.jpa.internal.util.LogHelper - HHH000204: Processing PersistenceUnitInfo [name: default] 
25-09-18 15:10:43.690 [restartedMain] INFO  o.h.c.i.RegionFactoryInitiator - HHH000026: Second-level cache disabled 
25-09-18 15:10:43.694 [restartedMain] INFO  o.s.o.j.p.SpringPersistenceUnitInfo - No LoadTimeWeaver setup: ignoring JPA class transformer 
25-09-18 15:10:43.695 [restartedMain] INFO  com.zaxxer.hikari.HikariDataSource - HikariPool-26 - Starting... 
25-09-18 15:10:43.696 [restartedMain] INFO  com.zaxxer.hikari.pool.HikariPool - HikariPool-26 - Added connection org.sqlite.jdbc4.JDBC4Connection@19cdf34f 
25-09-18 15:10:43.696 [restartedMain] INFO  com.zaxxer.hikari.HikariDataSource - HikariPool-26 - Start completed. 
25-09-18 15:10:43.696 [restartedMain] INFO  o.hibernate.orm.connections.pooling - HHH10001005: Database info:
	Database JDBC URL [Connecting through datasource 'HikariDataSource (HikariPool-26)']
	Database driver: undefined/unknown
	Database version: 3.50.3
	Autocommit mode: undefined/unknown
	Isolation level: undefined/unknown
	Minimum pool size: undefined/unknown
	Maximum pool size: undefined/unknown 
25-09-18 15:10:43.732 [restartedMain] INFO  o.h.e.t.j.p.i.JtaPlatformInitiator - HHH000489: No JTA platform available (set 'hibernate.transaction.jta.platform' to enable JTA platform integration) 
25-09-18 15:10:43.734 [restartedMain] INFO  o.s.o.j.LocalContainerEntityManagerFactoryBean - Initialized JPA EntityManagerFactory for persistence unit 'default' 
25-09-18 15:10:43.773 [restartedMain] WARN  o.s.b.a.o.j.JpaBaseConfiguration$JpaWebConfiguration - spring.jpa.open-in-view is enabled by default. Therefore, database queries may be performed during view rendering. Explicitly configure spring.jpa.open-in-view to disable this warning 
25-09-18 15:10:43.828 [restartedMain] INFO  o.s.b.d.a.OptionalLiveReloadServer - LiveReload server is running on port 35729 
25-09-18 15:10:43.833 [restartedMain] INFO  o.a.coyote.http11.Http11NioProtocol - Starting ProtocolHandler ["http-nio-8080"] 
25-09-18 15:10:43.836 [restartedMain] INFO  o.s.b.w.e.tomcat.TomcatWebServer - Tomcat started on port 8080 (http) with context path '/' 
25-09-18 15:10:43.839 [restartedMain] INFO  c.v.vatManager.VatManagerApplication - Started VatManagerApplication in 0.381 seconds (process running for 4503.727) 
25-09-18 15:10:43.840 [restartedMain] INFO  o.s.b.d.a.ConditionEvaluationDeltaLoggingListener - Condition evaluation unchanged 
25-09-18 15:10:51.318 [File Watcher] INFO  o.s.b.d.a.LocalDevToolsAutoConfiguration$RestartingClassPathChangeChangedEventListener - Restarting due to 1 class path change (0 additions, 0 deletions, 1 modification) 
25-09-18 15:10:51.319 [Thread-102] INFO  o.s.b.w.e.tomcat.GracefulShutdown - Commencing graceful shutdown. Waiting for active requests to complete 
25-09-18 15:10:51.319 [tomcat-shutdown] INFO  o.a.coyote.http11.Http11NioProtocol - Pausing ProtocolHandler ["http-nio-8080"] 
25-09-18 15:10:51.337 [tomcat-shutdown] INFO  o.s.b.w.e.tomcat.GracefulShutdown - Graceful shutdown complete 
25-09-18 15:10:51.337 [Thread-102] INFO  o.a.coyote.http11.Http11NioProtocol - Stopping ProtocolHandler ["http-nio-8080"] 
25-09-18 15:10:51.338 [Thread-102] INFO  o.s.o.j.LocalContainerEntityManagerFactoryBean - Closing JPA EntityManagerFactory for persistence unit 'default' 
25-09-18 15:10:51.339 [Thread-102] INFO  com.zaxxer.hikari.HikariDataSource - HikariPool-26 - Shutdown initiated... 
25-09-18 15:10:51.340 [Thread-102] INFO  com.zaxxer.hikari.HikariDataSource - HikariPool-26 - Shutdown completed. 
25-09-18 15:10:51.402 [restartedMain] INFO  c.v.vatManager.VatManagerApplication - Starting VatManagerApplication using Java 21.0.5 with PID 19732 (D:\SpringBoot  Projects\vatManager\target\classes started by neraz in D:\SpringBoot  Projects\vatManager) 
25-09-18 15:10:51.402 [restartedMain] INFO  c.v.vatManager.VatManagerApplication - No active profile set, falling back to 1 default profile: "default" 
25-09-18 15:10:51.512 [restartedMain] INFO  o.s.d.r.c.RepositoryConfigurationDelegate - Bootstrapping Spring Data JPA repositories in DEFAULT mode. 
25-09-18 15:10:51.519 [restartedMain] INFO  o.s.d.r.c.RepositoryConfigurationDelegate - Finished Spring Data repository scanning in 6 ms. Found 1 JPA repository interface. 
25-09-18 15:10:51.567 [restartedMain] INFO  o.s.b.w.e.tomcat.TomcatWebServer - Tomcat initialized with port 8080 (http) 
25-09-18 15:10:51.568 [restartedMain] INFO  o.a.coyote.http11.Http11NioProtocol - Initializing ProtocolHandler ["http-nio-8080"] 
25-09-18 15:10:51.568 [restartedMain] INFO  o.a.catalina.core.StandardService - Starting service [Tomcat] 
25-09-18 15:10:51.568 [restartedMain] INFO  o.a.catalina.core.StandardEngine - Starting Servlet engine: [Apache Tomcat/10.1.44] 
25-09-18 15:10:51.587 [restartedMain] INFO  o.a.c.c.C.[Tomcat-1].[localhost].[/] - Initializing Spring embedded WebApplicationContext 
25-09-18 15:10:51.587 [restartedMain] INFO  o.s.b.w.s.c.ServletWebServerApplicationContext - Root WebApplicationContext: initialization completed in 184 ms 
25-09-18 15:10:51.609 [restartedMain] INFO  o.h.jpa.internal.util.LogHelper - HHH000204: Processing PersistenceUnitInfo [name: default] 
25-09-18 15:10:51.613 [restartedMain] INFO  o.h.c.i.RegionFactoryInitiator - HHH000026: Second-level cache disabled 
25-09-18 15:10:51.618 [restartedMain] INFO  o.s.o.j.p.SpringPersistenceUnitInfo - No LoadTimeWeaver setup: ignoring JPA class transformer 
25-09-18 15:10:51.620 [restartedMain] INFO  com.zaxxer.hikari.HikariDataSource - HikariPool-27 - Starting... 
25-09-18 15:10:51.627 [restartedMain] INFO  com.zaxxer.hikari.pool.HikariPool - HikariPool-27 - Added connection org.sqlite.jdbc4.JDBC4Connection@efd18d6 
25-09-18 15:10:51.627 [restartedMain] INFO  com.zaxxer.hikari.HikariDataSource - HikariPool-27 - Start completed. 
25-09-18 15:10:51.628 [restartedMain] INFO  o.hibernate.orm.connections.pooling - HHH10001005: Database info:
	Database JDBC URL [Connecting through datasource 'HikariDataSource (HikariPool-27)']
	Database driver: undefined/unknown
	Database version: 3.50.3
	Autocommit mode: undefined/unknown
	Isolation level: undefined/unknown
	Minimum pool size: undefined/unknown
	Maximum pool size: undefined/unknown 
25-09-18 15:10:51.649 [restartedMain] INFO  o.h.e.t.j.p.i.JtaPlatformInitiator - HHH000489: No JTA platform available (set 'hibernate.transaction.jta.platform' to enable JTA platform integration) 
25-09-18 15:10:51.651 [restartedMain] INFO  o.s.o.j.LocalContainerEntityManagerFactoryBean - Initialized JPA EntityManagerFactory for persistence unit 'default' 
25-09-18 15:10:51.690 [restartedMain] WARN  o.s.b.a.o.j.JpaBaseConfiguration$JpaWebConfiguration - spring.jpa.open-in-view is enabled by default. Therefore, database queries may be performed during view rendering. Explicitly configure spring.jpa.open-in-view to disable this warning 
25-09-18 15:10:51.742 [restartedMain] INFO  o.s.b.d.a.OptionalLiveReloadServer - LiveReload server is running on port 35729 
25-09-18 15:10:51.747 [restartedMain] INFO  o.a.coyote.http11.Http11NioProtocol - Starting ProtocolHandler ["http-nio-8080"] 
25-09-18 15:10:51.750 [restartedMain] INFO  o.s.b.w.e.tomcat.TomcatWebServer - Tomcat started on port 8080 (http) with context path '/' 
25-09-18 15:10:51.753 [restartedMain] INFO  c.v.vatManager.VatManagerApplication - Started VatManagerApplication in 0.367 seconds (process running for 4511.642) 
25-09-18 15:10:51.755 [restartedMain] INFO  o.s.b.d.a.ConditionEvaluationDeltaLoggingListener - Condition evaluation unchanged 
25-09-18 15:18:09.214 [File Watcher] INFO  o.s.b.d.a.LocalDevToolsAutoConfiguration$RestartingClassPathChangeChangedEventListener - Restarting due to 1 class path change (0 additions, 0 deletions, 1 modification) 
25-09-18 15:18:09.215 [Thread-106] INFO  o.s.b.w.e.tomcat.GracefulShutdown - Commencing graceful shutdown. Waiting for active requests to complete 
25-09-18 15:18:09.216 [tomcat-shutdown] INFO  o.a.coyote.http11.Http11NioProtocol - Pausing ProtocolHandler ["http-nio-8080"] 
25-09-18 15:18:09.234 [tomcat-shutdown] INFO  o.s.b.w.e.tomcat.GracefulShutdown - Graceful shutdown complete 
25-09-18 15:18:09.234 [Thread-106] INFO  o.a.coyote.http11.Http11NioProtocol - Stopping ProtocolHandler ["http-nio-8080"] 
25-09-18 15:18:09.236 [Thread-106] INFO  o.s.o.j.LocalContainerEntityManagerFactoryBean - Closing JPA EntityManagerFactory for persistence unit 'default' 
25-09-18 15:18:09.236 [Thread-106] INFO  com.zaxxer.hikari.HikariDataSource - HikariPool-27 - Shutdown initiated... 
25-09-18 15:18:09.237 [Thread-106] INFO  com.zaxxer.hikari.HikariDataSource - HikariPool-27 - Shutdown completed. 
25-09-18 15:18:09.307 [restartedMain] INFO  c.v.vatManager.VatManagerApplication - Starting VatManagerApplication using Java 21.0.5 with PID 19732 (D:\SpringBoot  Projects\vatManager\target\classes started by neraz in D:\SpringBoot  Projects\vatManager) 
25-09-18 15:18:09.308 [restartedMain] INFO  c.v.vatManager.VatManagerApplication - No active profile set, falling back to 1 default profile: "default" 
25-09-18 15:18:09.431 [restartedMain] INFO  o.s.d.r.c.RepositoryConfigurationDelegate - Bootstrapping Spring Data JPA repositories in DEFAULT mode. 
25-09-18 15:18:09.439 [restartedMain] INFO  o.s.d.r.c.RepositoryConfigurationDelegate - Finished Spring Data repository scanning in 6 ms. Found 1 JPA repository interface. 
25-09-18 15:18:09.501 [restartedMain] INFO  o.s.b.w.e.tomcat.TomcatWebServer - Tomcat initialized with port 8080 (http) 
25-09-18 15:18:09.503 [restartedMain] INFO  o.a.coyote.http11.Http11NioProtocol - Initializing ProtocolHandler ["http-nio-8080"] 
25-09-18 15:18:09.503 [restartedMain] INFO  o.a.catalina.core.StandardService - Starting service [Tomcat] 
25-09-18 15:18:09.503 [restartedMain] INFO  o.a.catalina.core.StandardEngine - Starting Servlet engine: [Apache Tomcat/10.1.44] 
25-09-18 15:18:09.523 [restartedMain] INFO  o.a.c.c.C.[Tomcat-1].[localhost].[/] - Initializing Spring embedded WebApplicationContext 
25-09-18 15:18:09.524 [restartedMain] INFO  o.s.b.w.s.c.ServletWebServerApplicationContext - Root WebApplicationContext: initialization completed in 215 ms 
25-09-18 15:18:09.549 [restartedMain] INFO  o.h.jpa.internal.util.LogHelper - HHH000204: Processing PersistenceUnitInfo [name: default] 
25-09-18 15:18:09.556 [restartedMain] INFO  o.h.c.i.RegionFactoryInitiator - HHH000026: Second-level cache disabled 
25-09-18 15:18:09.563 [restartedMain] INFO  o.s.o.j.p.SpringPersistenceUnitInfo - No LoadTimeWeaver setup: ignoring JPA class transformer 
25-09-18 15:18:09.565 [restartedMain] INFO  com.zaxxer.hikari.HikariDataSource - HikariPool-28 - Starting... 
25-09-18 15:18:09.566 [restartedMain] INFO  com.zaxxer.hikari.pool.HikariPool - HikariPool-28 - Added connection org.sqlite.jdbc4.JDBC4Connection@5497546b 
25-09-18 15:18:09.566 [restartedMain] INFO  com.zaxxer.hikari.HikariDataSource - HikariPool-28 - Start completed. 
25-09-18 15:18:09.567 [restartedMain] INFO  o.hibernate.orm.connections.pooling - HHH10001005: Database info:
	Database JDBC URL [Connecting through datasource 'HikariDataSource (HikariPool-28)']
	Database driver: undefined/unknown
	Database version: 3.50.3
	Autocommit mode: undefined/unknown
	Isolation level: undefined/unknown
	Minimum pool size: undefined/unknown
	Maximum pool size: undefined/unknown 
25-09-18 15:18:09.602 [restartedMain] INFO  o.h.e.t.j.p.i.JtaPlatformInitiator - HHH000489: No JTA platform available (set 'hibernate.transaction.jta.platform' to enable JTA platform integration) 
25-09-18 15:18:09.604 [restartedMain] INFO  o.s.o.j.LocalContainerEntityManagerFactoryBean - Initialized JPA EntityManagerFactory for persistence unit 'default' 
25-09-18 15:18:09.654 [restartedMain] WARN  o.s.b.a.o.j.JpaBaseConfiguration$JpaWebConfiguration - spring.jpa.open-in-view is enabled by default. Therefore, database queries may be performed during view rendering. Explicitly configure spring.jpa.open-in-view to disable this warning 
25-09-18 15:18:09.727 [restartedMain] INFO  o.s.b.d.a.OptionalLiveReloadServer - LiveReload server is running on port 35729 
25-09-18 15:18:09.733 [restartedMain] INFO  o.a.coyote.http11.Http11NioProtocol - Starting ProtocolHandler ["http-nio-8080"] 
25-09-18 15:18:09.736 [restartedMain] INFO  o.s.b.w.e.tomcat.TomcatWebServer - Tomcat started on port 8080 (http) with context path '/' 
25-09-18 15:18:09.739 [restartedMain] INFO  c.v.vatManager.VatManagerApplication - Started VatManagerApplication in 0.453 seconds (process running for 4949.626) 
25-09-18 15:18:09.739 [restartedMain] INFO  o.s.b.d.a.ConditionEvaluationDeltaLoggingListener - Condition evaluation unchanged 
25-09-18 15:18:35.493 [File Watcher] INFO  o.s.b.d.a.LocalDevToolsAutoConfiguration$RestartingClassPathChangeChangedEventListener - Restarting due to 3 class path changes (0 additions, 0 deletions, 3 modifications) 
25-09-18 15:18:35.495 [Thread-110] INFO  o.s.b.w.e.tomcat.GracefulShutdown - Commencing graceful shutdown. Waiting for active requests to complete 
25-09-18 15:18:35.495 [tomcat-shutdown] INFO  o.a.coyote.http11.Http11NioProtocol - Pausing ProtocolHandler ["http-nio-8080"] 
25-09-18 15:18:35.513 [tomcat-shutdown] INFO  o.s.b.w.e.tomcat.GracefulShutdown - Graceful shutdown complete 
25-09-18 15:18:35.513 [Thread-110] INFO  o.a.coyote.http11.Http11NioProtocol - Stopping ProtocolHandler ["http-nio-8080"] 
25-09-18 15:18:35.515 [Thread-110] INFO  o.s.o.j.LocalContainerEntityManagerFactoryBean - Closing JPA EntityManagerFactory for persistence unit 'default' 
25-09-18 15:18:35.515 [Thread-110] INFO  com.zaxxer.hikari.HikariDataSource - HikariPool-28 - Shutdown initiated... 
25-09-18 15:18:35.516 [Thread-110] INFO  com.zaxxer.hikari.HikariDataSource - HikariPool-28 - Shutdown completed. 
25-09-18 15:18:35.582 [restartedMain] INFO  c.v.vatManager.VatManagerApplication - Starting VatManagerApplication using Java 21.0.5 with PID 19732 (D:\SpringBoot  Projects\vatManager\target\classes started by neraz in D:\SpringBoot  Projects\vatManager) 
25-09-18 15:18:35.582 [restartedMain] INFO  c.v.vatManager.VatManagerApplication - No active profile set, falling back to 1 default profile: "default" 
25-09-18 15:18:35.700 [restartedMain] INFO  o.s.d.r.c.RepositoryConfigurationDelegate - Bootstrapping Spring Data JPA repositories in DEFAULT mode. 
25-09-18 15:18:35.707 [restartedMain] INFO  o.s.d.r.c.RepositoryConfigurationDelegate - Finished Spring Data repository scanning in 5 ms. Found 1 JPA repository interface. 
25-09-18 15:18:35.754 [restartedMain] INFO  o.s.b.w.e.tomcat.TomcatWebServer - Tomcat initialized with port 8080 (http) 
25-09-18 15:18:35.755 [restartedMain] INFO  o.a.coyote.http11.Http11NioProtocol - Initializing ProtocolHandler ["http-nio-8080"] 
25-09-18 15:18:35.755 [restartedMain] INFO  o.a.catalina.core.StandardService - Starting service [Tomcat] 
25-09-18 15:18:35.755 [restartedMain] INFO  o.a.catalina.core.StandardEngine - Starting Servlet engine: [Apache Tomcat/10.1.44] 
25-09-18 15:18:35.776 [restartedMain] INFO  o.a.c.c.C.[Tomcat-1].[localhost].[/] - Initializing Spring embedded WebApplicationContext 
25-09-18 15:18:35.776 [restartedMain] INFO  o.s.b.w.s.c.ServletWebServerApplicationContext - Root WebApplicationContext: initialization completed in 193 ms 
25-09-18 15:18:35.797 [restartedMain] INFO  o.h.jpa.internal.util.LogHelper - HHH000204: Processing PersistenceUnitInfo [name: default] 
25-09-18 15:18:35.799 [restartedMain] INFO  o.h.c.i.RegionFactoryInitiator - HHH000026: Second-level cache disabled 
25-09-18 15:18:35.803 [restartedMain] INFO  o.s.o.j.p.SpringPersistenceUnitInfo - No LoadTimeWeaver setup: ignoring JPA class transformer 
25-09-18 15:18:35.805 [restartedMain] INFO  com.zaxxer.hikari.HikariDataSource - HikariPool-29 - Starting... 
25-09-18 15:18:35.805 [restartedMain] INFO  com.zaxxer.hikari.pool.HikariPool - HikariPool-29 - Added connection org.sqlite.jdbc4.JDBC4Connection@cbeb96b 
25-09-18 15:18:35.805 [restartedMain] INFO  com.zaxxer.hikari.HikariDataSource - HikariPool-29 - Start completed. 
25-09-18 15:18:35.807 [restartedMain] INFO  o.hibernate.orm.connections.pooling - HHH10001005: Database info:
	Database JDBC URL [Connecting through datasource 'HikariDataSource (HikariPool-29)']
	Database driver: undefined/unknown
	Database version: 3.50.3
	Autocommit mode: undefined/unknown
	Isolation level: undefined/unknown
	Minimum pool size: undefined/unknown
	Maximum pool size: undefined/unknown 
25-09-18 15:18:35.842 [restartedMain] INFO  o.h.e.t.j.p.i.JtaPlatformInitiator - HHH000489: No JTA platform available (set 'hibernate.transaction.jta.platform' to enable JTA platform integration) 
25-09-18 15:18:35.844 [restartedMain] INFO  o.s.o.j.LocalContainerEntityManagerFactoryBean - Initialized JPA EntityManagerFactory for persistence unit 'default' 
25-09-18 15:18:35.884 [restartedMain] WARN  o.s.b.a.o.j.JpaBaseConfiguration$JpaWebConfiguration - spring.jpa.open-in-view is enabled by default. Therefore, database queries may be performed during view rendering. Explicitly configure spring.jpa.open-in-view to disable this warning 
25-09-18 15:18:35.943 [restartedMain] INFO  o.s.b.d.a.OptionalLiveReloadServer - LiveReload server is running on port 35729 
25-09-18 15:18:35.949 [restartedMain] INFO  o.a.coyote.http11.Http11NioProtocol - Starting ProtocolHandler ["http-nio-8080"] 
25-09-18 15:18:35.952 [restartedMain] INFO  o.s.b.w.e.tomcat.TomcatWebServer - Tomcat started on port 8080 (http) with context path '/' 
25-09-18 15:18:35.954 [restartedMain] INFO  c.v.vatManager.VatManagerApplication - Started VatManagerApplication in 0.388 seconds (process running for 4975.843) 
25-09-18 15:18:35.955 [restartedMain] INFO  o.s.b.d.a.ConditionEvaluationDeltaLoggingListener - Condition evaluation unchanged 
25-09-18 15:19:25.055 [File Watcher] INFO  o.s.b.d.a.LocalDevToolsAutoConfiguration$RestartingClassPathChangeChangedEventListener - Restarting due to 1 class path change (0 additions, 0 deletions, 1 modification) 
25-09-18 15:19:25.056 [Thread-114] INFO  o.s.b.w.e.tomcat.GracefulShutdown - Commencing graceful shutdown. Waiting for active requests to complete 
25-09-18 15:19:25.056 [tomcat-shutdown] INFO  o.a.coyote.http11.Http11NioProtocol - Pausing ProtocolHandler ["http-nio-8080"] 
25-09-18 15:19:25.074 [tomcat-shutdown] INFO  o.s.b.w.e.tomcat.GracefulShutdown - Graceful shutdown complete 
25-09-18 15:19:25.075 [Thread-114] INFO  o.a.coyote.http11.Http11NioProtocol - Stopping ProtocolHandler ["http-nio-8080"] 
25-09-18 15:19:25.076 [Thread-114] INFO  o.s.o.j.LocalContainerEntityManagerFactoryBean - Closing JPA EntityManagerFactory for persistence unit 'default' 
25-09-18 15:19:25.076 [Thread-114] INFO  com.zaxxer.hikari.HikariDataSource - HikariPool-29 - Shutdown initiated... 
25-09-18 15:19:25.077 [Thread-114] INFO  com.zaxxer.hikari.HikariDataSource - HikariPool-29 - Shutdown completed. 
25-09-18 15:19:25.144 [restartedMain] INFO  c.v.vatManager.VatManagerApplication - Starting VatManagerApplication using Java 21.0.5 with PID 19732 (D:\SpringBoot  Projects\vatManager\target\classes started by neraz in D:\SpringBoot  Projects\vatManager) 
25-09-18 15:19:25.144 [restartedMain] INFO  c.v.vatManager.VatManagerApplication - No active profile set, falling back to 1 default profile: "default" 
25-09-18 15:19:25.257 [restartedMain] INFO  o.s.d.r.c.RepositoryConfigurationDelegate - Bootstrapping Spring Data JPA repositories in DEFAULT mode. 
25-09-18 15:19:25.265 [restartedMain] INFO  o.s.d.r.c.RepositoryConfigurationDelegate - Finished Spring Data repository scanning in 6 ms. Found 1 JPA repository interface. 
25-09-18 15:19:25.315 [restartedMain] INFO  o.s.b.w.e.tomcat.TomcatWebServer - Tomcat initialized with port 8080 (http) 
25-09-18 15:19:25.315 [restartedMain] INFO  o.a.coyote.http11.Http11NioProtocol - Initializing ProtocolHandler ["http-nio-8080"] 
25-09-18 15:19:25.316 [restartedMain] INFO  o.a.catalina.core.StandardService - Starting service [Tomcat] 
25-09-18 15:19:25.316 [restartedMain] INFO  o.a.catalina.core.StandardEngine - Starting Servlet engine: [Apache Tomcat/10.1.44] 
25-09-18 15:19:25.335 [restartedMain] INFO  o.a.c.c.C.[Tomcat-1].[localhost].[/] - Initializing Spring embedded WebApplicationContext 
25-09-18 15:19:25.335 [restartedMain] INFO  o.s.b.w.s.c.ServletWebServerApplicationContext - Root WebApplicationContext: initialization completed in 190 ms 
25-09-18 15:19:25.355 [restartedMain] INFO  o.h.jpa.internal.util.LogHelper - HHH000204: Processing PersistenceUnitInfo [name: default] 
25-09-18 15:19:25.357 [restartedMain] INFO  o.h.c.i.RegionFactoryInitiator - HHH000026: Second-level cache disabled 
25-09-18 15:19:25.361 [restartedMain] INFO  o.s.o.j.p.SpringPersistenceUnitInfo - No LoadTimeWeaver setup: ignoring JPA class transformer 
25-09-18 15:19:25.363 [restartedMain] INFO  com.zaxxer.hikari.HikariDataSource - HikariPool-30 - Starting... 
25-09-18 15:19:25.363 [restartedMain] INFO  com.zaxxer.hikari.pool.HikariPool - HikariPool-30 - Added connection org.sqlite.jdbc4.JDBC4Connection@20099438 
25-09-18 15:19:25.363 [restartedMain] INFO  com.zaxxer.hikari.HikariDataSource - HikariPool-30 - Start completed. 
25-09-18 15:19:25.364 [restartedMain] INFO  o.hibernate.orm.connections.pooling - HHH10001005: Database info:
	Database JDBC URL [Connecting through datasource 'HikariDataSource (HikariPool-30)']
	Database driver: undefined/unknown
	Database version: 3.50.3
	Autocommit mode: undefined/unknown
	Isolation level: undefined/unknown
	Minimum pool size: undefined/unknown
	Maximum pool size: undefined/unknown 
25-09-18 15:19:25.407 [restartedMain] INFO  o.h.e.t.j.p.i.JtaPlatformInitiator - HHH000489: No JTA platform available (set 'hibernate.transaction.jta.platform' to enable JTA platform integration) 
25-09-18 15:19:25.409 [restartedMain] INFO  o.s.o.j.LocalContainerEntityManagerFactoryBean - Initialized JPA EntityManagerFactory for persistence unit 'default' 
25-09-18 15:19:25.455 [restartedMain] WARN  o.s.b.a.o.j.JpaBaseConfiguration$JpaWebConfiguration - spring.jpa.open-in-view is enabled by default. Therefore, database queries may be performed during view rendering. Explicitly configure spring.jpa.open-in-view to disable this warning 
25-09-18 15:19:25.514 [restartedMain] INFO  o.s.b.d.a.OptionalLiveReloadServer - LiveReload server is running on port 35729 
25-09-18 15:19:25.520 [restartedMain] INFO  o.a.coyote.http11.Http11NioProtocol - Starting ProtocolHandler ["http-nio-8080"] 
25-09-18 15:19:25.524 [restartedMain] INFO  o.s.b.w.e.tomcat.TomcatWebServer - Tomcat started on port 8080 (http) with context path '/' 
25-09-18 15:19:25.527 [restartedMain] INFO  c.v.vatManager.VatManagerApplication - Started VatManagerApplication in 0.398 seconds (process running for 5025.415) 
25-09-18 15:19:25.528 [restartedMain] INFO  o.s.b.d.a.ConditionEvaluationDeltaLoggingListener - Condition evaluation unchanged 
25-09-18 15:20:25.815 [File Watcher] INFO  o.s.b.d.a.LocalDevToolsAutoConfiguration$RestartingClassPathChangeChangedEventListener - Restarting due to 1 class path change (0 additions, 0 deletions, 1 modification) 
25-09-18 15:20:25.815 [Thread-118] INFO  o.s.b.w.e.tomcat.GracefulShutdown - Commencing graceful shutdown. Waiting for active requests to complete 
25-09-18 15:20:25.816 [tomcat-shutdown] INFO  o.a.coyote.http11.Http11NioProtocol - Pausing ProtocolHandler ["http-nio-8080"] 
25-09-18 15:20:25.835 [tomcat-shutdown] INFO  o.s.b.w.e.tomcat.GracefulShutdown - Graceful shutdown complete 
25-09-18 15:20:25.835 [Thread-118] INFO  o.a.coyote.http11.Http11NioProtocol - Stopping ProtocolHandler ["http-nio-8080"] 
25-09-18 15:20:25.836 [Thread-118] INFO  o.s.o.j.LocalContainerEntityManagerFactoryBean - Closing JPA EntityManagerFactory for persistence unit 'default' 
25-09-18 15:20:25.837 [Thread-118] INFO  com.zaxxer.hikari.HikariDataSource - HikariPool-30 - Shutdown initiated... 
25-09-18 15:20:25.838 [Thread-118] INFO  com.zaxxer.hikari.HikariDataSource - HikariPool-30 - Shutdown completed. 
25-09-18 15:20:25.905 [restartedMain] INFO  c.v.vatManager.VatManagerApplication - Starting VatManagerApplication using Java 21.0.5 with PID 19732 (D:\SpringBoot  Projects\vatManager\target\classes started by neraz in D:\SpringBoot  Projects\vatManager) 
25-09-18 15:20:25.905 [restartedMain] INFO  c.v.vatManager.VatManagerApplication - No active profile set, falling back to 1 default profile: "default" 
25-09-18 15:20:26.016 [restartedMain] INFO  o.s.d.r.c.RepositoryConfigurationDelegate - Bootstrapping Spring Data JPA repositories in DEFAULT mode. 
25-09-18 15:20:26.023 [restartedMain] INFO  o.s.d.r.c.RepositoryConfigurationDelegate - Finished Spring Data repository scanning in 6 ms. Found 1 JPA repository interface. 
25-09-18 15:20:26.072 [restartedMain] INFO  o.s.b.w.e.tomcat.TomcatWebServer - Tomcat initialized with port 8080 (http) 
25-09-18 15:20:26.073 [restartedMain] INFO  o.a.coyote.http11.Http11NioProtocol - Initializing ProtocolHandler ["http-nio-8080"] 
25-09-18 15:20:26.073 [restartedMain] INFO  o.a.catalina.core.StandardService - Starting service [Tomcat] 
25-09-18 15:20:26.073 [restartedMain] INFO  o.a.catalina.core.StandardEngine - Starting Servlet engine: [Apache Tomcat/10.1.44] 
25-09-18 15:20:26.092 [restartedMain] INFO  o.a.c.c.C.[Tomcat-1].[localhost].[/] - Initializing Spring embedded WebApplicationContext 
25-09-18 15:20:26.092 [restartedMain] INFO  o.s.b.w.s.c.ServletWebServerApplicationContext - Root WebApplicationContext: initialization completed in 185 ms 
25-09-18 15:20:26.115 [restartedMain] INFO  o.h.jpa.internal.util.LogHelper - HHH000204: Processing PersistenceUnitInfo [name: default] 
25-09-18 15:20:26.118 [restartedMain] INFO  o.h.c.i.RegionFactoryInitiator - HHH000026: Second-level cache disabled 
25-09-18 15:20:26.123 [restartedMain] INFO  o.s.o.j.p.SpringPersistenceUnitInfo - No LoadTimeWeaver setup: ignoring JPA class transformer 
25-09-18 15:20:26.124 [restartedMain] INFO  com.zaxxer.hikari.HikariDataSource - HikariPool-31 - Starting... 
25-09-18 15:20:26.125 [restartedMain] INFO  com.zaxxer.hikari.pool.HikariPool - HikariPool-31 - Added connection org.sqlite.jdbc4.JDBC4Connection@1a54292b 
25-09-18 15:20:26.125 [restartedMain] INFO  com.zaxxer.hikari.HikariDataSource - HikariPool-31 - Start completed. 
25-09-18 15:20:26.126 [restartedMain] INFO  o.hibernate.orm.connections.pooling - HHH10001005: Database info:
	Database JDBC URL [Connecting through datasource 'HikariDataSource (HikariPool-31)']
	Database driver: undefined/unknown
	Database version: 3.50.3
	Autocommit mode: undefined/unknown
	Isolation level: undefined/unknown
	Minimum pool size: undefined/unknown
	Maximum pool size: undefined/unknown 
25-09-18 15:20:26.172 [restartedMain] INFO  o.h.e.t.j.p.i.JtaPlatformInitiator - HHH000489: No JTA platform available (set 'hibernate.transaction.jta.platform' to enable JTA platform integration) 
25-09-18 15:20:26.174 [restartedMain] INFO  o.s.o.j.LocalContainerEntityManagerFactoryBean - Initialized JPA EntityManagerFactory for persistence unit 'default' 
25-09-18 15:20:26.220 [restartedMain] WARN  o.s.b.a.o.j.JpaBaseConfiguration$JpaWebConfiguration - spring.jpa.open-in-view is enabled by default. Therefore, database queries may be performed during view rendering. Explicitly configure spring.jpa.open-in-view to disable this warning 
25-09-18 15:20:26.279 [restartedMain] INFO  o.s.b.d.a.OptionalLiveReloadServer - LiveReload server is running on port 35729 
25-09-18 15:20:26.286 [restartedMain] INFO  o.a.coyote.http11.Http11NioProtocol - Starting ProtocolHandler ["http-nio-8080"] 
25-09-18 15:20:26.288 [restartedMain] INFO  o.s.b.w.e.tomcat.TomcatWebServer - Tomcat started on port 8080 (http) with context path '/' 
25-09-18 15:20:26.291 [restartedMain] INFO  c.v.vatManager.VatManagerApplication - Started VatManagerApplication in 0.403 seconds (process running for 5086.18) 
25-09-18 15:20:26.292 [restartedMain] INFO  o.s.b.d.a.ConditionEvaluationDeltaLoggingListener - Condition evaluation unchanged 
25-09-18 15:21:22.523 [File Watcher] INFO  o.s.b.d.a.LocalDevToolsAutoConfiguration$RestartingClassPathChangeChangedEventListener - Restarting due to 1 class path change (0 additions, 0 deletions, 1 modification) 
25-09-18 15:21:22.524 [Thread-122] INFO  o.s.b.w.e.tomcat.GracefulShutdown - Commencing graceful shutdown. Waiting for active requests to complete 
25-09-18 15:21:22.524 [tomcat-shutdown] INFO  o.a.coyote.http11.Http11NioProtocol - Pausing ProtocolHandler ["http-nio-8080"] 
25-09-18 15:21:22.541 [tomcat-shutdown] INFO  o.s.b.w.e.tomcat.GracefulShutdown - Graceful shutdown complete 
25-09-18 15:21:22.541 [Thread-122] INFO  o.a.coyote.http11.Http11NioProtocol - Stopping ProtocolHandler ["http-nio-8080"] 
25-09-18 15:21:22.542 [Thread-122] INFO  o.s.o.j.LocalContainerEntityManagerFactoryBean - Closing JPA EntityManagerFactory for persistence unit 'default' 
25-09-18 15:21:22.543 [Thread-122] INFO  com.zaxxer.hikari.HikariDataSource - HikariPool-31 - Shutdown initiated... 
25-09-18 15:21:22.544 [Thread-122] INFO  com.zaxxer.hikari.HikariDataSource - HikariPool-31 - Shutdown completed. 
25-09-18 15:21:22.606 [restartedMain] INFO  c.v.vatManager.VatManagerApplication - Starting VatManagerApplication using Java 21.0.5 with PID 19732 (D:\SpringBoot  Projects\vatManager\target\classes started by neraz in D:\SpringBoot  Projects\vatManager) 
25-09-18 15:21:22.607 [restartedMain] INFO  c.v.vatManager.VatManagerApplication - No active profile set, falling back to 1 default profile: "default" 
25-09-18 15:21:22.724 [restartedMain] INFO  o.s.d.r.c.RepositoryConfigurationDelegate - Bootstrapping Spring Data JPA repositories in DEFAULT mode. 
25-09-18 15:21:22.731 [restartedMain] INFO  o.s.d.r.c.RepositoryConfigurationDelegate - Finished Spring Data repository scanning in 6 ms. Found 1 JPA repository interface. 
25-09-18 15:21:22.782 [restartedMain] INFO  o.s.b.w.e.tomcat.TomcatWebServer - Tomcat initialized with port 8080 (http) 
25-09-18 15:21:22.783 [restartedMain] INFO  o.a.coyote.http11.Http11NioProtocol - Initializing ProtocolHandler ["http-nio-8080"] 
25-09-18 15:21:22.783 [restartedMain] INFO  o.a.catalina.core.StandardService - Starting service [Tomcat] 
25-09-18 15:21:22.783 [restartedMain] INFO  o.a.catalina.core.StandardEngine - Starting Servlet engine: [Apache Tomcat/10.1.44] 
25-09-18 15:21:22.803 [restartedMain] INFO  o.a.c.c.C.[Tomcat-1].[localhost].[/] - Initializing Spring embedded WebApplicationContext 
25-09-18 15:21:22.803 [restartedMain] INFO  o.s.b.w.s.c.ServletWebServerApplicationContext - Root WebApplicationContext: initialization completed in 195 ms 
25-09-18 15:21:22.824 [restartedMain] INFO  o.h.jpa.internal.util.LogHelper - HHH000204: Processing PersistenceUnitInfo [name: default] 
25-09-18 15:21:22.826 [restartedMain] INFO  o.h.c.i.RegionFactoryInitiator - HHH000026: Second-level cache disabled 
25-09-18 15:21:22.831 [restartedMain] INFO  o.s.o.j.p.SpringPersistenceUnitInfo - No LoadTimeWeaver setup: ignoring JPA class transformer 
25-09-18 15:21:22.832 [restartedMain] INFO  com.zaxxer.hikari.HikariDataSource - HikariPool-32 - Starting... 
25-09-18 15:21:22.833 [restartedMain] INFO  com.zaxxer.hikari.pool.HikariPool - HikariPool-32 - Added connection org.sqlite.jdbc4.JDBC4Connection@46ab38cf 
25-09-18 15:21:22.833 [restartedMain] INFO  com.zaxxer.hikari.HikariDataSource - HikariPool-32 - Start completed. 
25-09-18 15:21:22.833 [restartedMain] INFO  o.hibernate.orm.connections.pooling - HHH10001005: Database info:
	Database JDBC URL [Connecting through datasource 'HikariDataSource (HikariPool-32)']
	Database driver: undefined/unknown
	Database version: 3.50.3
	Autocommit mode: undefined/unknown
	Isolation level: undefined/unknown
	Minimum pool size: undefined/unknown
	Maximum pool size: undefined/unknown 
25-09-18 15:21:22.874 [restartedMain] INFO  o.h.e.t.j.p.i.JtaPlatformInitiator - HHH000489: No JTA platform available (set 'hibernate.transaction.jta.platform' to enable JTA platform integration) 
25-09-18 15:21:22.876 [restartedMain] INFO  o.s.o.j.LocalContainerEntityManagerFactoryBean - Initialized JPA EntityManagerFactory for persistence unit 'default' 
25-09-18 15:21:22.922 [restartedMain] WARN  o.s.b.a.o.j.JpaBaseConfiguration$JpaWebConfiguration - spring.jpa.open-in-view is enabled by default. Therefore, database queries may be performed during view rendering. Explicitly configure spring.jpa.open-in-view to disable this warning 
25-09-18 15:21:22.980 [restartedMain] INFO  o.s.b.d.a.OptionalLiveReloadServer - LiveReload server is running on port 35729 
25-09-18 15:21:22.987 [restartedMain] INFO  o.a.coyote.http11.Http11NioProtocol - Starting ProtocolHandler ["http-nio-8080"] 
25-09-18 15:21:22.990 [restartedMain] INFO  o.s.b.w.e.tomcat.TomcatWebServer - Tomcat started on port 8080 (http) with context path '/' 
25-09-18 15:21:22.994 [restartedMain] INFO  c.v.vatManager.VatManagerApplication - Started VatManagerApplication in 0.403 seconds (process running for 5142.882) 
25-09-18 15:21:22.995 [restartedMain] INFO  o.s.b.d.a.ConditionEvaluationDeltaLoggingListener - Condition evaluation unchanged 
25-09-18 15:21:24.395 [File Watcher] INFO  o.s.b.d.a.LocalDevToolsAutoConfiguration$RestartingClassPathChangeChangedEventListener - Restarting due to 1 class path change (0 additions, 0 deletions, 1 modification) 
25-09-18 15:21:24.397 [Thread-126] INFO  o.s.b.w.e.tomcat.GracefulShutdown - Commencing graceful shutdown. Waiting for active requests to complete 
25-09-18 15:21:24.397 [tomcat-shutdown] INFO  o.a.coyote.http11.Http11NioProtocol - Pausing ProtocolHandler ["http-nio-8080"] 
25-09-18 15:21:24.416 [tomcat-shutdown] INFO  o.s.b.w.e.tomcat.GracefulShutdown - Graceful shutdown complete 
25-09-18 15:21:24.416 [Thread-126] INFO  o.a.coyote.http11.Http11NioProtocol - Stopping ProtocolHandler ["http-nio-8080"] 
25-09-18 15:21:24.417 [Thread-126] INFO  o.s.o.j.LocalContainerEntityManagerFactoryBean - Closing JPA EntityManagerFactory for persistence unit 'default' 
25-09-18 15:21:24.417 [Thread-126] INFO  com.zaxxer.hikari.HikariDataSource - HikariPool-32 - Shutdown initiated... 
25-09-18 15:21:24.419 [Thread-126] INFO  com.zaxxer.hikari.HikariDataSource - HikariPool-32 - Shutdown completed. 
25-09-18 15:21:24.483 [restartedMain] INFO  c.v.vatManager.VatManagerApplication - Starting VatManagerApplication using Java 21.0.5 with PID 19732 (D:\SpringBoot  Projects\vatManager\target\classes started by neraz in D:\SpringBoot  Projects\vatManager) 
25-09-18 15:21:24.483 [restartedMain] INFO  c.v.vatManager.VatManagerApplication - No active profile set, falling back to 1 default profile: "default" 
25-09-18 15:21:24.599 [restartedMain] INFO  o.s.d.r.c.RepositoryConfigurationDelegate - Bootstrapping Spring Data JPA repositories in DEFAULT mode. 
25-09-18 15:21:24.606 [restartedMain] INFO  o.s.d.r.c.RepositoryConfigurationDelegate - Finished Spring Data repository scanning in 6 ms. Found 1 JPA repository interface. 
25-09-18 15:21:24.655 [restartedMain] INFO  o.s.b.w.e.tomcat.TomcatWebServer - Tomcat initialized with port 8080 (http) 
25-09-18 15:21:24.656 [restartedMain] INFO  o.a.coyote.http11.Http11NioProtocol - Initializing ProtocolHandler ["http-nio-8080"] 
25-09-18 15:21:24.656 [restartedMain] INFO  o.a.catalina.core.StandardService - Starting service [Tomcat] 
25-09-18 15:21:24.656 [restartedMain] INFO  o.a.catalina.core.StandardEngine - Starting Servlet engine: [Apache Tomcat/10.1.44] 
25-09-18 15:21:24.674 [restartedMain] INFO  o.a.c.c.C.[Tomcat-1].[localhost].[/] - Initializing Spring embedded WebApplicationContext 
25-09-18 15:21:24.674 [restartedMain] INFO  o.s.b.w.s.c.ServletWebServerApplicationContext - Root WebApplicationContext: initialization completed in 190 ms 
25-09-18 15:21:24.696 [restartedMain] INFO  o.h.jpa.internal.util.LogHelper - HHH000204: Processing PersistenceUnitInfo [name: default] 
25-09-18 15:21:24.697 [restartedMain] INFO  o.h.c.i.RegionFactoryInitiator - HHH000026: Second-level cache disabled 
25-09-18 15:21:24.702 [restartedMain] INFO  o.s.o.j.p.SpringPersistenceUnitInfo - No LoadTimeWeaver setup: ignoring JPA class transformer 
25-09-18 15:21:24.703 [restartedMain] INFO  com.zaxxer.hikari.HikariDataSource - HikariPool-33 - Starting... 
25-09-18 15:21:24.704 [restartedMain] INFO  com.zaxxer.hikari.pool.HikariPool - HikariPool-33 - Added connection org.sqlite.jdbc4.JDBC4Connection@1aa7df42 
25-09-18 15:21:24.704 [restartedMain] INFO  com.zaxxer.hikari.HikariDataSource - HikariPool-33 - Start completed. 
25-09-18 15:21:24.704 [restartedMain] INFO  o.hibernate.orm.connections.pooling - HHH10001005: Database info:
	Database JDBC URL [Connecting through datasource 'HikariDataSource (HikariPool-33)']
	Database driver: undefined/unknown
	Database version: 3.50.3
	Autocommit mode: undefined/unknown
	Isolation level: undefined/unknown
	Minimum pool size: undefined/unknown
	Maximum pool size: undefined/unknown 
25-09-18 15:21:24.738 [restartedMain] INFO  o.h.e.t.j.p.i.JtaPlatformInitiator - HHH000489: No JTA platform available (set 'hibernate.transaction.jta.platform' to enable JTA platform integration) 
25-09-18 15:21:24.739 [restartedMain] INFO  o.s.o.j.LocalContainerEntityManagerFactoryBean - Initialized JPA EntityManagerFactory for persistence unit 'default' 
25-09-18 15:21:24.779 [restartedMain] WARN  o.s.b.a.o.j.JpaBaseConfiguration$JpaWebConfiguration - spring.jpa.open-in-view is enabled by default. Therefore, database queries may be performed during view rendering. Explicitly configure spring.jpa.open-in-view to disable this warning 
25-09-18 15:21:24.836 [restartedMain] INFO  o.s.b.d.a.OptionalLiveReloadServer - LiveReload server is running on port 35729 
25-09-18 15:21:24.842 [restartedMain] INFO  o.a.coyote.http11.Http11NioProtocol - Starting ProtocolHandler ["http-nio-8080"] 
25-09-18 15:21:24.845 [restartedMain] INFO  o.s.b.w.e.tomcat.TomcatWebServer - Tomcat started on port 8080 (http) with context path '/' 
25-09-18 15:21:24.847 [restartedMain] INFO  c.v.vatManager.VatManagerApplication - Started VatManagerApplication in 0.381 seconds (process running for 5144.736) 
25-09-18 15:21:24.849 [restartedMain] INFO  o.s.b.d.a.ConditionEvaluationDeltaLoggingListener - Condition evaluation unchanged 
25-09-18 15:24:52.135 [File Watcher] INFO  o.s.b.d.a.LocalDevToolsAutoConfiguration$RestartingClassPathChangeChangedEventListener - Restarting due to 1 class path change (0 additions, 0 deletions, 1 modification) 
25-09-18 15:24:52.136 [Thread-130] INFO  o.s.b.w.e.tomcat.GracefulShutdown - Commencing graceful shutdown. Waiting for active requests to complete 
25-09-18 15:24:52.137 [tomcat-shutdown] INFO  o.a.coyote.http11.Http11NioProtocol - Pausing ProtocolHandler ["http-nio-8080"] 
25-09-18 15:24:52.156 [tomcat-shutdown] INFO  o.s.b.w.e.tomcat.GracefulShutdown - Graceful shutdown complete 
25-09-18 15:24:52.157 [Thread-130] INFO  o.a.coyote.http11.Http11NioProtocol - Stopping ProtocolHandler ["http-nio-8080"] 
25-09-18 15:24:52.158 [Thread-130] INFO  o.s.o.j.LocalContainerEntityManagerFactoryBean - Closing JPA EntityManagerFactory for persistence unit 'default' 
25-09-18 15:24:52.158 [Thread-130] INFO  com.zaxxer.hikari.HikariDataSource - HikariPool-33 - Shutdown initiated... 
25-09-18 15:24:52.160 [Thread-130] INFO  com.zaxxer.hikari.HikariDataSource - HikariPool-33 - Shutdown completed. 
25-09-18 15:24:52.226 [restartedMain] INFO  c.v.vatManager.VatManagerApplication - Starting VatManagerApplication using Java 21.0.5 with PID 19732 (D:\SpringBoot  Projects\vatManager\target\classes started by neraz in D:\SpringBoot  Projects\vatManager) 
25-09-18 15:24:52.226 [restartedMain] INFO  c.v.vatManager.VatManagerApplication - No active profile set, falling back to 1 default profile: "default" 
25-09-18 15:24:52.356 [restartedMain] INFO  o.s.d.r.c.RepositoryConfigurationDelegate - Bootstrapping Spring Data JPA repositories in DEFAULT mode. 
25-09-18 15:24:52.363 [restartedMain] INFO  o.s.d.r.c.RepositoryConfigurationDelegate - Finished Spring Data repository scanning in 6 ms. Found 1 JPA repository interface. 
25-09-18 15:24:52.424 [restartedMain] INFO  o.s.b.w.e.tomcat.TomcatWebServer - Tomcat initialized with port 8080 (http) 
25-09-18 15:24:52.425 [restartedMain] INFO  o.a.coyote.http11.Http11NioProtocol - Initializing ProtocolHandler ["http-nio-8080"] 
25-09-18 15:24:52.425 [restartedMain] INFO  o.a.catalina.core.StandardService - Starting service [Tomcat] 
25-09-18 15:24:52.425 [restartedMain] INFO  o.a.catalina.core.StandardEngine - Starting Servlet engine: [Apache Tomcat/10.1.44] 
25-09-18 15:24:52.445 [restartedMain] INFO  o.a.c.c.C.[Tomcat-1].[localhost].[/] - Initializing Spring embedded WebApplicationContext 
25-09-18 15:24:52.445 [restartedMain] INFO  o.s.b.w.s.c.ServletWebServerApplicationContext - Root WebApplicationContext: initialization completed in 218 ms 
25-09-18 15:24:52.470 [restartedMain] INFO  o.h.jpa.internal.util.LogHelper - HHH000204: Processing PersistenceUnitInfo [name: default] 
25-09-18 15:24:52.473 [restartedMain] INFO  o.h.c.i.RegionFactoryInitiator - HHH000026: Second-level cache disabled 
25-09-18 15:24:52.483 [restartedMain] INFO  o.s.o.j.p.SpringPersistenceUnitInfo - No LoadTimeWeaver setup: ignoring JPA class transformer 
25-09-18 15:24:52.485 [restartedMain] INFO  com.zaxxer.hikari.HikariDataSource - HikariPool-34 - Starting... 
25-09-18 15:24:52.485 [restartedMain] INFO  com.zaxxer.hikari.pool.HikariPool - HikariPool-34 - Added connection org.sqlite.jdbc4.JDBC4Connection@2004a6f1 
25-09-18 15:24:52.485 [restartedMain] INFO  com.zaxxer.hikari.HikariDataSource - HikariPool-34 - Start completed. 
25-09-18 15:24:52.487 [restartedMain] INFO  o.hibernate.orm.connections.pooling - HHH10001005: Database info:
	Database JDBC URL [Connecting through datasource 'HikariDataSource (HikariPool-34)']
	Database driver: undefined/unknown
	Database version: 3.50.3
	Autocommit mode: undefined/unknown
	Isolation level: undefined/unknown
	Minimum pool size: undefined/unknown
	Maximum pool size: undefined/unknown 
25-09-18 15:24:52.517 [restartedMain] INFO  o.h.e.t.j.p.i.JtaPlatformInitiator - HHH000489: No JTA platform available (set 'hibernate.transaction.jta.platform' to enable JTA platform integration) 
25-09-18 15:24:52.518 [restartedMain] INFO  o.s.o.j.LocalContainerEntityManagerFactoryBean - Initialized JPA EntityManagerFactory for persistence unit 'default' 
25-09-18 15:24:52.566 [restartedMain] WARN  o.s.b.a.o.j.JpaBaseConfiguration$JpaWebConfiguration - spring.jpa.open-in-view is enabled by default. Therefore, database queries may be performed during view rendering. Explicitly configure spring.jpa.open-in-view to disable this warning 
25-09-18 15:24:52.636 [restartedMain] INFO  o.s.b.d.a.OptionalLiveReloadServer - LiveReload server is running on port 35729 
25-09-18 15:24:52.643 [restartedMain] INFO  o.a.coyote.http11.Http11NioProtocol - Starting ProtocolHandler ["http-nio-8080"] 
25-09-18 15:24:52.646 [restartedMain] INFO  o.s.b.w.e.tomcat.TomcatWebServer - Tomcat started on port 8080 (http) with context path '/' 
25-09-18 15:24:52.649 [restartedMain] INFO  c.v.vatManager.VatManagerApplication - Started VatManagerApplication in 0.442 seconds (process running for 5352.537) 
25-09-18 15:24:52.650 [restartedMain] INFO  o.s.b.d.a.ConditionEvaluationDeltaLoggingListener - Condition evaluation unchanged 
25-09-18 15:25:07.240 [File Watcher] INFO  o.s.b.d.a.LocalDevToolsAutoConfiguration$RestartingClassPathChangeChangedEventListener - Restarting due to 1 class path change (0 additions, 0 deletions, 1 modification) 
25-09-18 15:25:07.241 [Thread-134] INFO  o.s.b.w.e.tomcat.GracefulShutdown - Commencing graceful shutdown. Waiting for active requests to complete 
25-09-18 15:25:07.241 [tomcat-shutdown] INFO  o.a.coyote.http11.Http11NioProtocol - Pausing ProtocolHandler ["http-nio-8080"] 
25-09-18 15:25:07.261 [tomcat-shutdown] INFO  o.s.b.w.e.tomcat.GracefulShutdown - Graceful shutdown complete 
25-09-18 15:25:07.262 [Thread-134] INFO  o.a.coyote.http11.Http11NioProtocol - Stopping ProtocolHandler ["http-nio-8080"] 
25-09-18 15:25:07.263 [Thread-134] INFO  o.s.o.j.LocalContainerEntityManagerFactoryBean - Closing JPA EntityManagerFactory for persistence unit 'default' 
25-09-18 15:25:07.264 [Thread-134] INFO  com.zaxxer.hikari.HikariDataSource - HikariPool-34 - Shutdown initiated... 
25-09-18 15:25:07.265 [Thread-134] INFO  com.zaxxer.hikari.HikariDataSource - HikariPool-34 - Shutdown completed. 
25-09-18 15:25:07.333 [restartedMain] INFO  c.v.vatManager.VatManagerApplication - Starting VatManagerApplication using Java 21.0.5 with PID 19732 (D:\SpringBoot  Projects\vatManager\target\classes started by neraz in D:\SpringBoot  Projects\vatManager) 
25-09-18 15:25:07.334 [restartedMain] INFO  c.v.vatManager.VatManagerApplication - No active profile set, falling back to 1 default profile: "default" 
25-09-18 15:25:07.441 [restartedMain] INFO  o.s.d.r.c.RepositoryConfigurationDelegate - Bootstrapping Spring Data JPA repositories in DEFAULT mode. 
25-09-18 15:25:07.448 [restartedMain] INFO  o.s.d.r.c.RepositoryConfigurationDelegate - Finished Spring Data repository scanning in 6 ms. Found 1 JPA repository interface. 
25-09-18 15:25:07.494 [restartedMain] INFO  o.s.b.w.e.tomcat.TomcatWebServer - Tomcat initialized with port 8080 (http) 
25-09-18 15:25:07.494 [restartedMain] INFO  o.a.coyote.http11.Http11NioProtocol - Initializing ProtocolHandler ["http-nio-8080"] 
25-09-18 15:25:07.494 [restartedMain] INFO  o.a.catalina.core.StandardService - Starting service [Tomcat] 
25-09-18 15:25:07.494 [restartedMain] INFO  o.a.catalina.core.StandardEngine - Starting Servlet engine: [Apache Tomcat/10.1.44] 
25-09-18 15:25:07.513 [restartedMain] INFO  o.a.c.c.C.[Tomcat-1].[localhost].[/] - Initializing Spring embedded WebApplicationContext 
25-09-18 15:25:07.513 [restartedMain] INFO  o.s.b.w.s.c.ServletWebServerApplicationContext - Root WebApplicationContext: initialization completed in 178 ms 
25-09-18 15:25:07.534 [restartedMain] INFO  o.h.jpa.internal.util.LogHelper - HHH000204: Processing PersistenceUnitInfo [name: default] 
25-09-18 15:25:07.536 [restartedMain] INFO  o.h.c.i.RegionFactoryInitiator - HHH000026: Second-level cache disabled 
25-09-18 15:25:07.541 [restartedMain] INFO  o.s.o.j.p.SpringPersistenceUnitInfo - No LoadTimeWeaver setup: ignoring JPA class transformer 
25-09-18 15:25:07.542 [restartedMain] INFO  com.zaxxer.hikari.HikariDataSource - HikariPool-35 - Starting... 
25-09-18 15:25:07.543 [restartedMain] INFO  com.zaxxer.hikari.pool.HikariPool - HikariPool-35 - Added connection org.sqlite.jdbc4.JDBC4Connection@56fc05c3 
25-09-18 15:25:07.543 [restartedMain] INFO  com.zaxxer.hikari.HikariDataSource - HikariPool-35 - Start completed. 
25-09-18 15:25:07.543 [restartedMain] INFO  o.hibernate.orm.connections.pooling - HHH10001005: Database info:
	Database JDBC URL [Connecting through datasource 'HikariDataSource (HikariPool-35)']
	Database driver: undefined/unknown
	Database version: 3.50.3
	Autocommit mode: undefined/unknown
	Isolation level: undefined/unknown
	Minimum pool size: undefined/unknown
	Maximum pool size: undefined/unknown 
25-09-18 15:25:07.578 [restartedMain] INFO  o.h.e.t.j.p.i.JtaPlatformInitiator - HHH000489: No JTA platform available (set 'hibernate.transaction.jta.platform' to enable JTA platform integration) 
25-09-18 15:25:07.580 [restartedMain] INFO  o.s.o.j.LocalContainerEntityManagerFactoryBean - Initialized JPA EntityManagerFactory for persistence unit 'default' 
25-09-18 15:25:07.617 [restartedMain] WARN  o.s.b.a.o.j.JpaBaseConfiguration$JpaWebConfiguration - spring.jpa.open-in-view is enabled by default. Therefore, database queries may be performed during view rendering. Explicitly configure spring.jpa.open-in-view to disable this warning 
25-09-18 15:25:07.671 [restartedMain] INFO  o.s.b.d.a.OptionalLiveReloadServer - LiveReload server is running on port 35729 
25-09-18 15:25:07.677 [restartedMain] INFO  o.a.coyote.http11.Http11NioProtocol - Starting ProtocolHandler ["http-nio-8080"] 
25-09-18 15:25:07.680 [restartedMain] INFO  o.s.b.w.e.tomcat.TomcatWebServer - Tomcat started on port 8080 (http) with context path '/' 
25-09-18 15:25:07.683 [restartedMain] INFO  c.v.vatManager.VatManagerApplication - Started VatManagerApplication in 0.365 seconds (process running for 5367.571) 
25-09-18 15:25:07.683 [restartedMain] INFO  o.s.b.d.a.ConditionEvaluationDeltaLoggingListener - Condition evaluation unchanged 
25-09-18 15:25:17.208 [File Watcher] INFO  o.s.b.d.a.LocalDevToolsAutoConfiguration$RestartingClassPathChangeChangedEventListener - Restarting due to 1 class path change (0 additions, 0 deletions, 1 modification) 
25-09-18 15:25:17.208 [Thread-138] INFO  o.s.b.w.e.tomcat.GracefulShutdown - Commencing graceful shutdown. Waiting for active requests to complete 
25-09-18 15:25:17.209 [tomcat-shutdown] INFO  o.a.coyote.http11.Http11NioProtocol - Pausing ProtocolHandler ["http-nio-8080"] 
25-09-18 15:25:17.227 [tomcat-shutdown] INFO  o.s.b.w.e.tomcat.GracefulShutdown - Graceful shutdown complete 
25-09-18 15:25:17.227 [Thread-138] INFO  o.a.coyote.http11.Http11NioProtocol - Stopping ProtocolHandler ["http-nio-8080"] 
25-09-18 15:25:17.228 [Thread-138] INFO  o.s.o.j.LocalContainerEntityManagerFactoryBean - Closing JPA EntityManagerFactory for persistence unit 'default' 
25-09-18 15:25:17.228 [Thread-138] INFO  com.zaxxer.hikari.HikariDataSource - HikariPool-35 - Shutdown initiated... 
25-09-18 15:25:17.229 [Thread-138] INFO  com.zaxxer.hikari.HikariDataSource - HikariPool-35 - Shutdown completed. 
25-09-18 15:25:17.295 [restartedMain] INFO  c.v.vatManager.VatManagerApplication - Starting VatManagerApplication using Java 21.0.5 with PID 19732 (D:\SpringBoot  Projects\vatManager\target\classes started by neraz in D:\SpringBoot  Projects\vatManager) 
25-09-18 15:25:17.296 [restartedMain] INFO  c.v.vatManager.VatManagerApplication - No active profile set, falling back to 1 default profile: "default" 
25-09-18 15:25:17.407 [restartedMain] INFO  o.s.d.r.c.RepositoryConfigurationDelegate - Bootstrapping Spring Data JPA repositories in DEFAULT mode. 
25-09-18 15:25:17.414 [restartedMain] INFO  o.s.d.r.c.RepositoryConfigurationDelegate - Finished Spring Data repository scanning in 6 ms. Found 1 JPA repository interface. 
25-09-18 15:25:17.462 [restartedMain] INFO  o.s.b.w.e.tomcat.TomcatWebServer - Tomcat initialized with port 8080 (http) 
25-09-18 15:25:17.462 [restartedMain] INFO  o.a.coyote.http11.Http11NioProtocol - Initializing ProtocolHandler ["http-nio-8080"] 
25-09-18 15:25:17.463 [restartedMain] INFO  o.a.catalina.core.StandardService - Starting service [Tomcat] 
25-09-18 15:25:17.463 [restartedMain] INFO  o.a.catalina.core.StandardEngine - Starting Servlet engine: [Apache Tomcat/10.1.44] 
25-09-18 15:25:17.482 [restartedMain] INFO  o.a.c.c.C.[Tomcat-1].[localhost].[/] - Initializing Spring embedded WebApplicationContext 
25-09-18 15:25:17.482 [restartedMain] INFO  o.s.b.w.s.c.ServletWebServerApplicationContext - Root WebApplicationContext: initialization completed in 185 ms 
25-09-18 15:25:17.502 [restartedMain] INFO  o.h.jpa.internal.util.LogHelper - HHH000204: Processing PersistenceUnitInfo [name: default] 
25-09-18 15:25:17.505 [restartedMain] INFO  o.h.c.i.RegionFactoryInitiator - HHH000026: Second-level cache disabled 
25-09-18 15:25:17.509 [restartedMain] INFO  o.s.o.j.p.SpringPersistenceUnitInfo - No LoadTimeWeaver setup: ignoring JPA class transformer 
25-09-18 15:25:17.510 [restartedMain] INFO  com.zaxxer.hikari.HikariDataSource - HikariPool-36 - Starting... 
25-09-18 15:25:17.511 [restartedMain] INFO  com.zaxxer.hikari.pool.HikariPool - HikariPool-36 - Added connection org.sqlite.jdbc4.JDBC4Connection@7fdfe64b 
25-09-18 15:25:17.511 [restartedMain] INFO  com.zaxxer.hikari.HikariDataSource - HikariPool-36 - Start completed. 
25-09-18 15:25:17.514 [restartedMain] INFO  o.hibernate.orm.connections.pooling - HHH10001005: Database info:
	Database JDBC URL [Connecting through datasource 'HikariDataSource (HikariPool-36)']
	Database driver: undefined/unknown
	Database version: 3.50.3
	Autocommit mode: undefined/unknown
	Isolation level: undefined/unknown
	Minimum pool size: undefined/unknown
	Maximum pool size: undefined/unknown 
25-09-18 15:25:17.545 [restartedMain] INFO  o.h.e.t.j.p.i.JtaPlatformInitiator - HHH000489: No JTA platform available (set 'hibernate.transaction.jta.platform' to enable JTA platform integration) 
25-09-18 15:25:17.547 [restartedMain] INFO  o.s.o.j.LocalContainerEntityManagerFactoryBean - Initialized JPA EntityManagerFactory for persistence unit 'default' 
25-09-18 15:25:17.587 [restartedMain] WARN  o.s.b.a.o.j.JpaBaseConfiguration$JpaWebConfiguration - spring.jpa.open-in-view is enabled by default. Therefore, database queries may be performed during view rendering. Explicitly configure spring.jpa.open-in-view to disable this warning 
25-09-18 15:25:17.642 [restartedMain] INFO  o.s.b.d.a.OptionalLiveReloadServer - LiveReload server is running on port 35729 
25-09-18 15:25:17.648 [restartedMain] INFO  o.a.coyote.http11.Http11NioProtocol - Starting ProtocolHandler ["http-nio-8080"] 
25-09-18 15:25:17.650 [restartedMain] INFO  o.s.b.w.e.tomcat.TomcatWebServer - Tomcat started on port 8080 (http) with context path '/' 
25-09-18 15:25:17.652 [restartedMain] INFO  c.v.vatManager.VatManagerApplication - Started VatManagerApplication in 0.373 seconds (process running for 5377.541) 
25-09-18 15:25:17.653 [restartedMain] INFO  o.s.b.d.a.ConditionEvaluationDeltaLoggingListener - Condition evaluation unchanged 
25-09-18 15:25:56.598 [File Watcher] INFO  o.s.b.d.a.LocalDevToolsAutoConfiguration$RestartingClassPathChangeChangedEventListener - Restarting due to 4 class path changes (0 additions, 1 deletion, 3 modifications) 
25-09-18 15:25:56.598 [Thread-142] INFO  o.s.b.w.e.tomcat.GracefulShutdown - Commencing graceful shutdown. Waiting for active requests to complete 
25-09-18 15:25:56.599 [tomcat-shutdown] INFO  o.a.coyote.http11.Http11NioProtocol - Pausing ProtocolHandler ["http-nio-8080"] 
25-09-18 15:25:56.618 [tomcat-shutdown] INFO  o.s.b.w.e.tomcat.GracefulShutdown - Graceful shutdown complete 
25-09-18 15:25:56.618 [Thread-142] INFO  o.a.coyote.http11.Http11NioProtocol - Stopping ProtocolHandler ["http-nio-8080"] 
25-09-18 15:25:56.619 [Thread-142] INFO  o.s.o.j.LocalContainerEntityManagerFactoryBean - Closing JPA EntityManagerFactory for persistence unit 'default' 
25-09-18 15:25:56.619 [Thread-142] INFO  com.zaxxer.hikari.HikariDataSource - HikariPool-36 - Shutdown initiated... 
25-09-18 15:25:56.620 [Thread-142] INFO  com.zaxxer.hikari.HikariDataSource - HikariPool-36 - Shutdown completed. 
25-09-18 15:25:56.687 [restartedMain] INFO  c.v.vatManager.VatManagerApplication - Starting VatManagerApplication using Java 21.0.5 with PID 19732 (D:\SpringBoot  Projects\vatManager\target\classes started by neraz in D:\SpringBoot  Projects\vatManager) 
25-09-18 15:25:56.687 [restartedMain] INFO  c.v.vatManager.VatManagerApplication - No active profile set, falling back to 1 default profile: "default" 
25-09-18 15:25:56.789 [restartedMain] INFO  o.s.d.r.c.RepositoryConfigurationDelegate - Bootstrapping Spring Data JPA repositories in DEFAULT mode. 
25-09-18 15:25:56.796 [restartedMain] INFO  o.s.d.r.c.RepositoryConfigurationDelegate - Finished Spring Data repository scanning in 6 ms. Found 1 JPA repository interface. 
25-09-18 15:25:56.851 [restartedMain] INFO  o.s.b.w.e.tomcat.TomcatWebServer - Tomcat initialized with port 8080 (http) 
25-09-18 15:25:56.851 [restartedMain] INFO  o.a.coyote.http11.Http11NioProtocol - Initializing ProtocolHandler ["http-nio-8080"] 
25-09-18 15:25:56.852 [restartedMain] INFO  o.a.catalina.core.StandardService - Starting service [Tomcat] 
25-09-18 15:25:56.852 [restartedMain] INFO  o.a.catalina.core.StandardEngine - Starting Servlet engine: [Apache Tomcat/10.1.44] 
25-09-18 15:25:56.874 [restartedMain] INFO  o.a.c.c.C.[Tomcat-1].[localhost].[/] - Initializing Spring embedded WebApplicationContext 
25-09-18 15:25:56.874 [restartedMain] INFO  o.s.b.w.s.c.ServletWebServerApplicationContext - Root WebApplicationContext: initialization completed in 186 ms 
25-09-18 15:25:56.902 [restartedMain] INFO  o.h.jpa.internal.util.LogHelper - HHH000204: Processing PersistenceUnitInfo [name: default] 
25-09-18 15:25:56.906 [restartedMain] INFO  o.h.c.i.RegionFactoryInitiator - HHH000026: Second-level cache disabled 
25-09-18 15:25:56.914 [restartedMain] INFO  o.s.o.j.p.SpringPersistenceUnitInfo - No LoadTimeWeaver setup: ignoring JPA class transformer 
25-09-18 15:25:56.916 [restartedMain] INFO  com.zaxxer.hikari.HikariDataSource - HikariPool-37 - Starting... 
25-09-18 15:25:56.930 [restartedMain] INFO  com.zaxxer.hikari.pool.HikariPool - HikariPool-37 - Added connection org.sqlite.jdbc4.JDBC4Connection@49e4cae9 
25-09-18 15:25:56.930 [restartedMain] INFO  com.zaxxer.hikari.HikariDataSource - HikariPool-37 - Start completed. 
25-09-18 15:25:56.931 [restartedMain] INFO  o.hibernate.orm.connections.pooling - HHH10001005: Database info:
	Database JDBC URL [Connecting through datasource 'HikariDataSource (HikariPool-37)']
	Database driver: undefined/unknown
	Database version: 3.50.3
	Autocommit mode: undefined/unknown
	Isolation level: undefined/unknown
	Minimum pool size: undefined/unknown
	Maximum pool size: undefined/unknown 
25-09-18 15:25:56.962 [restartedMain] INFO  o.h.e.t.j.p.i.JtaPlatformInitiator - HHH000489: No JTA platform available (set 'hibernate.transaction.jta.platform' to enable JTA platform integration) 
25-09-18 15:25:56.964 [restartedMain] INFO  o.s.o.j.LocalContainerEntityManagerFactoryBean - Initialized JPA EntityManagerFactory for persistence unit 'default' 
25-09-18 15:25:57.013 [restartedMain] WARN  o.s.b.a.o.j.JpaBaseConfiguration$JpaWebConfiguration - spring.jpa.open-in-view is enabled by default. Therefore, database queries may be performed during view rendering. Explicitly configure spring.jpa.open-in-view to disable this warning 
25-09-18 15:25:57.073 [restartedMain] INFO  o.s.b.d.a.OptionalLiveReloadServer - LiveReload server is running on port 35729 
25-09-18 15:25:57.079 [restartedMain] INFO  o.a.coyote.http11.Http11NioProtocol - Starting ProtocolHandler ["http-nio-8080"] 
25-09-18 15:25:57.082 [restartedMain] INFO  o.s.b.w.e.tomcat.TomcatWebServer - Tomcat started on port 8080 (http) with context path '/' 
25-09-18 15:25:57.084 [restartedMain] INFO  c.v.vatManager.VatManagerApplication - Started VatManagerApplication in 0.414 seconds (process running for 5416.973) 
25-09-18 15:25:57.085 [restartedMain] INFO  o.s.b.d.a.ConditionEvaluationDeltaLoggingListener - Condition evaluation unchanged 
25-09-18 15:26:05.601 [File Watcher] INFO  o.s.b.d.a.LocalDevToolsAutoConfiguration$RestartingClassPathChangeChangedEventListener - Restarting due to 1 class path change (1 addition, 0 deletions, 0 modifications) 
25-09-18 15:26:05.602 [Thread-146] INFO  o.s.b.w.e.tomcat.GracefulShutdown - Commencing graceful shutdown. Waiting for active requests to complete 
25-09-18 15:26:05.602 [tomcat-shutdown] INFO  o.a.coyote.http11.Http11NioProtocol - Pausing ProtocolHandler ["http-nio-8080"] 
25-09-18 15:26:05.620 [tomcat-shutdown] INFO  o.s.b.w.e.tomcat.GracefulShutdown - Graceful shutdown complete 
25-09-18 15:26:05.621 [Thread-146] INFO  o.a.coyote.http11.Http11NioProtocol - Stopping ProtocolHandler ["http-nio-8080"] 
25-09-18 15:26:05.622 [Thread-146] INFO  o.s.o.j.LocalContainerEntityManagerFactoryBean - Closing JPA EntityManagerFactory for persistence unit 'default' 
25-09-18 15:26:05.622 [Thread-146] INFO  com.zaxxer.hikari.HikariDataSource - HikariPool-37 - Shutdown initiated... 
25-09-18 15:26:05.623 [Thread-146] INFO  com.zaxxer.hikari.HikariDataSource - HikariPool-37 - Shutdown completed. 
25-09-18 15:26:05.689 [restartedMain] INFO  c.v.vatManager.VatManagerApplication - Starting VatManagerApplication using Java 21.0.5 with PID 19732 (D:\SpringBoot  Projects\vatManager\target\classes started by neraz in D:\SpringBoot  Projects\vatManager) 
25-09-18 15:26:05.689 [restartedMain] INFO  c.v.vatManager.VatManagerApplication - No active profile set, falling back to 1 default profile: "default" 
25-09-18 15:26:05.796 [restartedMain] INFO  o.s.d.r.c.RepositoryConfigurationDelegate - Bootstrapping Spring Data JPA repositories in DEFAULT mode. 
25-09-18 15:26:05.803 [restartedMain] INFO  o.s.d.r.c.RepositoryConfigurationDelegate - Finished Spring Data repository scanning in 6 ms. Found 1 JPA repository interface. 
25-09-18 15:26:05.853 [restartedMain] INFO  o.s.b.w.e.tomcat.TomcatWebServer - Tomcat initialized with port 8080 (http) 
25-09-18 15:26:05.853 [restartedMain] INFO  o.a.coyote.http11.Http11NioProtocol - Initializing ProtocolHandler ["http-nio-8080"] 
25-09-18 15:26:05.853 [restartedMain] INFO  o.a.catalina.core.StandardService - Starting service [Tomcat] 
25-09-18 15:26:05.853 [restartedMain] INFO  o.a.catalina.core.StandardEngine - Starting Servlet engine: [Apache Tomcat/10.1.44] 
25-09-18 15:26:05.871 [restartedMain] INFO  o.a.c.c.C.[Tomcat-1].[localhost].[/] - Initializing Spring embedded WebApplicationContext 
25-09-18 15:26:05.871 [restartedMain] INFO  o.s.b.w.s.c.ServletWebServerApplicationContext - Root WebApplicationContext: initialization completed in 181 ms 
25-09-18 15:26:05.892 [restartedMain] INFO  o.h.jpa.internal.util.LogHelper - HHH000204: Processing PersistenceUnitInfo [name: default] 
25-09-18 15:26:05.895 [restartedMain] INFO  o.h.c.i.RegionFactoryInitiator - HHH000026: Second-level cache disabled 
25-09-18 15:26:05.899 [restartedMain] INFO  o.s.o.j.p.SpringPersistenceUnitInfo - No LoadTimeWeaver setup: ignoring JPA class transformer 
25-09-18 15:26:05.900 [restartedMain] INFO  com.zaxxer.hikari.HikariDataSource - HikariPool-38 - Starting... 
25-09-18 15:26:05.901 [restartedMain] INFO  com.zaxxer.hikari.pool.HikariPool - HikariPool-38 - Added connection org.sqlite.jdbc4.JDBC4Connection@ca43ecb 
25-09-18 15:26:05.901 [restartedMain] INFO  com.zaxxer.hikari.HikariDataSource - HikariPool-38 - Start completed. 
25-09-18 15:26:05.902 [restartedMain] INFO  o.hibernate.orm.connections.pooling - HHH10001005: Database info:
	Database JDBC URL [Connecting through datasource 'HikariDataSource (HikariPool-38)']
	Database driver: undefined/unknown
	Database version: 3.50.3
	Autocommit mode: undefined/unknown
	Isolation level: undefined/unknown
	Minimum pool size: undefined/unknown
	Maximum pool size: undefined/unknown 
25-09-18 15:26:05.935 [restartedMain] INFO  o.h.e.t.j.p.i.JtaPlatformInitiator - HHH000489: No JTA platform available (set 'hibernate.transaction.jta.platform' to enable JTA platform integration) 
25-09-18 15:26:05.937 [restartedMain] INFO  o.s.o.j.LocalContainerEntityManagerFactoryBean - Initialized JPA EntityManagerFactory for persistence unit 'default' 
25-09-18 15:26:05.979 [restartedMain] WARN  o.s.b.a.o.j.JpaBaseConfiguration$JpaWebConfiguration - spring.jpa.open-in-view is enabled by default. Therefore, database queries may be performed during view rendering. Explicitly configure spring.jpa.open-in-view to disable this warning 
25-09-18 15:26:06.033 [restartedMain] INFO  o.s.b.d.a.OptionalLiveReloadServer - LiveReload server is running on port 35729 
25-09-18 15:26:06.039 [restartedMain] INFO  o.a.coyote.http11.Http11NioProtocol - Starting ProtocolHandler ["http-nio-8080"] 
25-09-18 15:26:06.042 [restartedMain] INFO  o.s.b.w.e.tomcat.TomcatWebServer - Tomcat started on port 8080 (http) with context path '/' 
25-09-18 15:26:06.044 [restartedMain] INFO  c.v.vatManager.VatManagerApplication - Started VatManagerApplication in 0.371 seconds (process running for 5425.933) 
25-09-18 15:26:06.045 [restartedMain] INFO  o.s.b.d.a.ConditionEvaluationDeltaLoggingListener - Condition evaluation unchanged 
25-09-18 19:01:07.692 [HikariPool-38:housekeeper] WARN  com.zaxxer.hikari.pool.HikariPool - HikariPool-38 - Thread starvation or clock leap detected (housekeeper delta=3h1m31s209ms544µs700ns). 
25-09-18 19:36:15.555 [HikariPool-38:housekeeper] WARN  com.zaxxer.hikari.pool.HikariPool - HikariPool-38 - Thread starvation or clock leap detected (housekeeper delta=4m7s391ms417µs900ns). 
25-09-18 20:59:52.401 [HikariPool-38:housekeeper] WARN  com.zaxxer.hikari.pool.HikariPool - HikariPool-38 - Thread starvation or clock leap detected (housekeeper delta=8m35s822ms651µs900ns). 
25-09-18 21:00:12.464 [RMI TCP Connection(323)-127.0.0.1] INFO  o.s.b.a.SpringApplicationAdminMXBeanRegistrar$SpringApplicationAdmin - Application shutdown requested. 
25-09-18 21:00:12.475 [RMI TCP Connection(323)-127.0.0.1] INFO  o.s.b.w.e.tomcat.GracefulShutdown - Commencing graceful shutdown. Waiting for active requests to complete 
25-09-18 21:00:12.477 [tomcat-shutdown] INFO  o.a.coyote.http11.Http11NioProtocol - Pausing ProtocolHandler ["http-nio-8080"] 
25-09-18 21:00:12.498 [tomcat-shutdown] INFO  o.s.b.w.e.tomcat.GracefulShutdown - Graceful shutdown complete 
25-09-18 21:00:12.499 [RMI TCP Connection(323)-127.0.0.1] INFO  o.a.coyote.http11.Http11NioProtocol - Stopping ProtocolHandler ["http-nio-8080"] 
25-09-18 21:00:12.503 [RMI TCP Connection(323)-127.0.0.1] INFO  o.s.o.j.LocalContainerEntityManagerFactoryBean - Closing JPA EntityManagerFactory for persistence unit 'default' 
25-09-18 21:00:12.505 [RMI TCP Connection(323)-127.0.0.1] INFO  com.zaxxer.hikari.HikariDataSource - HikariPool-38 - Shutdown initiated... 
25-09-18 21:00:12.507 [RMI TCP Connection(323)-127.0.0.1] INFO  com.zaxxer.hikari.HikariDataSource - HikariPool-38 - Shutdown completed. 
