25-09-21 00:00:47.632 [File Watcher] INFO  o.s.b.d.a.LocalDevToolsAutoConfiguration$RestartingClassPathChangeChangedEventListener - Restarting due to 1 class path change (0 additions, 0 deletions, 1 modification) 
25-09-21 00:00:47.634 [Thread-7] INFO  o.s.b.w.e.tomcat.GracefulShutdown - Commencing graceful shutdown. Waiting for active requests to complete 
25-09-21 00:00:47.634 [tomcat-shutdown] INFO  o.a.coyote.http11.Http11NioProtocol - Pausing ProtocolHandler ["http-nio-8080"] 
25-09-21 00:00:47.652 [tomcat-shutdown] INFO  o.s.b.w.e.tomcat.GracefulShutdown - Graceful shutdown complete 
25-09-21 00:00:47.653 [Thread-7] INFO  o.a.coyote.http11.Http11NioProtocol - Stopping ProtocolHandler ["http-nio-8080"] 
25-09-21 00:00:47.657 [Thread-7] INFO  o.s.o.j.LocalContainerEntityManagerFactoryBean - Closing JPA EntityManagerFactory for persistence unit 'default' 
25-09-21 00:00:47.658 [Thread-7] INFO  com.zaxxer.hikari.HikariDataSource - HikariPool-2 - Shutdown initiated... 
25-09-21 00:00:47.659 [Thread-7] INFO  com.zaxxer.hikari.HikariDataSource - HikariPool-2 - Shutdown completed. 
25-09-21 00:00:47.721 [restartedMain] INFO  c.v.vatManager.VatManagerApplication - Starting VatManagerApplication using Java 21.0.5 with PID 15280 (D:\SpringBoot  Projects\vatManager\target\classes started by neraz in D:\SpringBoot  Projects\vatManager) 
25-09-21 00:00:47.721 [restartedMain] INFO  c.v.vatManager.VatManagerApplication - No active profile set, falling back to 1 default profile: "default" 
25-09-21 00:00:47.859 [restartedMain] INFO  o.s.d.r.c.RepositoryConfigurationDelegate - Bootstrapping Spring Data JPA repositories in DEFAULT mode. 
25-09-21 00:00:47.868 [restartedMain] INFO  o.s.d.r.c.RepositoryConfigurationDelegate - Finished Spring Data repository scanning in 8 ms. Found 1 JPA repository interface. 
25-09-21 00:00:47.930 [restartedMain] INFO  o.s.b.w.e.tomcat.TomcatWebServer - Tomcat initialized with port 8080 (http) 
25-09-21 00:00:47.930 [restartedMain] INFO  o.a.coyote.http11.Http11NioProtocol - Initializing ProtocolHandler ["http-nio-8080"] 
25-09-21 00:00:47.931 [restartedMain] INFO  o.a.catalina.core.StandardService - Starting service [Tomcat] 
25-09-21 00:00:47.931 [restartedMain] INFO  o.a.catalina.core.StandardEngine - Starting Servlet engine: [Apache Tomcat/10.1.44] 
25-09-21 00:00:47.951 [restartedMain] INFO  o.a.c.c.C.[Tomcat].[localhost].[/] - Initializing Spring embedded WebApplicationContext 
25-09-21 00:00:47.951 [restartedMain] INFO  o.s.b.w.s.c.ServletWebServerApplicationContext - Root WebApplicationContext: initialization completed in 229 ms 
25-09-21 00:00:47.975 [restartedMain] INFO  o.h.jpa.internal.util.LogHelper - HHH000204: Processing PersistenceUnitInfo [name: default] 
25-09-21 00:00:47.980 [restartedMain] INFO  o.h.c.i.RegionFactoryInitiator - HHH000026: Second-level cache disabled 
25-09-21 00:00:47.985 [restartedMain] INFO  o.s.o.j.p.SpringPersistenceUnitInfo - No LoadTimeWeaver setup: ignoring JPA class transformer 
25-09-21 00:00:47.986 [restartedMain] INFO  com.zaxxer.hikari.HikariDataSource - HikariPool-3 - Starting... 
25-09-21 00:00:47.989 [restartedMain] INFO  com.zaxxer.hikari.pool.HikariPool - HikariPool-3 - Added connection org.sqlite.jdbc4.JDBC4Connection@7d85b2c2 
25-09-21 00:00:47.989 [restartedMain] INFO  com.zaxxer.hikari.HikariDataSource - HikariPool-3 - Start completed. 
25-09-21 00:00:47.989 [restartedMain] INFO  o.hibernate.orm.connections.pooling - HHH10001005: Database info:
	Database JDBC URL [Connecting through datasource 'HikariDataSource (HikariPool-3)']
	Database driver: undefined/unknown
	Database version: 3.50.3
	Autocommit mode: undefined/unknown
	Isolation level: undefined/unknown
	Minimum pool size: undefined/unknown
	Maximum pool size: undefined/unknown 
25-09-21 00:00:48.025 [restartedMain] INFO  o.h.e.t.j.p.i.JtaPlatformInitiator - HHH000489: No JTA platform available (set 'hibernate.transaction.jta.platform' to enable JTA platform integration) 
25-09-21 00:00:48.028 [restartedMain] INFO  o.s.o.j.LocalContainerEntityManagerFactoryBean - Initialized JPA EntityManagerFactory for persistence unit 'default' 
25-09-21 00:00:48.094 [restartedMain] WARN  o.s.b.a.o.j.JpaBaseConfiguration$JpaWebConfiguration - spring.jpa.open-in-view is enabled by default. Therefore, database queries may be performed during view rendering. Explicitly configure spring.jpa.open-in-view to disable this warning 
25-09-21 00:00:48.185 [restartedMain] INFO  o.s.b.d.a.OptionalLiveReloadServer - LiveReload server is running on port 35729 
25-09-21 00:00:48.192 [restartedMain] INFO  o.a.coyote.http11.Http11NioProtocol - Starting ProtocolHandler ["http-nio-8080"] 
25-09-21 00:00:48.194 [restartedMain] INFO  o.s.b.w.e.tomcat.TomcatWebServer - Tomcat started on port 8080 (http) with context path '/' 
25-09-21 00:00:48.197 [restartedMain] INFO  c.v.vatManager.VatManagerApplication - Started VatManagerApplication in 0.498 seconds (process running for 1028.838) 
25-09-21 00:00:48.198 [restartedMain] INFO  o.s.b.d.a.ConditionEvaluationDeltaLoggingListener - Condition evaluation unchanged 
25-09-21 00:00:54.680 [File Watcher] INFO  o.s.b.d.a.LocalDevToolsAutoConfiguration$RestartingClassPathChangeChangedEventListener - Restarting due to 2 class path changes (0 additions, 0 deletions, 2 modifications) 
25-09-21 00:00:54.681 [Thread-11] INFO  o.s.b.w.e.tomcat.GracefulShutdown - Commencing graceful shutdown. Waiting for active requests to complete 
25-09-21 00:00:54.681 [tomcat-shutdown] INFO  o.a.coyote.http11.Http11NioProtocol - Pausing ProtocolHandler ["http-nio-8080"] 
25-09-21 00:00:54.700 [tomcat-shutdown] INFO  o.s.b.w.e.tomcat.GracefulShutdown - Graceful shutdown complete 
25-09-21 00:00:54.700 [Thread-11] INFO  o.a.coyote.http11.Http11NioProtocol - Stopping ProtocolHandler ["http-nio-8080"] 
25-09-21 00:00:54.701 [Thread-11] INFO  o.s.o.j.LocalContainerEntityManagerFactoryBean - Closing JPA EntityManagerFactory for persistence unit 'default' 
25-09-21 00:00:54.702 [Thread-11] INFO  com.zaxxer.hikari.HikariDataSource - HikariPool-3 - Shutdown initiated... 
25-09-21 00:00:54.703 [Thread-11] INFO  com.zaxxer.hikari.HikariDataSource - HikariPool-3 - Shutdown completed. 
25-09-21 00:00:54.754 [restartedMain] INFO  c.v.vatManager.VatManagerApplication - Starting VatManagerApplication using Java 21.0.5 with PID 15280 (D:\SpringBoot  Projects\vatManager\target\classes started by neraz in D:\SpringBoot  Projects\vatManager) 
25-09-21 00:00:54.754 [restartedMain] INFO  c.v.vatManager.VatManagerApplication - No active profile set, falling back to 1 default profile: "default" 
25-09-21 00:00:54.881 [restartedMain] INFO  o.s.d.r.c.RepositoryConfigurationDelegate - Bootstrapping Spring Data JPA repositories in DEFAULT mode. 
25-09-21 00:00:54.889 [restartedMain] INFO  o.s.d.r.c.RepositoryConfigurationDelegate - Finished Spring Data repository scanning in 7 ms. Found 1 JPA repository interface. 
25-09-21 00:00:54.948 [restartedMain] INFO  o.s.b.w.e.tomcat.TomcatWebServer - Tomcat initialized with port 8080 (http) 
25-09-21 00:00:54.949 [restartedMain] INFO  o.a.coyote.http11.Http11NioProtocol - Initializing ProtocolHandler ["http-nio-8080"] 
25-09-21 00:00:54.949 [restartedMain] INFO  o.a.catalina.core.StandardService - Starting service [Tomcat] 
25-09-21 00:00:54.949 [restartedMain] INFO  o.a.catalina.core.StandardEngine - Starting Servlet engine: [Apache Tomcat/10.1.44] 
25-09-21 00:00:54.969 [restartedMain] INFO  o.a.c.c.C.[Tomcat].[localhost].[/] - Initializing Spring embedded WebApplicationContext 
25-09-21 00:00:54.969 [restartedMain] INFO  o.s.b.w.s.c.ServletWebServerApplicationContext - Root WebApplicationContext: initialization completed in 214 ms 
25-09-21 00:00:54.993 [restartedMain] INFO  o.h.jpa.internal.util.LogHelper - HHH000204: Processing PersistenceUnitInfo [name: default] 
25-09-21 00:00:54.996 [restartedMain] INFO  o.h.c.i.RegionFactoryInitiator - HHH000026: Second-level cache disabled 
25-09-21 00:00:55.001 [restartedMain] INFO  o.s.o.j.p.SpringPersistenceUnitInfo - No LoadTimeWeaver setup: ignoring JPA class transformer 
25-09-21 00:00:55.003 [restartedMain] INFO  com.zaxxer.hikari.HikariDataSource - HikariPool-4 - Starting... 
25-09-21 00:00:55.004 [restartedMain] INFO  com.zaxxer.hikari.pool.HikariPool - HikariPool-4 - Added connection org.sqlite.jdbc4.JDBC4Connection@414f59a0 
25-09-21 00:00:55.004 [restartedMain] INFO  com.zaxxer.hikari.HikariDataSource - HikariPool-4 - Start completed. 
25-09-21 00:00:55.004 [restartedMain] INFO  o.hibernate.orm.connections.pooling - HHH10001005: Database info:
	Database JDBC URL [Connecting through datasource 'HikariDataSource (HikariPool-4)']
	Database driver: undefined/unknown
	Database version: 3.50.3
	Autocommit mode: undefined/unknown
	Isolation level: undefined/unknown
	Minimum pool size: undefined/unknown
	Maximum pool size: undefined/unknown 
25-09-21 00:00:55.045 [restartedMain] INFO  o.h.e.t.j.p.i.JtaPlatformInitiator - HHH000489: No JTA platform available (set 'hibernate.transaction.jta.platform' to enable JTA platform integration) 
25-09-21 00:00:55.047 [restartedMain] INFO  o.s.o.j.LocalContainerEntityManagerFactoryBean - Initialized JPA EntityManagerFactory for persistence unit 'default' 
25-09-21 00:00:55.097 [restartedMain] WARN  o.s.b.a.o.j.JpaBaseConfiguration$JpaWebConfiguration - spring.jpa.open-in-view is enabled by default. Therefore, database queries may be performed during view rendering. Explicitly configure spring.jpa.open-in-view to disable this warning 
25-09-21 00:00:55.174 [restartedMain] INFO  o.s.b.d.a.OptionalLiveReloadServer - LiveReload server is running on port 35729 
25-09-21 00:00:55.182 [restartedMain] INFO  o.a.coyote.http11.Http11NioProtocol - Starting ProtocolHandler ["http-nio-8080"] 
25-09-21 00:00:55.186 [restartedMain] INFO  o.s.b.w.e.tomcat.TomcatWebServer - Tomcat started on port 8080 (http) with context path '/' 
25-09-21 00:00:55.189 [restartedMain] INFO  c.v.vatManager.VatManagerApplication - Started VatManagerApplication in 0.454 seconds (process running for 1035.829) 
25-09-21 00:00:55.190 [restartedMain] INFO  o.s.b.d.a.ConditionEvaluationDeltaLoggingListener - Condition evaluation unchanged 
25-09-21 00:01:10.802 [File Watcher] INFO  o.s.b.d.a.LocalDevToolsAutoConfiguration$RestartingClassPathChangeChangedEventListener - Restarting due to 1 class path change (0 additions, 0 deletions, 1 modification) 
25-09-21 00:01:10.803 [Thread-15] INFO  o.s.b.w.e.tomcat.GracefulShutdown - Commencing graceful shutdown. Waiting for active requests to complete 
25-09-21 00:01:10.803 [tomcat-shutdown] INFO  o.a.coyote.http11.Http11NioProtocol - Pausing ProtocolHandler ["http-nio-8080"] 
25-09-21 00:01:10.826 [tomcat-shutdown] INFO  o.s.b.w.e.tomcat.GracefulShutdown - Graceful shutdown complete 
25-09-21 00:01:10.826 [Thread-15] INFO  o.a.coyote.http11.Http11NioProtocol - Stopping ProtocolHandler ["http-nio-8080"] 
25-09-21 00:01:10.827 [Thread-15] INFO  o.s.o.j.LocalContainerEntityManagerFactoryBean - Closing JPA EntityManagerFactory for persistence unit 'default' 
25-09-21 00:01:10.827 [Thread-15] INFO  com.zaxxer.hikari.HikariDataSource - HikariPool-4 - Shutdown initiated... 
25-09-21 00:01:10.828 [Thread-15] INFO  com.zaxxer.hikari.HikariDataSource - HikariPool-4 - Shutdown completed. 
25-09-21 00:01:10.876 [restartedMain] INFO  c.v.vatManager.VatManagerApplication - Starting VatManagerApplication using Java 21.0.5 with PID 15280 (D:\SpringBoot  Projects\vatManager\target\classes started by neraz in D:\SpringBoot  Projects\vatManager) 
25-09-21 00:01:10.878 [restartedMain] INFO  c.v.vatManager.VatManagerApplication - No active profile set, falling back to 1 default profile: "default" 
25-09-21 00:01:10.999 [restartedMain] INFO  o.s.d.r.c.RepositoryConfigurationDelegate - Bootstrapping Spring Data JPA repositories in DEFAULT mode. 
25-09-21 00:01:11.007 [restartedMain] INFO  o.s.d.r.c.RepositoryConfigurationDelegate - Finished Spring Data repository scanning in 7 ms. Found 1 JPA repository interface. 
25-09-21 00:01:11.064 [restartedMain] INFO  o.s.b.w.e.tomcat.TomcatWebServer - Tomcat initialized with port 8080 (http) 
25-09-21 00:01:11.064 [restartedMain] INFO  o.a.coyote.http11.Http11NioProtocol - Initializing ProtocolHandler ["http-nio-8080"] 
25-09-21 00:01:11.064 [restartedMain] INFO  o.a.catalina.core.StandardService - Starting service [Tomcat] 
25-09-21 00:01:11.064 [restartedMain] INFO  o.a.catalina.core.StandardEngine - Starting Servlet engine: [Apache Tomcat/10.1.44] 
25-09-21 00:01:11.086 [restartedMain] INFO  o.a.c.c.C.[Tomcat].[localhost].[/] - Initializing Spring embedded WebApplicationContext 
25-09-21 00:01:11.086 [restartedMain] INFO  o.s.b.w.s.c.ServletWebServerApplicationContext - Root WebApplicationContext: initialization completed in 207 ms 
25-09-21 00:01:11.109 [restartedMain] INFO  o.h.jpa.internal.util.LogHelper - HHH000204: Processing PersistenceUnitInfo [name: default] 
25-09-21 00:01:11.112 [restartedMain] INFO  o.h.c.i.RegionFactoryInitiator - HHH000026: Second-level cache disabled 
25-09-21 00:01:11.120 [restartedMain] INFO  o.s.o.j.p.SpringPersistenceUnitInfo - No LoadTimeWeaver setup: ignoring JPA class transformer 
25-09-21 00:01:11.122 [restartedMain] INFO  com.zaxxer.hikari.HikariDataSource - HikariPool-5 - Starting... 
25-09-21 00:01:11.123 [restartedMain] INFO  com.zaxxer.hikari.pool.HikariPool - HikariPool-5 - Added connection org.sqlite.jdbc4.JDBC4Connection@600c0018 
25-09-21 00:01:11.123 [restartedMain] INFO  com.zaxxer.hikari.HikariDataSource - HikariPool-5 - Start completed. 
25-09-21 00:01:11.123 [restartedMain] INFO  o.hibernate.orm.connections.pooling - HHH10001005: Database info:
	Database JDBC URL [Connecting through datasource 'HikariDataSource (HikariPool-5)']
	Database driver: undefined/unknown
	Database version: 3.50.3
	Autocommit mode: undefined/unknown
	Isolation level: undefined/unknown
	Minimum pool size: undefined/unknown
	Maximum pool size: undefined/unknown 
25-09-21 00:01:11.164 [restartedMain] INFO  o.h.e.t.j.p.i.JtaPlatformInitiator - HHH000489: No JTA platform available (set 'hibernate.transaction.jta.platform' to enable JTA platform integration) 
25-09-21 00:01:11.166 [restartedMain] INFO  o.s.o.j.LocalContainerEntityManagerFactoryBean - Initialized JPA EntityManagerFactory for persistence unit 'default' 
25-09-21 00:01:11.211 [restartedMain] WARN  o.s.b.a.o.j.JpaBaseConfiguration$JpaWebConfiguration - spring.jpa.open-in-view is enabled by default. Therefore, database queries may be performed during view rendering. Explicitly configure spring.jpa.open-in-view to disable this warning 
25-09-21 00:01:11.291 [restartedMain] INFO  o.s.b.d.a.OptionalLiveReloadServer - LiveReload server is running on port 35729 
25-09-21 00:01:11.298 [restartedMain] INFO  o.a.coyote.http11.Http11NioProtocol - Starting ProtocolHandler ["http-nio-8080"] 
25-09-21 00:01:11.301 [restartedMain] INFO  o.s.b.w.e.tomcat.TomcatWebServer - Tomcat started on port 8080 (http) with context path '/' 
25-09-21 00:01:11.304 [restartedMain] INFO  c.v.vatManager.VatManagerApplication - Started VatManagerApplication in 0.446 seconds (process running for 1051.945) 
25-09-21 00:01:11.305 [restartedMain] INFO  o.s.b.d.a.ConditionEvaluationDeltaLoggingListener - Condition evaluation unchanged 
25-09-21 00:01:15.760 [File Watcher] INFO  o.s.b.d.a.LocalDevToolsAutoConfiguration$RestartingClassPathChangeChangedEventListener - Restarting due to 2 class path changes (0 additions, 0 deletions, 2 modifications) 
25-09-21 00:01:15.761 [Thread-19] INFO  o.s.b.w.e.tomcat.GracefulShutdown - Commencing graceful shutdown. Waiting for active requests to complete 
25-09-21 00:01:15.761 [tomcat-shutdown] INFO  o.a.coyote.http11.Http11NioProtocol - Pausing ProtocolHandler ["http-nio-8080"] 
25-09-21 00:01:15.781 [tomcat-shutdown] INFO  o.s.b.w.e.tomcat.GracefulShutdown - Graceful shutdown complete 
25-09-21 00:01:15.781 [Thread-19] INFO  o.a.coyote.http11.Http11NioProtocol - Stopping ProtocolHandler ["http-nio-8080"] 
25-09-21 00:01:15.782 [Thread-19] INFO  o.s.o.j.LocalContainerEntityManagerFactoryBean - Closing JPA EntityManagerFactory for persistence unit 'default' 
25-09-21 00:01:15.782 [Thread-19] INFO  com.zaxxer.hikari.HikariDataSource - HikariPool-5 - Shutdown initiated... 
25-09-21 00:01:15.783 [Thread-19] INFO  com.zaxxer.hikari.HikariDataSource - HikariPool-5 - Shutdown completed. 
25-09-21 00:01:15.832 [restartedMain] INFO  c.v.vatManager.VatManagerApplication - Starting VatManagerApplication using Java 21.0.5 with PID 15280 (D:\SpringBoot  Projects\vatManager\target\classes started by neraz in D:\SpringBoot  Projects\vatManager) 
25-09-21 00:01:15.832 [restartedMain] INFO  c.v.vatManager.VatManagerApplication - No active profile set, falling back to 1 default profile: "default" 
25-09-21 00:01:15.959 [restartedMain] INFO  o.s.d.r.c.RepositoryConfigurationDelegate - Bootstrapping Spring Data JPA repositories in DEFAULT mode. 
25-09-21 00:01:15.968 [restartedMain] INFO  o.s.d.r.c.RepositoryConfigurationDelegate - Finished Spring Data repository scanning in 8 ms. Found 1 JPA repository interface. 
25-09-21 00:01:16.026 [restartedMain] INFO  o.s.b.w.e.tomcat.TomcatWebServer - Tomcat initialized with port 8080 (http) 
25-09-21 00:01:16.026 [restartedMain] INFO  o.a.coyote.http11.Http11NioProtocol - Initializing ProtocolHandler ["http-nio-8080"] 
25-09-21 00:01:16.026 [restartedMain] INFO  o.a.catalina.core.StandardService - Starting service [Tomcat] 
25-09-21 00:01:16.026 [restartedMain] INFO  o.a.catalina.core.StandardEngine - Starting Servlet engine: [Apache Tomcat/10.1.44] 
25-09-21 00:01:16.046 [restartedMain] INFO  o.a.c.c.C.[Tomcat].[localhost].[/] - Initializing Spring embedded WebApplicationContext 
25-09-21 00:01:16.046 [restartedMain] INFO  o.s.b.w.s.c.ServletWebServerApplicationContext - Root WebApplicationContext: initialization completed in 212 ms 
25-09-21 00:01:16.068 [restartedMain] INFO  o.h.jpa.internal.util.LogHelper - HHH000204: Processing PersistenceUnitInfo [name: default] 
25-09-21 00:01:16.071 [restartedMain] INFO  o.h.c.i.RegionFactoryInitiator - HHH000026: Second-level cache disabled 
25-09-21 00:01:16.078 [restartedMain] INFO  o.s.o.j.p.SpringPersistenceUnitInfo - No LoadTimeWeaver setup: ignoring JPA class transformer 
25-09-21 00:01:16.079 [restartedMain] INFO  com.zaxxer.hikari.HikariDataSource - HikariPool-6 - Starting... 
25-09-21 00:01:16.080 [restartedMain] INFO  com.zaxxer.hikari.pool.HikariPool - HikariPool-6 - Added connection org.sqlite.jdbc4.JDBC4Connection@2ff59f61 
25-09-21 00:01:16.080 [restartedMain] INFO  com.zaxxer.hikari.HikariDataSource - HikariPool-6 - Start completed. 
25-09-21 00:01:16.080 [restartedMain] INFO  o.hibernate.orm.connections.pooling - HHH10001005: Database info:
	Database JDBC URL [Connecting through datasource 'HikariDataSource (HikariPool-6)']
	Database driver: undefined/unknown
	Database version: 3.50.3
	Autocommit mode: undefined/unknown
	Isolation level: undefined/unknown
	Minimum pool size: undefined/unknown
	Maximum pool size: undefined/unknown 
25-09-21 00:01:16.123 [restartedMain] INFO  o.h.e.t.j.p.i.JtaPlatformInitiator - HHH000489: No JTA platform available (set 'hibernate.transaction.jta.platform' to enable JTA platform integration) 
25-09-21 00:01:16.124 [restartedMain] INFO  o.s.o.j.LocalContainerEntityManagerFactoryBean - Initialized JPA EntityManagerFactory for persistence unit 'default' 
25-09-21 00:01:16.169 [restartedMain] WARN  o.s.b.a.o.j.JpaBaseConfiguration$JpaWebConfiguration - spring.jpa.open-in-view is enabled by default. Therefore, database queries may be performed during view rendering. Explicitly configure spring.jpa.open-in-view to disable this warning 
25-09-21 00:01:16.247 [restartedMain] INFO  o.s.b.d.a.OptionalLiveReloadServer - LiveReload server is running on port 35729 
25-09-21 00:01:16.253 [restartedMain] INFO  o.a.coyote.http11.Http11NioProtocol - Starting ProtocolHandler ["http-nio-8080"] 
25-09-21 00:01:16.256 [restartedMain] INFO  o.s.b.w.e.tomcat.TomcatWebServer - Tomcat started on port 8080 (http) with context path '/' 
25-09-21 00:01:16.259 [restartedMain] INFO  c.v.vatManager.VatManagerApplication - Started VatManagerApplication in 0.445 seconds (process running for 1056.9) 
25-09-21 00:01:16.261 [restartedMain] INFO  o.s.b.d.a.ConditionEvaluationDeltaLoggingListener - Condition evaluation unchanged 
25-09-21 00:01:28.802 [File Watcher] INFO  o.s.b.d.a.LocalDevToolsAutoConfiguration$RestartingClassPathChangeChangedEventListener - Restarting due to 1 class path change (0 additions, 0 deletions, 1 modification) 
25-09-21 00:01:28.803 [Thread-23] INFO  o.s.b.w.e.tomcat.GracefulShutdown - Commencing graceful shutdown. Waiting for active requests to complete 
25-09-21 00:01:28.803 [tomcat-shutdown] INFO  o.a.coyote.http11.Http11NioProtocol - Pausing ProtocolHandler ["http-nio-8080"] 
25-09-21 00:01:28.823 [tomcat-shutdown] INFO  o.s.b.w.e.tomcat.GracefulShutdown - Graceful shutdown complete 
25-09-21 00:01:28.824 [Thread-23] INFO  o.a.coyote.http11.Http11NioProtocol - Stopping ProtocolHandler ["http-nio-8080"] 
25-09-21 00:01:28.825 [Thread-23] INFO  o.s.o.j.LocalContainerEntityManagerFactoryBean - Closing JPA EntityManagerFactory for persistence unit 'default' 
25-09-21 00:01:28.825 [Thread-23] INFO  com.zaxxer.hikari.HikariDataSource - HikariPool-6 - Shutdown initiated... 
25-09-21 00:01:28.826 [Thread-23] INFO  com.zaxxer.hikari.HikariDataSource - HikariPool-6 - Shutdown completed. 
25-09-21 00:01:28.876 [restartedMain] INFO  c.v.vatManager.VatManagerApplication - Starting VatManagerApplication using Java 21.0.5 with PID 15280 (D:\SpringBoot  Projects\vatManager\target\classes started by neraz in D:\SpringBoot  Projects\vatManager) 
25-09-21 00:01:28.876 [restartedMain] INFO  c.v.vatManager.VatManagerApplication - No active profile set, falling back to 1 default profile: "default" 
25-09-21 00:01:29.000 [restartedMain] INFO  o.s.d.r.c.RepositoryConfigurationDelegate - Bootstrapping Spring Data JPA repositories in DEFAULT mode. 
25-09-21 00:01:29.008 [restartedMain] INFO  o.s.d.r.c.RepositoryConfigurationDelegate - Finished Spring Data repository scanning in 6 ms. Found 1 JPA repository interface. 
25-09-21 00:01:29.064 [restartedMain] INFO  o.s.b.w.e.tomcat.TomcatWebServer - Tomcat initialized with port 8080 (http) 
25-09-21 00:01:29.064 [restartedMain] INFO  o.a.coyote.http11.Http11NioProtocol - Initializing ProtocolHandler ["http-nio-8080"] 
25-09-21 00:01:29.064 [restartedMain] INFO  o.a.catalina.core.StandardService - Starting service [Tomcat] 
25-09-21 00:01:29.064 [restartedMain] INFO  o.a.catalina.core.StandardEngine - Starting Servlet engine: [Apache Tomcat/10.1.44] 
25-09-21 00:01:29.085 [restartedMain] INFO  o.a.c.c.C.[Tomcat].[localhost].[/] - Initializing Spring embedded WebApplicationContext 
25-09-21 00:01:29.085 [restartedMain] INFO  o.s.b.w.s.c.ServletWebServerApplicationContext - Root WebApplicationContext: initialization completed in 207 ms 
25-09-21 00:01:29.108 [restartedMain] INFO  o.h.jpa.internal.util.LogHelper - HHH000204: Processing PersistenceUnitInfo [name: default] 
25-09-21 00:01:29.110 [restartedMain] INFO  o.h.c.i.RegionFactoryInitiator - HHH000026: Second-level cache disabled 
25-09-21 00:01:29.116 [restartedMain] INFO  o.s.o.j.p.SpringPersistenceUnitInfo - No LoadTimeWeaver setup: ignoring JPA class transformer 
25-09-21 00:01:29.117 [restartedMain] INFO  com.zaxxer.hikari.HikariDataSource - HikariPool-7 - Starting... 
25-09-21 00:01:29.118 [restartedMain] INFO  com.zaxxer.hikari.pool.HikariPool - HikariPool-7 - Added connection org.sqlite.jdbc4.JDBC4Connection@53b2c429 
25-09-21 00:01:29.118 [restartedMain] INFO  com.zaxxer.hikari.HikariDataSource - HikariPool-7 - Start completed. 
25-09-21 00:01:29.118 [restartedMain] INFO  o.hibernate.orm.connections.pooling - HHH10001005: Database info:
	Database JDBC URL [Connecting through datasource 'HikariDataSource (HikariPool-7)']
	Database driver: undefined/unknown
	Database version: 3.50.3
	Autocommit mode: undefined/unknown
	Isolation level: undefined/unknown
	Minimum pool size: undefined/unknown
	Maximum pool size: undefined/unknown 
25-09-21 00:01:29.152 [restartedMain] INFO  o.h.e.t.j.p.i.JtaPlatformInitiator - HHH000489: No JTA platform available (set 'hibernate.transaction.jta.platform' to enable JTA platform integration) 
25-09-21 00:01:29.154 [restartedMain] INFO  o.s.o.j.LocalContainerEntityManagerFactoryBean - Initialized JPA EntityManagerFactory for persistence unit 'default' 
25-09-21 00:01:29.201 [restartedMain] WARN  o.s.b.a.o.j.JpaBaseConfiguration$JpaWebConfiguration - spring.jpa.open-in-view is enabled by default. Therefore, database queries may be performed during view rendering. Explicitly configure spring.jpa.open-in-view to disable this warning 
25-09-21 00:01:29.279 [restartedMain] INFO  o.s.b.d.a.OptionalLiveReloadServer - LiveReload server is running on port 35729 
25-09-21 00:01:29.284 [restartedMain] INFO  o.a.coyote.http11.Http11NioProtocol - Starting ProtocolHandler ["http-nio-8080"] 
25-09-21 00:01:29.289 [restartedMain] INFO  o.s.b.w.e.tomcat.TomcatWebServer - Tomcat started on port 8080 (http) with context path '/' 
25-09-21 00:01:29.291 [restartedMain] INFO  c.v.vatManager.VatManagerApplication - Started VatManagerApplication in 0.432 seconds (process running for 1069.932) 
25-09-21 00:01:29.293 [restartedMain] INFO  o.s.b.d.a.ConditionEvaluationDeltaLoggingListener - Condition evaluation unchanged 
25-09-21 00:01:30.700 [File Watcher] INFO  o.s.b.d.a.LocalDevToolsAutoConfiguration$RestartingClassPathChangeChangedEventListener - Restarting due to 1 class path change (0 additions, 0 deletions, 1 modification) 
25-09-21 00:01:30.700 [Thread-27] INFO  o.s.b.w.e.tomcat.GracefulShutdown - Commencing graceful shutdown. Waiting for active requests to complete 
25-09-21 00:01:30.701 [tomcat-shutdown] INFO  o.a.coyote.http11.Http11NioProtocol - Pausing ProtocolHandler ["http-nio-8080"] 
25-09-21 00:01:30.718 [tomcat-shutdown] INFO  o.s.b.w.e.tomcat.GracefulShutdown - Graceful shutdown complete 
25-09-21 00:01:30.719 [Thread-27] INFO  o.a.coyote.http11.Http11NioProtocol - Stopping ProtocolHandler ["http-nio-8080"] 
25-09-21 00:01:30.720 [Thread-27] INFO  o.s.o.j.LocalContainerEntityManagerFactoryBean - Closing JPA EntityManagerFactory for persistence unit 'default' 
25-09-21 00:01:30.720 [Thread-27] INFO  com.zaxxer.hikari.HikariDataSource - HikariPool-7 - Shutdown initiated... 
25-09-21 00:01:30.721 [Thread-27] INFO  com.zaxxer.hikari.HikariDataSource - HikariPool-7 - Shutdown completed. 
25-09-21 00:01:30.772 [restartedMain] INFO  c.v.vatManager.VatManagerApplication - Starting VatManagerApplication using Java 21.0.5 with PID 15280 (D:\SpringBoot  Projects\vatManager\target\classes started by neraz in D:\SpringBoot  Projects\vatManager) 
25-09-21 00:01:30.772 [restartedMain] INFO  c.v.vatManager.VatManagerApplication - No active profile set, falling back to 1 default profile: "default" 
25-09-21 00:01:30.897 [restartedMain] INFO  o.s.d.r.c.RepositoryConfigurationDelegate - Bootstrapping Spring Data JPA repositories in DEFAULT mode. 
25-09-21 00:01:30.905 [restartedMain] INFO  o.s.d.r.c.RepositoryConfigurationDelegate - Finished Spring Data repository scanning in 6 ms. Found 1 JPA repository interface. 
25-09-21 00:01:30.962 [restartedMain] INFO  o.s.b.w.e.tomcat.TomcatWebServer - Tomcat initialized with port 8080 (http) 
25-09-21 00:01:30.963 [restartedMain] INFO  o.a.coyote.http11.Http11NioProtocol - Initializing ProtocolHandler ["http-nio-8080"] 
25-09-21 00:01:30.963 [restartedMain] INFO  o.a.catalina.core.StandardService - Starting service [Tomcat] 
25-09-21 00:01:30.963 [restartedMain] INFO  o.a.catalina.core.StandardEngine - Starting Servlet engine: [Apache Tomcat/10.1.44] 
25-09-21 00:01:30.983 [restartedMain] INFO  o.a.c.c.C.[Tomcat].[localhost].[/] - Initializing Spring embedded WebApplicationContext 
25-09-21 00:01:30.983 [restartedMain] INFO  o.s.b.w.s.c.ServletWebServerApplicationContext - Root WebApplicationContext: initialization completed in 210 ms 
25-09-21 00:01:31.004 [restartedMain] INFO  o.h.jpa.internal.util.LogHelper - HHH000204: Processing PersistenceUnitInfo [name: default] 
25-09-21 00:01:31.008 [restartedMain] INFO  o.h.c.i.RegionFactoryInitiator - HHH000026: Second-level cache disabled 
25-09-21 00:01:31.012 [restartedMain] INFO  o.s.o.j.p.SpringPersistenceUnitInfo - No LoadTimeWeaver setup: ignoring JPA class transformer 
25-09-21 00:01:31.014 [restartedMain] INFO  com.zaxxer.hikari.HikariDataSource - HikariPool-8 - Starting... 
25-09-21 00:01:31.014 [restartedMain] INFO  com.zaxxer.hikari.pool.HikariPool - HikariPool-8 - Added connection org.sqlite.jdbc4.JDBC4Connection@78323338 
25-09-21 00:01:31.014 [restartedMain] INFO  com.zaxxer.hikari.HikariDataSource - HikariPool-8 - Start completed. 
25-09-21 00:01:31.014 [restartedMain] INFO  o.hibernate.orm.connections.pooling - HHH10001005: Database info:
	Database JDBC URL [Connecting through datasource 'HikariDataSource (HikariPool-8)']
	Database driver: undefined/unknown
	Database version: 3.50.3
	Autocommit mode: undefined/unknown
	Isolation level: undefined/unknown
	Minimum pool size: undefined/unknown
	Maximum pool size: undefined/unknown 
25-09-21 00:01:31.054 [restartedMain] INFO  o.h.e.t.j.p.i.JtaPlatformInitiator - HHH000489: No JTA platform available (set 'hibernate.transaction.jta.platform' to enable JTA platform integration) 
25-09-21 00:01:31.055 [restartedMain] INFO  o.s.o.j.LocalContainerEntityManagerFactoryBean - Initialized JPA EntityManagerFactory for persistence unit 'default' 
25-09-21 00:01:31.102 [restartedMain] WARN  o.s.b.a.o.j.JpaBaseConfiguration$JpaWebConfiguration - spring.jpa.open-in-view is enabled by default. Therefore, database queries may be performed during view rendering. Explicitly configure spring.jpa.open-in-view to disable this warning 
25-09-21 00:01:31.182 [restartedMain] INFO  o.s.b.d.a.OptionalLiveReloadServer - LiveReload server is running on port 35729 
25-09-21 00:01:31.188 [restartedMain] INFO  o.a.coyote.http11.Http11NioProtocol - Starting ProtocolHandler ["http-nio-8080"] 
25-09-21 00:01:31.191 [restartedMain] INFO  o.s.b.w.e.tomcat.TomcatWebServer - Tomcat started on port 8080 (http) with context path '/' 
25-09-21 00:01:31.194 [restartedMain] INFO  c.v.vatManager.VatManagerApplication - Started VatManagerApplication in 0.44 seconds (process running for 1071.835) 
25-09-21 00:01:31.195 [restartedMain] INFO  o.s.b.d.a.ConditionEvaluationDeltaLoggingListener - Condition evaluation unchanged 
25-09-21 00:01:48.818 [File Watcher] INFO  o.s.b.d.a.LocalDevToolsAutoConfiguration$RestartingClassPathChangeChangedEventListener - Restarting due to 1 class path change (0 additions, 0 deletions, 1 modification) 
25-09-21 00:01:48.819 [Thread-31] INFO  o.s.b.w.e.tomcat.GracefulShutdown - Commencing graceful shutdown. Waiting for active requests to complete 
25-09-21 00:01:48.819 [tomcat-shutdown] INFO  o.a.coyote.http11.Http11NioProtocol - Pausing ProtocolHandler ["http-nio-8080"] 
25-09-21 00:01:48.839 [tomcat-shutdown] INFO  o.s.b.w.e.tomcat.GracefulShutdown - Graceful shutdown complete 
25-09-21 00:01:48.839 [Thread-31] INFO  o.a.coyote.http11.Http11NioProtocol - Stopping ProtocolHandler ["http-nio-8080"] 
25-09-21 00:01:48.840 [Thread-31] INFO  o.s.o.j.LocalContainerEntityManagerFactoryBean - Closing JPA EntityManagerFactory for persistence unit 'default' 
25-09-21 00:01:48.841 [Thread-31] INFO  com.zaxxer.hikari.HikariDataSource - HikariPool-8 - Shutdown initiated... 
25-09-21 00:01:48.841 [Thread-31] INFO  com.zaxxer.hikari.HikariDataSource - HikariPool-8 - Shutdown completed. 
25-09-21 00:01:48.890 [restartedMain] INFO  c.v.vatManager.VatManagerApplication - Starting VatManagerApplication using Java 21.0.5 with PID 15280 (D:\SpringBoot  Projects\vatManager\target\classes started by neraz in D:\SpringBoot  Projects\vatManager) 
25-09-21 00:01:48.891 [restartedMain] INFO  c.v.vatManager.VatManagerApplication - No active profile set, falling back to 1 default profile: "default" 
25-09-21 00:01:49.010 [restartedMain] INFO  o.s.d.r.c.RepositoryConfigurationDelegate - Bootstrapping Spring Data JPA repositories in DEFAULT mode. 
25-09-21 00:01:49.018 [restartedMain] INFO  o.s.d.r.c.RepositoryConfigurationDelegate - Finished Spring Data repository scanning in 7 ms. Found 1 JPA repository interface. 
25-09-21 00:01:49.074 [restartedMain] INFO  o.s.b.w.e.tomcat.TomcatWebServer - Tomcat initialized with port 8080 (http) 
25-09-21 00:01:49.075 [restartedMain] INFO  o.a.coyote.http11.Http11NioProtocol - Initializing ProtocolHandler ["http-nio-8080"] 
25-09-21 00:01:49.075 [restartedMain] INFO  o.a.catalina.core.StandardService - Starting service [Tomcat] 
25-09-21 00:01:49.075 [restartedMain] INFO  o.a.catalina.core.StandardEngine - Starting Servlet engine: [Apache Tomcat/10.1.44] 
25-09-21 00:01:49.094 [restartedMain] INFO  o.a.c.c.C.[Tomcat].[localhost].[/] - Initializing Spring embedded WebApplicationContext 
25-09-21 00:01:49.094 [restartedMain] INFO  o.s.b.w.s.c.ServletWebServerApplicationContext - Root WebApplicationContext: initialization completed in 202 ms 
25-09-21 00:01:49.116 [restartedMain] INFO  o.h.jpa.internal.util.LogHelper - HHH000204: Processing PersistenceUnitInfo [name: default] 
25-09-21 00:01:49.119 [restartedMain] INFO  o.h.c.i.RegionFactoryInitiator - HHH000026: Second-level cache disabled 
25-09-21 00:01:49.123 [restartedMain] INFO  o.s.o.j.p.SpringPersistenceUnitInfo - No LoadTimeWeaver setup: ignoring JPA class transformer 
25-09-21 00:01:49.124 [restartedMain] INFO  com.zaxxer.hikari.HikariDataSource - HikariPool-9 - Starting... 
25-09-21 00:01:49.126 [restartedMain] INFO  com.zaxxer.hikari.pool.HikariPool - HikariPool-9 - Added connection org.sqlite.jdbc4.JDBC4Connection@6e884593 
25-09-21 00:01:49.126 [restartedMain] INFO  com.zaxxer.hikari.HikariDataSource - HikariPool-9 - Start completed. 
25-09-21 00:01:49.127 [restartedMain] INFO  o.hibernate.orm.connections.pooling - HHH10001005: Database info:
	Database JDBC URL [Connecting through datasource 'HikariDataSource (HikariPool-9)']
	Database driver: undefined/unknown
	Database version: 3.50.3
	Autocommit mode: undefined/unknown
	Isolation level: undefined/unknown
	Minimum pool size: undefined/unknown
	Maximum pool size: undefined/unknown 
25-09-21 00:01:49.169 [restartedMain] INFO  o.h.e.t.j.p.i.JtaPlatformInitiator - HHH000489: No JTA platform available (set 'hibernate.transaction.jta.platform' to enable JTA platform integration) 
25-09-21 00:01:49.171 [restartedMain] INFO  o.s.o.j.LocalContainerEntityManagerFactoryBean - Initialized JPA EntityManagerFactory for persistence unit 'default' 
25-09-21 00:01:49.209 [restartedMain] WARN  o.s.b.w.s.c.AnnotationConfigServletWebServerApplicationContext - Exception encountered during context initialization - cancelling refresh attempt: org.springframework.beans.factory.BeanCreationException: Error creating bean with name 'excelUtils': Lookup method resolution failed 
25-09-21 00:01:49.209 [restartedMain] INFO  o.s.o.j.LocalContainerEntityManagerFactoryBean - Closing JPA EntityManagerFactory for persistence unit 'default' 
25-09-21 00:01:49.209 [restartedMain] INFO  com.zaxxer.hikari.HikariDataSource - HikariPool-9 - Shutdown initiated... 
25-09-21 00:01:49.210 [restartedMain] INFO  com.zaxxer.hikari.HikariDataSource - HikariPool-9 - Shutdown completed. 
25-09-21 00:01:49.210 [restartedMain] INFO  o.a.catalina.core.StandardService - Stopping service [Tomcat] 
25-09-21 00:01:49.214 [restartedMain] INFO  o.s.b.a.l.ConditionEvaluationReportLogger - 

Error starting ApplicationContext. To display the condition evaluation report re-run your application with 'debug' enabled. 
25-09-21 00:01:49.231 [restartedMain] ERROR o.s.boot.SpringApplication - Application run failed 
org.springframework.beans.factory.BeanCreationException: Error creating bean with name 'excelUtils': Lookup method resolution failed
	at org.springframework.beans.factory.annotation.AutowiredAnnotationBeanPostProcessor.checkLookupMethods(AutowiredAnnotationBeanPostProcessor.java:498)
	at org.springframework.beans.factory.annotation.AutowiredAnnotationBeanPostProcessor.determineCandidateConstructors(AutowiredAnnotationBeanPostProcessor.java:368)
	at org.springframework.beans.factory.support.AbstractAutowireCapableBeanFactory.determineConstructorsFromBeanPostProcessors(AbstractAutowireCapableBeanFactory.java:1334)
	at org.springframework.beans.factory.support.AbstractAutowireCapableBeanFactory.createBeanInstance(AbstractAutowireCapableBeanFactory.java:1229)
	at org.springframework.beans.factory.support.AbstractAutowireCapableBeanFactory.doCreateBean(AbstractAutowireCapableBeanFactory.java:569)
	at org.springframework.beans.factory.support.AbstractAutowireCapableBeanFactory.createBean(AbstractAutowireCapableBeanFactory.java:529)
	at org.springframework.beans.factory.support.AbstractBeanFactory.lambda$doGetBean$0(AbstractBeanFactory.java:339)
	at org.springframework.beans.factory.support.DefaultSingletonBeanRegistry.getSingleton(DefaultSingletonBeanRegistry.java:373)
	at org.springframework.beans.factory.support.AbstractBeanFactory.doGetBean(AbstractBeanFactory.java:337)
	at org.springframework.beans.factory.support.AbstractBeanFactory.getBean(AbstractBeanFactory.java:202)
	at org.springframework.beans.factory.support.DefaultListableBeanFactory.instantiateSingleton(DefaultListableBeanFactory.java:1222)
	at org.springframework.beans.factory.support.DefaultListableBeanFactory.preInstantiateSingleton(DefaultListableBeanFactory.java:1188)
	at org.springframework.beans.factory.support.DefaultListableBeanFactory.preInstantiateSingletons(DefaultListableBeanFactory.java:1123)
	at org.springframework.context.support.AbstractApplicationContext.finishBeanFactoryInitialization(AbstractApplicationContext.java:987)
	at org.springframework.context.support.AbstractApplicationContext.refresh(AbstractApplicationContext.java:627)
	at org.springframework.boot.web.servlet.context.ServletWebServerApplicationContext.refresh(ServletWebServerApplicationContext.java:146)
	at org.springframework.boot.SpringApplication.refresh(SpringApplication.java:752)
	at org.springframework.boot.SpringApplication.refreshContext(SpringApplication.java:439)
	at org.springframework.boot.SpringApplication.run(SpringApplication.java:318)
	at org.springframework.boot.SpringApplication.run(SpringApplication.java:1361)
	at org.springframework.boot.SpringApplication.run(SpringApplication.java:1350)
	at com.vatManager.vatManager.VatManagerApplication.main(VatManagerApplication.java:10)
	at java.base/jdk.internal.reflect.DirectMethodHandleAccessor.invoke(DirectMethodHandleAccessor.java:103)
	at java.base/java.lang.reflect.Method.invoke(Method.java:580)
	at org.springframework.boot.devtools.restart.RestartLauncher.run(RestartLauncher.java:50)
Caused by: java.lang.IllegalStateException: Failed to introspect Class [com.vatManager.vatManager.utils.ExcelUtils] from ClassLoader [org.springframework.boot.devtools.restart.classloader.RestartClassLoader@34b9cd4f]
	at org.springframework.util.ReflectionUtils.getDeclaredMethods(ReflectionUtils.java:483)
	at org.springframework.util.ReflectionUtils.doWithLocalMethods(ReflectionUtils.java:320)
	at org.springframework.beans.factory.annotation.AutowiredAnnotationBeanPostProcessor.checkLookupMethods(AutowiredAnnotationBeanPostProcessor.java:476)
	... 24 common frames omitted
Caused by: java.lang.NoClassDefFoundError: [Lbytes;
	at java.base/java.lang.Class.getDeclaredMethods0(Native Method)
	at java.base/java.lang.Class.privateGetDeclaredMethods(Class.java:3578)
	at java.base/java.lang.Class.getDeclaredMethods(Class.java:2676)
	at org.springframework.util.ReflectionUtils.getDeclaredMethods(ReflectionUtils.java:465)
	... 26 common frames omitted
Caused by: java.lang.ClassNotFoundException: bytes
	at java.base/jdk.internal.loader.BuiltinClassLoader.loadClass(BuiltinClassLoader.java:641)
	at java.base/jdk.internal.loader.ClassLoaders$AppClassLoader.loadClass(ClassLoaders.java:188)
	at java.base/java.lang.ClassLoader.loadClass(ClassLoader.java:526)
	at java.base/java.lang.Class.forName0(Native Method)
	at java.base/java.lang.Class.forName(Class.java:534)
	at java.base/java.lang.Class.forName(Class.java:513)
	at org.springframework.boot.devtools.restart.classloader.RestartClassLoader.loadClass(RestartClassLoader.java:121)
	at java.base/java.lang.ClassLoader.loadClass(ClassLoader.java:526)
	... 30 common frames omitted
25-09-21 00:02:07.933 [restartedMain] INFO  c.v.vatManager.VatManagerApplication - Starting VatManagerApplication using Java 21.0.5 with PID 15280 (D:\SpringBoot  Projects\vatManager\target\classes started by neraz in D:\SpringBoot  Projects\vatManager) 
25-09-21 00:02:07.933 [restartedMain] INFO  c.v.vatManager.VatManagerApplication - No active profile set, falling back to 1 default profile: "default" 
25-09-21 00:02:08.054 [restartedMain] INFO  o.s.d.r.c.RepositoryConfigurationDelegate - Bootstrapping Spring Data JPA repositories in DEFAULT mode. 
25-09-21 00:02:08.063 [restartedMain] INFO  o.s.d.r.c.RepositoryConfigurationDelegate - Finished Spring Data repository scanning in 7 ms. Found 1 JPA repository interface. 
25-09-21 00:02:08.123 [restartedMain] INFO  o.s.b.w.e.tomcat.TomcatWebServer - Tomcat initialized with port 8080 (http) 
25-09-21 00:02:08.125 [restartedMain] INFO  o.a.coyote.http11.Http11NioProtocol - Initializing ProtocolHandler ["http-nio-8080"] 
25-09-21 00:02:08.125 [restartedMain] INFO  o.a.catalina.core.StandardService - Starting service [Tomcat] 
25-09-21 00:02:08.126 [restartedMain] INFO  o.a.catalina.core.StandardEngine - Starting Servlet engine: [Apache Tomcat/10.1.44] 
25-09-21 00:02:08.145 [restartedMain] INFO  o.a.c.c.C.[Tomcat-1].[localhost].[/] - Initializing Spring embedded WebApplicationContext 
25-09-21 00:02:08.145 [restartedMain] INFO  o.s.b.w.s.c.ServletWebServerApplicationContext - Root WebApplicationContext: initialization completed in 210 ms 
25-09-21 00:02:08.168 [restartedMain] INFO  o.h.jpa.internal.util.LogHelper - HHH000204: Processing PersistenceUnitInfo [name: default] 
25-09-21 00:02:08.170 [restartedMain] INFO  o.h.c.i.RegionFactoryInitiator - HHH000026: Second-level cache disabled 
25-09-21 00:02:08.174 [restartedMain] INFO  o.s.o.j.p.SpringPersistenceUnitInfo - No LoadTimeWeaver setup: ignoring JPA class transformer 
25-09-21 00:02:08.176 [restartedMain] INFO  com.zaxxer.hikari.HikariDataSource - HikariPool-10 - Starting... 
25-09-21 00:02:08.178 [restartedMain] INFO  com.zaxxer.hikari.pool.HikariPool - HikariPool-10 - Added connection org.sqlite.jdbc4.JDBC4Connection@d157d1d 
25-09-21 00:02:08.178 [restartedMain] INFO  com.zaxxer.hikari.HikariDataSource - HikariPool-10 - Start completed. 
25-09-21 00:02:08.179 [restartedMain] INFO  o.hibernate.orm.connections.pooling - HHH10001005: Database info:
	Database JDBC URL [Connecting through datasource 'HikariDataSource (HikariPool-10)']
	Database driver: undefined/unknown
	Database version: 3.50.3
	Autocommit mode: undefined/unknown
	Isolation level: undefined/unknown
	Minimum pool size: undefined/unknown
	Maximum pool size: undefined/unknown 
25-09-21 00:02:08.202 [restartedMain] INFO  o.h.e.t.j.p.i.JtaPlatformInitiator - HHH000489: No JTA platform available (set 'hibernate.transaction.jta.platform' to enable JTA platform integration) 
25-09-21 00:02:08.203 [restartedMain] INFO  o.s.o.j.LocalContainerEntityManagerFactoryBean - Initialized JPA EntityManagerFactory for persistence unit 'default' 
25-09-21 00:02:08.246 [restartedMain] WARN  o.s.b.a.o.j.JpaBaseConfiguration$JpaWebConfiguration - spring.jpa.open-in-view is enabled by default. Therefore, database queries may be performed during view rendering. Explicitly configure spring.jpa.open-in-view to disable this warning 
25-09-21 00:02:08.326 [restartedMain] INFO  o.s.b.d.a.OptionalLiveReloadServer - LiveReload server is running on port 35729 
25-09-21 00:02:08.332 [restartedMain] INFO  o.a.coyote.http11.Http11NioProtocol - Starting ProtocolHandler ["http-nio-8080"] 
25-09-21 00:02:08.335 [restartedMain] INFO  o.s.b.w.e.tomcat.TomcatWebServer - Tomcat started on port 8080 (http) with context path '/' 
25-09-21 00:02:08.338 [restartedMain] INFO  c.v.vatManager.VatManagerApplication - Started VatManagerApplication in 0.42 seconds (process running for 1108.979) 
25-09-21 00:02:08.339 [restartedMain] INFO  o.s.b.d.a.ConditionEvaluationDeltaLoggingListener - Condition evaluation unchanged 
25-09-21 00:02:48.301 [File Watcher] INFO  o.s.b.d.a.LocalDevToolsAutoConfiguration$RestartingClassPathChangeChangedEventListener - Restarting due to 1 class path change (0 additions, 0 deletions, 1 modification) 
25-09-21 00:02:48.302 [Thread-35] INFO  o.s.b.w.e.tomcat.GracefulShutdown - Commencing graceful shutdown. Waiting for active requests to complete 
25-09-21 00:02:48.302 [tomcat-shutdown] INFO  o.a.coyote.http11.Http11NioProtocol - Pausing ProtocolHandler ["http-nio-8080"] 
25-09-21 00:02:48.323 [tomcat-shutdown] INFO  o.s.b.w.e.tomcat.GracefulShutdown - Graceful shutdown complete 
25-09-21 00:02:48.324 [Thread-35] INFO  o.a.coyote.http11.Http11NioProtocol - Stopping ProtocolHandler ["http-nio-8080"] 
25-09-21 00:02:48.324 [Thread-35] INFO  o.s.o.j.LocalContainerEntityManagerFactoryBean - Closing JPA EntityManagerFactory for persistence unit 'default' 
25-09-21 00:02:48.324 [Thread-35] INFO  com.zaxxer.hikari.HikariDataSource - HikariPool-10 - Shutdown initiated... 
25-09-21 00:02:48.325 [Thread-35] INFO  com.zaxxer.hikari.HikariDataSource - HikariPool-10 - Shutdown completed. 
25-09-21 00:02:48.374 [restartedMain] INFO  c.v.vatManager.VatManagerApplication - Starting VatManagerApplication using Java 21.0.5 with PID 15280 (D:\SpringBoot  Projects\vatManager\target\classes started by neraz in D:\SpringBoot  Projects\vatManager) 
25-09-21 00:02:48.374 [restartedMain] INFO  c.v.vatManager.VatManagerApplication - No active profile set, falling back to 1 default profile: "default" 
25-09-21 00:02:48.490 [restartedMain] INFO  o.s.d.r.c.RepositoryConfigurationDelegate - Bootstrapping Spring Data JPA repositories in DEFAULT mode. 
25-09-21 00:02:48.498 [restartedMain] INFO  o.s.d.r.c.RepositoryConfigurationDelegate - Finished Spring Data repository scanning in 6 ms. Found 1 JPA repository interface. 
25-09-21 00:02:48.554 [restartedMain] INFO  o.s.b.w.e.tomcat.TomcatWebServer - Tomcat initialized with port 8080 (http) 
25-09-21 00:02:48.554 [restartedMain] INFO  o.a.coyote.http11.Http11NioProtocol - Initializing ProtocolHandler ["http-nio-8080"] 
25-09-21 00:02:48.554 [restartedMain] INFO  o.a.catalina.core.StandardService - Starting service [Tomcat] 
25-09-21 00:02:48.554 [restartedMain] INFO  o.a.catalina.core.StandardEngine - Starting Servlet engine: [Apache Tomcat/10.1.44] 
25-09-21 00:02:48.574 [restartedMain] INFO  o.a.c.c.C.[Tomcat-1].[localhost].[/] - Initializing Spring embedded WebApplicationContext 
25-09-21 00:02:48.574 [restartedMain] INFO  o.s.b.w.s.c.ServletWebServerApplicationContext - Root WebApplicationContext: initialization completed in 198 ms 
25-09-21 00:02:48.596 [restartedMain] INFO  o.h.jpa.internal.util.LogHelper - HHH000204: Processing PersistenceUnitInfo [name: default] 
25-09-21 00:02:48.599 [restartedMain] INFO  o.h.c.i.RegionFactoryInitiator - HHH000026: Second-level cache disabled 
25-09-21 00:02:48.604 [restartedMain] INFO  o.s.o.j.p.SpringPersistenceUnitInfo - No LoadTimeWeaver setup: ignoring JPA class transformer 
25-09-21 00:02:48.606 [restartedMain] INFO  com.zaxxer.hikari.HikariDataSource - HikariPool-11 - Starting... 
25-09-21 00:02:48.606 [restartedMain] INFO  com.zaxxer.hikari.pool.HikariPool - HikariPool-11 - Added connection org.sqlite.jdbc4.JDBC4Connection@653460f2 
25-09-21 00:02:48.606 [restartedMain] INFO  com.zaxxer.hikari.HikariDataSource - HikariPool-11 - Start completed. 
25-09-21 00:02:48.607 [restartedMain] INFO  o.hibernate.orm.connections.pooling - HHH10001005: Database info:
	Database JDBC URL [Connecting through datasource 'HikariDataSource (HikariPool-11)']
	Database driver: undefined/unknown
	Database version: 3.50.3
	Autocommit mode: undefined/unknown
	Isolation level: undefined/unknown
	Minimum pool size: undefined/unknown
	Maximum pool size: undefined/unknown 
25-09-21 00:02:48.651 [restartedMain] INFO  o.h.e.t.j.p.i.JtaPlatformInitiator - HHH000489: No JTA platform available (set 'hibernate.transaction.jta.platform' to enable JTA platform integration) 
25-09-21 00:02:48.652 [restartedMain] INFO  o.s.o.j.LocalContainerEntityManagerFactoryBean - Initialized JPA EntityManagerFactory for persistence unit 'default' 
25-09-21 00:02:48.698 [restartedMain] WARN  o.s.b.a.o.j.JpaBaseConfiguration$JpaWebConfiguration - spring.jpa.open-in-view is enabled by default. Therefore, database queries may be performed during view rendering. Explicitly configure spring.jpa.open-in-view to disable this warning 
25-09-21 00:02:48.773 [restartedMain] INFO  o.s.b.d.a.OptionalLiveReloadServer - LiveReload server is running on port 35729 
25-09-21 00:02:48.778 [restartedMain] INFO  o.a.coyote.http11.Http11NioProtocol - Starting ProtocolHandler ["http-nio-8080"] 
25-09-21 00:02:48.781 [restartedMain] INFO  o.s.b.w.e.tomcat.TomcatWebServer - Tomcat started on port 8080 (http) with context path '/' 
25-09-21 00:02:48.784 [restartedMain] INFO  c.v.vatManager.VatManagerApplication - Started VatManagerApplication in 0.428 seconds (process running for 1149.425) 
25-09-21 00:02:48.785 [restartedMain] INFO  o.s.b.d.a.ConditionEvaluationDeltaLoggingListener - Condition evaluation unchanged 
25-09-21 00:02:52.216 [File Watcher] INFO  o.s.b.d.a.LocalDevToolsAutoConfiguration$RestartingClassPathChangeChangedEventListener - Restarting due to 1 class path change (0 additions, 0 deletions, 1 modification) 
25-09-21 00:02:52.217 [Thread-42] INFO  o.s.b.w.e.tomcat.GracefulShutdown - Commencing graceful shutdown. Waiting for active requests to complete 
25-09-21 00:02:52.217 [tomcat-shutdown] INFO  o.a.coyote.http11.Http11NioProtocol - Pausing ProtocolHandler ["http-nio-8080"] 
25-09-21 00:02:52.235 [tomcat-shutdown] INFO  o.s.b.w.e.tomcat.GracefulShutdown - Graceful shutdown complete 
25-09-21 00:02:52.236 [Thread-42] INFO  o.a.coyote.http11.Http11NioProtocol - Stopping ProtocolHandler ["http-nio-8080"] 
25-09-21 00:02:52.238 [Thread-42] INFO  o.s.o.j.LocalContainerEntityManagerFactoryBean - Closing JPA EntityManagerFactory for persistence unit 'default' 
25-09-21 00:02:52.239 [Thread-42] INFO  com.zaxxer.hikari.HikariDataSource - HikariPool-11 - Shutdown initiated... 
25-09-21 00:02:52.239 [Thread-42] INFO  com.zaxxer.hikari.HikariDataSource - HikariPool-11 - Shutdown completed. 
25-09-21 00:02:52.289 [restartedMain] INFO  c.v.vatManager.VatManagerApplication - Starting VatManagerApplication using Java 21.0.5 with PID 15280 (D:\SpringBoot  Projects\vatManager\target\classes started by neraz in D:\SpringBoot  Projects\vatManager) 
25-09-21 00:02:52.290 [restartedMain] INFO  c.v.vatManager.VatManagerApplication - No active profile set, falling back to 1 default profile: "default" 
25-09-21 00:02:52.408 [restartedMain] INFO  o.s.d.r.c.RepositoryConfigurationDelegate - Bootstrapping Spring Data JPA repositories in DEFAULT mode. 
25-09-21 00:02:52.414 [restartedMain] INFO  o.s.d.r.c.RepositoryConfigurationDelegate - Finished Spring Data repository scanning in 6 ms. Found 1 JPA repository interface. 
25-09-21 00:02:52.471 [restartedMain] INFO  o.s.b.w.e.tomcat.TomcatWebServer - Tomcat initialized with port 8080 (http) 
25-09-21 00:02:52.471 [restartedMain] INFO  o.a.coyote.http11.Http11NioProtocol - Initializing ProtocolHandler ["http-nio-8080"] 
25-09-21 00:02:52.472 [restartedMain] INFO  o.a.catalina.core.StandardService - Starting service [Tomcat] 
25-09-21 00:02:52.472 [restartedMain] INFO  o.a.catalina.core.StandardEngine - Starting Servlet engine: [Apache Tomcat/10.1.44] 
25-09-21 00:02:52.492 [restartedMain] INFO  o.a.c.c.C.[Tomcat-1].[localhost].[/] - Initializing Spring embedded WebApplicationContext 
25-09-21 00:02:52.492 [restartedMain] INFO  o.s.b.w.s.c.ServletWebServerApplicationContext - Root WebApplicationContext: initialization completed in 201 ms 
25-09-21 00:02:52.514 [restartedMain] INFO  o.h.jpa.internal.util.LogHelper - HHH000204: Processing PersistenceUnitInfo [name: default] 
25-09-21 00:02:52.517 [restartedMain] INFO  o.h.c.i.RegionFactoryInitiator - HHH000026: Second-level cache disabled 
25-09-21 00:02:52.522 [restartedMain] INFO  o.s.o.j.p.SpringPersistenceUnitInfo - No LoadTimeWeaver setup: ignoring JPA class transformer 
25-09-21 00:02:52.523 [restartedMain] INFO  com.zaxxer.hikari.HikariDataSource - HikariPool-12 - Starting... 
25-09-21 00:02:52.524 [restartedMain] INFO  com.zaxxer.hikari.pool.HikariPool - HikariPool-12 - Added connection org.sqlite.jdbc4.JDBC4Connection@3618d9b 
25-09-21 00:02:52.524 [restartedMain] INFO  com.zaxxer.hikari.HikariDataSource - HikariPool-12 - Start completed. 
25-09-21 00:02:52.524 [restartedMain] INFO  o.hibernate.orm.connections.pooling - HHH10001005: Database info:
	Database JDBC URL [Connecting through datasource 'HikariDataSource (HikariPool-12)']
	Database driver: undefined/unknown
	Database version: 3.50.3
	Autocommit mode: undefined/unknown
	Isolation level: undefined/unknown
	Minimum pool size: undefined/unknown
	Maximum pool size: undefined/unknown 
25-09-21 00:02:52.563 [restartedMain] INFO  o.h.e.t.j.p.i.JtaPlatformInitiator - HHH000489: No JTA platform available (set 'hibernate.transaction.jta.platform' to enable JTA platform integration) 
25-09-21 00:02:52.565 [restartedMain] INFO  o.s.o.j.LocalContainerEntityManagerFactoryBean - Initialized JPA EntityManagerFactory for persistence unit 'default' 
25-09-21 00:02:52.612 [restartedMain] WARN  o.s.b.a.o.j.JpaBaseConfiguration$JpaWebConfiguration - spring.jpa.open-in-view is enabled by default. Therefore, database queries may be performed during view rendering. Explicitly configure spring.jpa.open-in-view to disable this warning 
25-09-21 00:02:52.692 [restartedMain] INFO  o.s.b.d.a.OptionalLiveReloadServer - LiveReload server is running on port 35729 
25-09-21 00:02:52.700 [restartedMain] INFO  o.a.coyote.http11.Http11NioProtocol - Starting ProtocolHandler ["http-nio-8080"] 
25-09-21 00:02:52.702 [restartedMain] INFO  o.s.b.w.e.tomcat.TomcatWebServer - Tomcat started on port 8080 (http) with context path '/' 
25-09-21 00:02:52.705 [restartedMain] INFO  c.v.vatManager.VatManagerApplication - Started VatManagerApplication in 0.433 seconds (process running for 1153.346) 
25-09-21 00:02:52.706 [restartedMain] INFO  o.s.b.d.a.ConditionEvaluationDeltaLoggingListener - Condition evaluation unchanged 
25-09-21 00:02:54.120 [File Watcher] INFO  o.s.b.d.a.LocalDevToolsAutoConfiguration$RestartingClassPathChangeChangedEventListener - Restarting due to 1 class path change (0 additions, 0 deletions, 1 modification) 
25-09-21 00:02:54.121 [Thread-46] INFO  o.s.b.w.e.tomcat.GracefulShutdown - Commencing graceful shutdown. Waiting for active requests to complete 
25-09-21 00:02:54.121 [tomcat-shutdown] INFO  o.a.coyote.http11.Http11NioProtocol - Pausing ProtocolHandler ["http-nio-8080"] 
25-09-21 00:02:54.141 [tomcat-shutdown] INFO  o.s.b.w.e.tomcat.GracefulShutdown - Graceful shutdown complete 
25-09-21 00:02:54.141 [Thread-46] INFO  o.a.coyote.http11.Http11NioProtocol - Stopping ProtocolHandler ["http-nio-8080"] 
25-09-21 00:02:54.142 [Thread-46] INFO  o.s.o.j.LocalContainerEntityManagerFactoryBean - Closing JPA EntityManagerFactory for persistence unit 'default' 
25-09-21 00:02:54.143 [Thread-46] INFO  com.zaxxer.hikari.HikariDataSource - HikariPool-12 - Shutdown initiated... 
25-09-21 00:02:54.144 [Thread-46] INFO  com.zaxxer.hikari.HikariDataSource - HikariPool-12 - Shutdown completed. 
25-09-21 00:02:54.191 [restartedMain] INFO  c.v.vatManager.VatManagerApplication - Starting VatManagerApplication using Java 21.0.5 with PID 15280 (D:\SpringBoot  Projects\vatManager\target\classes started by neraz in D:\SpringBoot  Projects\vatManager) 
25-09-21 00:02:54.191 [restartedMain] INFO  c.v.vatManager.VatManagerApplication - No active profile set, falling back to 1 default profile: "default" 
25-09-21 00:02:54.309 [restartedMain] INFO  o.s.d.r.c.RepositoryConfigurationDelegate - Bootstrapping Spring Data JPA repositories in DEFAULT mode. 
25-09-21 00:02:54.316 [restartedMain] INFO  o.s.d.r.c.RepositoryConfigurationDelegate - Finished Spring Data repository scanning in 6 ms. Found 1 JPA repository interface. 
25-09-21 00:02:54.372 [restartedMain] INFO  o.s.b.w.e.tomcat.TomcatWebServer - Tomcat initialized with port 8080 (http) 
25-09-21 00:02:54.372 [restartedMain] INFO  o.a.coyote.http11.Http11NioProtocol - Initializing ProtocolHandler ["http-nio-8080"] 
25-09-21 00:02:54.372 [restartedMain] INFO  o.a.catalina.core.StandardService - Starting service [Tomcat] 
25-09-21 00:02:54.373 [restartedMain] INFO  o.a.catalina.core.StandardEngine - Starting Servlet engine: [Apache Tomcat/10.1.44] 
25-09-21 00:02:54.392 [restartedMain] INFO  o.a.c.c.C.[Tomcat-1].[localhost].[/] - Initializing Spring embedded WebApplicationContext 
25-09-21 00:02:54.392 [restartedMain] INFO  o.s.b.w.s.c.ServletWebServerApplicationContext - Root WebApplicationContext: initialization completed in 200 ms 
25-09-21 00:02:54.414 [restartedMain] INFO  o.h.jpa.internal.util.LogHelper - HHH000204: Processing PersistenceUnitInfo [name: default] 
25-09-21 00:02:54.418 [restartedMain] INFO  o.h.c.i.RegionFactoryInitiator - HHH000026: Second-level cache disabled 
25-09-21 00:02:54.421 [restartedMain] INFO  o.s.o.j.p.SpringPersistenceUnitInfo - No LoadTimeWeaver setup: ignoring JPA class transformer 
25-09-21 00:02:54.423 [restartedMain] INFO  com.zaxxer.hikari.HikariDataSource - HikariPool-13 - Starting... 
25-09-21 00:02:54.424 [restartedMain] INFO  com.zaxxer.hikari.pool.HikariPool - HikariPool-13 - Added connection org.sqlite.jdbc4.JDBC4Connection@313bd65c 
25-09-21 00:02:54.424 [restartedMain] INFO  com.zaxxer.hikari.HikariDataSource - HikariPool-13 - Start completed. 
25-09-21 00:02:54.424 [restartedMain] INFO  o.hibernate.orm.connections.pooling - HHH10001005: Database info:
	Database JDBC URL [Connecting through datasource 'HikariDataSource (HikariPool-13)']
	Database driver: undefined/unknown
	Database version: 3.50.3
	Autocommit mode: undefined/unknown
	Isolation level: undefined/unknown
	Minimum pool size: undefined/unknown
	Maximum pool size: undefined/unknown 
25-09-21 00:02:54.464 [restartedMain] INFO  o.h.e.t.j.p.i.JtaPlatformInitiator - HHH000489: No JTA platform available (set 'hibernate.transaction.jta.platform' to enable JTA platform integration) 
25-09-21 00:02:54.466 [restartedMain] INFO  o.s.o.j.LocalContainerEntityManagerFactoryBean - Initialized JPA EntityManagerFactory for persistence unit 'default' 
25-09-21 00:02:54.508 [restartedMain] WARN  o.s.b.a.o.j.JpaBaseConfiguration$JpaWebConfiguration - spring.jpa.open-in-view is enabled by default. Therefore, database queries may be performed during view rendering. Explicitly configure spring.jpa.open-in-view to disable this warning 
25-09-21 00:02:54.584 [restartedMain] INFO  o.s.b.d.a.OptionalLiveReloadServer - LiveReload server is running on port 35729 
25-09-21 00:02:54.590 [restartedMain] INFO  o.a.coyote.http11.Http11NioProtocol - Starting ProtocolHandler ["http-nio-8080"] 
25-09-21 00:02:54.592 [restartedMain] INFO  o.s.b.w.e.tomcat.TomcatWebServer - Tomcat started on port 8080 (http) with context path '/' 
25-09-21 00:02:54.596 [restartedMain] INFO  c.v.vatManager.VatManagerApplication - Started VatManagerApplication in 0.422 seconds (process running for 1155.237) 
25-09-21 00:02:54.596 [restartedMain] INFO  o.s.b.d.a.ConditionEvaluationDeltaLoggingListener - Condition evaluation unchanged 
25-09-21 00:04:14.617 [File Watcher] INFO  o.s.b.d.a.LocalDevToolsAutoConfiguration$RestartingClassPathChangeChangedEventListener - Restarting due to 23 class path changes (0 additions, 0 deletions, 23 modifications) 
25-09-21 00:04:14.618 [Thread-50] INFO  o.s.b.w.e.tomcat.GracefulShutdown - Commencing graceful shutdown. Waiting for active requests to complete 
25-09-21 00:04:14.618 [tomcat-shutdown] INFO  o.a.coyote.http11.Http11NioProtocol - Pausing ProtocolHandler ["http-nio-8080"] 
25-09-21 00:04:14.638 [tomcat-shutdown] INFO  o.s.b.w.e.tomcat.GracefulShutdown - Graceful shutdown complete 
25-09-21 00:04:14.638 [Thread-50] INFO  o.a.coyote.http11.Http11NioProtocol - Stopping ProtocolHandler ["http-nio-8080"] 
25-09-21 00:04:14.639 [Thread-50] INFO  o.s.o.j.LocalContainerEntityManagerFactoryBean - Closing JPA EntityManagerFactory for persistence unit 'default' 
25-09-21 00:04:14.639 [Thread-50] INFO  com.zaxxer.hikari.HikariDataSource - HikariPool-13 - Shutdown initiated... 
25-09-21 00:04:14.640 [Thread-50] INFO  com.zaxxer.hikari.HikariDataSource - HikariPool-13 - Shutdown completed. 
25-09-21 00:04:14.704 [restartedMain] INFO  c.v.vatManager.VatManagerApplication - Starting VatManagerApplication using Java 21.0.5 with PID 15280 (D:\SpringBoot  Projects\vatManager\target\classes started by neraz in D:\SpringBoot  Projects\vatManager) 
25-09-21 00:04:14.704 [restartedMain] INFO  c.v.vatManager.VatManagerApplication - No active profile set, falling back to 1 default profile: "default" 
25-09-21 00:04:14.825 [restartedMain] INFO  o.s.d.r.c.RepositoryConfigurationDelegate - Bootstrapping Spring Data JPA repositories in DEFAULT mode. 
25-09-21 00:04:14.835 [restartedMain] INFO  o.s.d.r.c.RepositoryConfigurationDelegate - Finished Spring Data repository scanning in 7 ms. Found 1 JPA repository interface. 
25-09-21 00:04:14.900 [restartedMain] INFO  o.s.b.w.e.tomcat.TomcatWebServer - Tomcat initialized with port 8080 (http) 
25-09-21 00:04:14.901 [restartedMain] INFO  o.a.coyote.http11.Http11NioProtocol - Initializing ProtocolHandler ["http-nio-8080"] 
25-09-21 00:04:14.901 [restartedMain] INFO  o.a.catalina.core.StandardService - Starting service [Tomcat] 
25-09-21 00:04:14.901 [restartedMain] INFO  o.a.catalina.core.StandardEngine - Starting Servlet engine: [Apache Tomcat/10.1.44] 
25-09-21 00:04:14.920 [restartedMain] INFO  o.a.c.c.C.[Tomcat-1].[localhost].[/] - Initializing Spring embedded WebApplicationContext 
25-09-21 00:04:14.921 [restartedMain] INFO  o.s.b.w.s.c.ServletWebServerApplicationContext - Root WebApplicationContext: initialization completed in 216 ms 
25-09-21 00:04:14.946 [restartedMain] INFO  o.h.jpa.internal.util.LogHelper - HHH000204: Processing PersistenceUnitInfo [name: default] 
25-09-21 00:04:14.948 [restartedMain] INFO  o.h.c.i.RegionFactoryInitiator - HHH000026: Second-level cache disabled 
25-09-21 00:04:14.952 [restartedMain] INFO  o.s.o.j.p.SpringPersistenceUnitInfo - No LoadTimeWeaver setup: ignoring JPA class transformer 
25-09-21 00:04:14.954 [restartedMain] INFO  com.zaxxer.hikari.HikariDataSource - HikariPool-14 - Starting... 
25-09-21 00:04:14.954 [restartedMain] INFO  com.zaxxer.hikari.pool.HikariPool - HikariPool-14 - Added connection org.sqlite.jdbc4.JDBC4Connection@22f14af0 
25-09-21 00:04:14.954 [restartedMain] INFO  com.zaxxer.hikari.HikariDataSource - HikariPool-14 - Start completed. 
25-09-21 00:04:14.956 [restartedMain] INFO  o.hibernate.orm.connections.pooling - HHH10001005: Database info:
	Database JDBC URL [Connecting through datasource 'HikariDataSource (HikariPool-14)']
	Database driver: undefined/unknown
	Database version: 3.50.3
	Autocommit mode: undefined/unknown
	Isolation level: undefined/unknown
	Minimum pool size: undefined/unknown
	Maximum pool size: undefined/unknown 
25-09-21 00:04:15.000 [restartedMain] INFO  o.h.e.t.j.p.i.JtaPlatformInitiator - HHH000489: No JTA platform available (set 'hibernate.transaction.jta.platform' to enable JTA platform integration) 
25-09-21 00:04:15.002 [restartedMain] INFO  o.s.o.j.LocalContainerEntityManagerFactoryBean - Initialized JPA EntityManagerFactory for persistence unit 'default' 
25-09-21 00:04:15.064 [restartedMain] WARN  o.s.b.a.o.j.JpaBaseConfiguration$JpaWebConfiguration - spring.jpa.open-in-view is enabled by default. Therefore, database queries may be performed during view rendering. Explicitly configure spring.jpa.open-in-view to disable this warning 
25-09-21 00:04:15.199 [restartedMain] INFO  o.s.b.d.a.OptionalLiveReloadServer - LiveReload server is running on port 35729 
25-09-21 00:04:15.207 [restartedMain] INFO  o.a.coyote.http11.Http11NioProtocol - Starting ProtocolHandler ["http-nio-8080"] 
25-09-21 00:04:15.210 [restartedMain] INFO  o.s.b.w.e.tomcat.TomcatWebServer - Tomcat started on port 8080 (http) with context path '/' 
25-09-21 00:04:15.212 [restartedMain] INFO  c.v.vatManager.VatManagerApplication - Started VatManagerApplication in 0.536 seconds (process running for 1235.853) 
25-09-21 00:04:15.213 [restartedMain] INFO  o.s.b.d.a.ConditionEvaluationDeltaLoggingListener - Condition evaluation unchanged 
25-09-21 00:04:19.020 [File Watcher] INFO  o.s.b.d.a.LocalDevToolsAutoConfiguration$RestartingClassPathChangeChangedEventListener - Restarting due to 23 class path changes (0 additions, 0 deletions, 23 modifications) 
25-09-21 00:04:19.021 [Thread-54] INFO  o.s.b.w.e.tomcat.GracefulShutdown - Commencing graceful shutdown. Waiting for active requests to complete 
25-09-21 00:04:19.022 [tomcat-shutdown] INFO  o.a.coyote.http11.Http11NioProtocol - Pausing ProtocolHandler ["http-nio-8080"] 
25-09-21 00:04:19.042 [tomcat-shutdown] INFO  o.s.b.w.e.tomcat.GracefulShutdown - Graceful shutdown complete 
25-09-21 00:04:19.042 [Thread-54] INFO  o.a.coyote.http11.Http11NioProtocol - Stopping ProtocolHandler ["http-nio-8080"] 
25-09-21 00:04:19.043 [Thread-54] INFO  o.s.o.j.LocalContainerEntityManagerFactoryBean - Closing JPA EntityManagerFactory for persistence unit 'default' 
25-09-21 00:04:19.044 [Thread-54] INFO  com.zaxxer.hikari.HikariDataSource - HikariPool-14 - Shutdown initiated... 
25-09-21 00:04:19.045 [Thread-54] INFO  com.zaxxer.hikari.HikariDataSource - HikariPool-14 - Shutdown completed. 
25-09-21 00:04:19.102 [restartedMain] INFO  c.v.vatManager.VatManagerApplication - Starting VatManagerApplication using Java 21.0.5 with PID 15280 (D:\SpringBoot  Projects\vatManager\target\classes started by neraz in D:\SpringBoot  Projects\vatManager) 
25-09-21 00:04:19.102 [restartedMain] INFO  c.v.vatManager.VatManagerApplication - No active profile set, falling back to 1 default profile: "default" 
25-09-21 00:04:19.216 [restartedMain] INFO  o.s.d.r.c.RepositoryConfigurationDelegate - Bootstrapping Spring Data JPA repositories in DEFAULT mode. 
25-09-21 00:04:19.224 [restartedMain] INFO  o.s.d.r.c.RepositoryConfigurationDelegate - Finished Spring Data repository scanning in 6 ms. Found 1 JPA repository interface. 
25-09-21 00:04:19.278 [restartedMain] INFO  o.s.b.w.e.tomcat.TomcatWebServer - Tomcat initialized with port 8080 (http) 
25-09-21 00:04:19.279 [restartedMain] INFO  o.a.coyote.http11.Http11NioProtocol - Initializing ProtocolHandler ["http-nio-8080"] 
25-09-21 00:04:19.279 [restartedMain] INFO  o.a.catalina.core.StandardService - Starting service [Tomcat] 
25-09-21 00:04:19.279 [restartedMain] INFO  o.a.catalina.core.StandardEngine - Starting Servlet engine: [Apache Tomcat/10.1.44] 
25-09-21 00:04:19.299 [restartedMain] INFO  o.a.c.c.C.[Tomcat-1].[localhost].[/] - Initializing Spring embedded WebApplicationContext 
25-09-21 00:04:19.299 [restartedMain] INFO  o.s.b.w.s.c.ServletWebServerApplicationContext - Root WebApplicationContext: initialization completed in 196 ms 
25-09-21 00:04:19.321 [restartedMain] INFO  o.h.jpa.internal.util.LogHelper - HHH000204: Processing PersistenceUnitInfo [name: default] 
25-09-21 00:04:19.323 [restartedMain] INFO  o.h.c.i.RegionFactoryInitiator - HHH000026: Second-level cache disabled 
25-09-21 00:04:19.327 [restartedMain] INFO  o.s.o.j.p.SpringPersistenceUnitInfo - No LoadTimeWeaver setup: ignoring JPA class transformer 
25-09-21 00:04:19.329 [restartedMain] INFO  com.zaxxer.hikari.HikariDataSource - HikariPool-15 - Starting... 
25-09-21 00:04:19.330 [restartedMain] INFO  com.zaxxer.hikari.pool.HikariPool - HikariPool-15 - Added connection org.sqlite.jdbc4.JDBC4Connection@2ad5647d 
25-09-21 00:04:19.330 [restartedMain] INFO  com.zaxxer.hikari.HikariDataSource - HikariPool-15 - Start completed. 
25-09-21 00:04:19.330 [restartedMain] INFO  o.hibernate.orm.connections.pooling - HHH10001005: Database info:
	Database JDBC URL [Connecting through datasource 'HikariDataSource (HikariPool-15)']
	Database driver: undefined/unknown
	Database version: 3.50.3
	Autocommit mode: undefined/unknown
	Isolation level: undefined/unknown
	Minimum pool size: undefined/unknown
	Maximum pool size: undefined/unknown 
25-09-21 00:04:19.364 [restartedMain] INFO  o.h.e.t.j.p.i.JtaPlatformInitiator - HHH000489: No JTA platform available (set 'hibernate.transaction.jta.platform' to enable JTA platform integration) 
25-09-21 00:04:19.366 [restartedMain] INFO  o.s.o.j.LocalContainerEntityManagerFactoryBean - Initialized JPA EntityManagerFactory for persistence unit 'default' 
25-09-21 00:04:19.412 [restartedMain] WARN  o.s.b.a.o.j.JpaBaseConfiguration$JpaWebConfiguration - spring.jpa.open-in-view is enabled by default. Therefore, database queries may be performed during view rendering. Explicitly configure spring.jpa.open-in-view to disable this warning 
25-09-21 00:04:19.484 [restartedMain] INFO  o.s.b.d.a.OptionalLiveReloadServer - LiveReload server is running on port 35729 
25-09-21 00:04:19.491 [restartedMain] INFO  o.a.coyote.http11.Http11NioProtocol - Starting ProtocolHandler ["http-nio-8080"] 
25-09-21 00:04:19.495 [restartedMain] INFO  o.s.b.w.e.tomcat.TomcatWebServer - Tomcat started on port 8080 (http) with context path '/' 
25-09-21 00:04:19.497 [restartedMain] INFO  c.v.vatManager.VatManagerApplication - Started VatManagerApplication in 0.415 seconds (process running for 1240.138) 
25-09-21 00:04:19.498 [restartedMain] INFO  o.s.b.d.a.ConditionEvaluationDeltaLoggingListener - Condition evaluation unchanged 
25-09-21 00:04:38.968 [File Watcher] INFO  o.s.b.d.a.LocalDevToolsAutoConfiguration$RestartingClassPathChangeChangedEventListener - Restarting due to 1 class path change (0 additions, 0 deletions, 1 modification) 
25-09-21 00:04:38.968 [Thread-58] INFO  o.s.b.w.e.tomcat.GracefulShutdown - Commencing graceful shutdown. Waiting for active requests to complete 
25-09-21 00:04:38.969 [tomcat-shutdown] INFO  o.a.coyote.http11.Http11NioProtocol - Pausing ProtocolHandler ["http-nio-8080"] 
25-09-21 00:04:38.991 [tomcat-shutdown] INFO  o.s.b.w.e.tomcat.GracefulShutdown - Graceful shutdown complete 
25-09-21 00:04:38.991 [Thread-58] INFO  o.a.coyote.http11.Http11NioProtocol - Stopping ProtocolHandler ["http-nio-8080"] 
25-09-21 00:04:38.992 [Thread-58] INFO  o.s.o.j.LocalContainerEntityManagerFactoryBean - Closing JPA EntityManagerFactory for persistence unit 'default' 
25-09-21 00:04:38.993 [Thread-58] INFO  com.zaxxer.hikari.HikariDataSource - HikariPool-15 - Shutdown initiated... 
25-09-21 00:04:38.993 [Thread-58] INFO  com.zaxxer.hikari.HikariDataSource - HikariPool-15 - Shutdown completed. 
25-09-21 00:04:39.046 [restartedMain] INFO  c.v.vatManager.VatManagerApplication - Starting VatManagerApplication using Java 21.0.5 with PID 15280 (D:\SpringBoot  Projects\vatManager\target\classes started by neraz in D:\SpringBoot  Projects\vatManager) 
25-09-21 00:04:39.046 [restartedMain] INFO  c.v.vatManager.VatManagerApplication - No active profile set, falling back to 1 default profile: "default" 
25-09-21 00:04:39.164 [restartedMain] INFO  o.s.d.r.c.RepositoryConfigurationDelegate - Bootstrapping Spring Data JPA repositories in DEFAULT mode. 
25-09-21 00:04:39.171 [restartedMain] INFO  o.s.d.r.c.RepositoryConfigurationDelegate - Finished Spring Data repository scanning in 6 ms. Found 1 JPA repository interface. 
25-09-21 00:04:39.225 [restartedMain] INFO  o.s.b.w.e.tomcat.TomcatWebServer - Tomcat initialized with port 8080 (http) 
25-09-21 00:04:39.225 [restartedMain] INFO  o.a.coyote.http11.Http11NioProtocol - Initializing ProtocolHandler ["http-nio-8080"] 
25-09-21 00:04:39.225 [restartedMain] INFO  o.a.catalina.core.StandardService - Starting service [Tomcat] 
25-09-21 00:04:39.225 [restartedMain] INFO  o.a.catalina.core.StandardEngine - Starting Servlet engine: [Apache Tomcat/10.1.44] 
25-09-21 00:04:39.244 [restartedMain] INFO  o.a.c.c.C.[Tomcat-1].[localhost].[/] - Initializing Spring embedded WebApplicationContext 
25-09-21 00:04:39.244 [restartedMain] INFO  o.s.b.w.s.c.ServletWebServerApplicationContext - Root WebApplicationContext: initialization completed in 197 ms 
25-09-21 00:04:39.266 [restartedMain] INFO  o.h.jpa.internal.util.LogHelper - HHH000204: Processing PersistenceUnitInfo [name: default] 
25-09-21 00:04:39.269 [restartedMain] INFO  o.h.c.i.RegionFactoryInitiator - HHH000026: Second-level cache disabled 
25-09-21 00:04:39.274 [restartedMain] INFO  o.s.o.j.p.SpringPersistenceUnitInfo - No LoadTimeWeaver setup: ignoring JPA class transformer 
25-09-21 00:04:39.274 [restartedMain] INFO  com.zaxxer.hikari.HikariDataSource - HikariPool-16 - Starting... 
25-09-21 00:04:39.276 [restartedMain] INFO  com.zaxxer.hikari.pool.HikariPool - HikariPool-16 - Added connection org.sqlite.jdbc4.JDBC4Connection@24b3fa2c 
25-09-21 00:04:39.276 [restartedMain] INFO  com.zaxxer.hikari.HikariDataSource - HikariPool-16 - Start completed. 
25-09-21 00:04:39.276 [restartedMain] INFO  o.hibernate.orm.connections.pooling - HHH10001005: Database info:
	Database JDBC URL [Connecting through datasource 'HikariDataSource (HikariPool-16)']
	Database driver: undefined/unknown
	Database version: 3.50.3
	Autocommit mode: undefined/unknown
	Isolation level: undefined/unknown
	Minimum pool size: undefined/unknown
	Maximum pool size: undefined/unknown 
25-09-21 00:04:39.315 [restartedMain] INFO  o.h.e.t.j.p.i.JtaPlatformInitiator - HHH000489: No JTA platform available (set 'hibernate.transaction.jta.platform' to enable JTA platform integration) 
25-09-21 00:04:39.317 [restartedMain] INFO  o.s.o.j.LocalContainerEntityManagerFactoryBean - Initialized JPA EntityManagerFactory for persistence unit 'default' 
25-09-21 00:04:39.361 [restartedMain] WARN  o.s.b.a.o.j.JpaBaseConfiguration$JpaWebConfiguration - spring.jpa.open-in-view is enabled by default. Therefore, database queries may be performed during view rendering. Explicitly configure spring.jpa.open-in-view to disable this warning 
25-09-21 00:04:39.437 [restartedMain] INFO  o.s.b.d.a.OptionalLiveReloadServer - LiveReload server is running on port 35729 
25-09-21 00:04:39.444 [restartedMain] INFO  o.a.coyote.http11.Http11NioProtocol - Starting ProtocolHandler ["http-nio-8080"] 
25-09-21 00:04:39.446 [restartedMain] INFO  o.s.b.w.e.tomcat.TomcatWebServer - Tomcat started on port 8080 (http) with context path '/' 
25-09-21 00:04:39.450 [restartedMain] INFO  c.v.vatManager.VatManagerApplication - Started VatManagerApplication in 0.421 seconds (process running for 1260.09) 
25-09-21 00:04:39.451 [restartedMain] INFO  o.s.b.d.a.ConditionEvaluationDeltaLoggingListener - Condition evaluation unchanged 
25-09-21 00:05:00.134 [File Watcher] INFO  o.s.b.d.a.LocalDevToolsAutoConfiguration$RestartingClassPathChangeChangedEventListener - Restarting due to 1 class path change (0 additions, 0 deletions, 1 modification) 
25-09-21 00:05:00.135 [Thread-62] INFO  o.s.b.w.e.tomcat.GracefulShutdown - Commencing graceful shutdown. Waiting for active requests to complete 
25-09-21 00:05:00.136 [tomcat-shutdown] INFO  o.a.coyote.http11.Http11NioProtocol - Pausing ProtocolHandler ["http-nio-8080"] 
25-09-21 00:05:00.156 [tomcat-shutdown] INFO  o.s.b.w.e.tomcat.GracefulShutdown - Graceful shutdown complete 
25-09-21 00:05:00.156 [Thread-62] INFO  o.a.coyote.http11.Http11NioProtocol - Stopping ProtocolHandler ["http-nio-8080"] 
25-09-21 00:05:00.158 [Thread-62] INFO  o.s.o.j.LocalContainerEntityManagerFactoryBean - Closing JPA EntityManagerFactory for persistence unit 'default' 
25-09-21 00:05:00.158 [Thread-62] INFO  com.zaxxer.hikari.HikariDataSource - HikariPool-16 - Shutdown initiated... 
25-09-21 00:05:00.159 [Thread-62] INFO  com.zaxxer.hikari.HikariDataSource - HikariPool-16 - Shutdown completed. 
25-09-21 00:05:00.210 [restartedMain] INFO  c.v.vatManager.VatManagerApplication - Starting VatManagerApplication using Java 21.0.5 with PID 15280 (D:\SpringBoot  Projects\vatManager\target\classes started by neraz in D:\SpringBoot  Projects\vatManager) 
25-09-21 00:05:00.210 [restartedMain] INFO  c.v.vatManager.VatManagerApplication - No active profile set, falling back to 1 default profile: "default" 
25-09-21 00:05:00.325 [restartedMain] INFO  o.s.d.r.c.RepositoryConfigurationDelegate - Bootstrapping Spring Data JPA repositories in DEFAULT mode. 
25-09-21 00:05:00.332 [restartedMain] INFO  o.s.d.r.c.RepositoryConfigurationDelegate - Finished Spring Data repository scanning in 7 ms. Found 1 JPA repository interface. 
25-09-21 00:05:00.389 [restartedMain] INFO  o.s.b.w.e.tomcat.TomcatWebServer - Tomcat initialized with port 8080 (http) 
25-09-21 00:05:00.390 [restartedMain] INFO  o.a.coyote.http11.Http11NioProtocol - Initializing ProtocolHandler ["http-nio-8080"] 
25-09-21 00:05:00.390 [restartedMain] INFO  o.a.catalina.core.StandardService - Starting service [Tomcat] 
25-09-21 00:05:00.390 [restartedMain] INFO  o.a.catalina.core.StandardEngine - Starting Servlet engine: [Apache Tomcat/10.1.44] 
25-09-21 00:05:00.409 [restartedMain] INFO  o.a.c.c.C.[Tomcat-1].[localhost].[/] - Initializing Spring embedded WebApplicationContext 
25-09-21 00:05:00.409 [restartedMain] INFO  o.s.b.w.s.c.ServletWebServerApplicationContext - Root WebApplicationContext: initialization completed in 197 ms 
25-09-21 00:05:00.430 [restartedMain] INFO  o.h.jpa.internal.util.LogHelper - HHH000204: Processing PersistenceUnitInfo [name: default] 
25-09-21 00:05:00.432 [restartedMain] INFO  o.h.c.i.RegionFactoryInitiator - HHH000026: Second-level cache disabled 
25-09-21 00:05:00.437 [restartedMain] INFO  o.s.o.j.p.SpringPersistenceUnitInfo - No LoadTimeWeaver setup: ignoring JPA class transformer 
25-09-21 00:05:00.438 [restartedMain] INFO  com.zaxxer.hikari.HikariDataSource - HikariPool-17 - Starting... 
25-09-21 00:05:00.439 [restartedMain] INFO  com.zaxxer.hikari.pool.HikariPool - HikariPool-17 - Added connection org.sqlite.jdbc4.JDBC4Connection@71f37048 
25-09-21 00:05:00.439 [restartedMain] INFO  com.zaxxer.hikari.HikariDataSource - HikariPool-17 - Start completed. 
25-09-21 00:05:00.439 [restartedMain] INFO  o.hibernate.orm.connections.pooling - HHH10001005: Database info:
	Database JDBC URL [Connecting through datasource 'HikariDataSource (HikariPool-17)']
	Database driver: undefined/unknown
	Database version: 3.50.3
	Autocommit mode: undefined/unknown
	Isolation level: undefined/unknown
	Minimum pool size: undefined/unknown
	Maximum pool size: undefined/unknown 
25-09-21 00:05:00.476 [restartedMain] INFO  o.h.e.t.j.p.i.JtaPlatformInitiator - HHH000489: No JTA platform available (set 'hibernate.transaction.jta.platform' to enable JTA platform integration) 
25-09-21 00:05:00.479 [restartedMain] INFO  o.s.o.j.LocalContainerEntityManagerFactoryBean - Initialized JPA EntityManagerFactory for persistence unit 'default' 
25-09-21 00:05:00.521 [restartedMain] WARN  o.s.b.a.o.j.JpaBaseConfiguration$JpaWebConfiguration - spring.jpa.open-in-view is enabled by default. Therefore, database queries may be performed during view rendering. Explicitly configure spring.jpa.open-in-view to disable this warning 
25-09-21 00:05:00.595 [restartedMain] INFO  o.s.b.d.a.OptionalLiveReloadServer - LiveReload server is running on port 35729 
25-09-21 00:05:00.602 [restartedMain] INFO  o.a.coyote.http11.Http11NioProtocol - Starting ProtocolHandler ["http-nio-8080"] 
25-09-21 00:05:00.605 [restartedMain] INFO  o.s.b.w.e.tomcat.TomcatWebServer - Tomcat started on port 8080 (http) with context path '/' 
25-09-21 00:05:00.608 [restartedMain] INFO  c.v.vatManager.VatManagerApplication - Started VatManagerApplication in 0.415 seconds (process running for 1281.248) 
25-09-21 00:05:00.609 [restartedMain] INFO  o.s.b.d.a.ConditionEvaluationDeltaLoggingListener - Condition evaluation unchanged 
25-09-21 00:05:15.192 [File Watcher] INFO  o.s.b.d.a.LocalDevToolsAutoConfiguration$RestartingClassPathChangeChangedEventListener - Restarting due to 1 class path change (0 additions, 0 deletions, 1 modification) 
25-09-21 00:05:15.192 [Thread-66] INFO  o.s.b.w.e.tomcat.GracefulShutdown - Commencing graceful shutdown. Waiting for active requests to complete 
25-09-21 00:05:15.193 [tomcat-shutdown] INFO  o.a.coyote.http11.Http11NioProtocol - Pausing ProtocolHandler ["http-nio-8080"] 
25-09-21 00:05:15.214 [tomcat-shutdown] INFO  o.s.b.w.e.tomcat.GracefulShutdown - Graceful shutdown complete 
25-09-21 00:05:15.214 [Thread-66] INFO  o.a.coyote.http11.Http11NioProtocol - Stopping ProtocolHandler ["http-nio-8080"] 
25-09-21 00:05:15.214 [Thread-66] INFO  o.s.o.j.LocalContainerEntityManagerFactoryBean - Closing JPA EntityManagerFactory for persistence unit 'default' 
25-09-21 00:05:15.215 [Thread-66] INFO  com.zaxxer.hikari.HikariDataSource - HikariPool-17 - Shutdown initiated... 
25-09-21 00:05:15.215 [Thread-66] INFO  com.zaxxer.hikari.HikariDataSource - HikariPool-17 - Shutdown completed. 
25-09-21 00:05:15.266 [restartedMain] INFO  c.v.vatManager.VatManagerApplication - Starting VatManagerApplication using Java 21.0.5 with PID 15280 (D:\SpringBoot  Projects\vatManager\target\classes started by neraz in D:\SpringBoot  Projects\vatManager) 
25-09-21 00:05:15.266 [restartedMain] INFO  c.v.vatManager.VatManagerApplication - No active profile set, falling back to 1 default profile: "default" 
25-09-21 00:05:15.375 [restartedMain] INFO  o.s.d.r.c.RepositoryConfigurationDelegate - Bootstrapping Spring Data JPA repositories in DEFAULT mode. 
25-09-21 00:05:15.384 [restartedMain] INFO  o.s.d.r.c.RepositoryConfigurationDelegate - Finished Spring Data repository scanning in 7 ms. Found 1 JPA repository interface. 
25-09-21 00:05:15.438 [restartedMain] INFO  o.s.b.w.e.tomcat.TomcatWebServer - Tomcat initialized with port 8080 (http) 
25-09-21 00:05:15.439 [restartedMain] INFO  o.a.coyote.http11.Http11NioProtocol - Initializing ProtocolHandler ["http-nio-8080"] 
25-09-21 00:05:15.439 [restartedMain] INFO  o.a.catalina.core.StandardService - Starting service [Tomcat] 
25-09-21 00:05:15.439 [restartedMain] INFO  o.a.catalina.core.StandardEngine - Starting Servlet engine: [Apache Tomcat/10.1.44] 
25-09-21 00:05:15.460 [restartedMain] INFO  o.a.c.c.C.[Tomcat-1].[localhost].[/] - Initializing Spring embedded WebApplicationContext 
25-09-21 00:05:15.460 [restartedMain] INFO  o.s.b.w.s.c.ServletWebServerApplicationContext - Root WebApplicationContext: initialization completed in 192 ms 
25-09-21 00:05:15.481 [restartedMain] INFO  o.h.jpa.internal.util.LogHelper - HHH000204: Processing PersistenceUnitInfo [name: default] 
25-09-21 00:05:15.484 [restartedMain] INFO  o.h.c.i.RegionFactoryInitiator - HHH000026: Second-level cache disabled 
25-09-21 00:05:15.488 [restartedMain] INFO  o.s.o.j.p.SpringPersistenceUnitInfo - No LoadTimeWeaver setup: ignoring JPA class transformer 
25-09-21 00:05:15.489 [restartedMain] INFO  com.zaxxer.hikari.HikariDataSource - HikariPool-18 - Starting... 
25-09-21 00:05:15.490 [restartedMain] INFO  com.zaxxer.hikari.pool.HikariPool - HikariPool-18 - Added connection org.sqlite.jdbc4.JDBC4Connection@317055c6 
25-09-21 00:05:15.490 [restartedMain] INFO  com.zaxxer.hikari.HikariDataSource - HikariPool-18 - Start completed. 
25-09-21 00:05:15.491 [restartedMain] INFO  o.hibernate.orm.connections.pooling - HHH10001005: Database info:
	Database JDBC URL [Connecting through datasource 'HikariDataSource (HikariPool-18)']
	Database driver: undefined/unknown
	Database version: 3.50.3
	Autocommit mode: undefined/unknown
	Isolation level: undefined/unknown
	Minimum pool size: undefined/unknown
	Maximum pool size: undefined/unknown 
25-09-21 00:05:15.534 [restartedMain] INFO  o.h.e.t.j.p.i.JtaPlatformInitiator - HHH000489: No JTA platform available (set 'hibernate.transaction.jta.platform' to enable JTA platform integration) 
25-09-21 00:05:15.536 [restartedMain] INFO  o.s.o.j.LocalContainerEntityManagerFactoryBean - Initialized JPA EntityManagerFactory for persistence unit 'default' 
25-09-21 00:05:15.579 [restartedMain] WARN  o.s.b.a.o.j.JpaBaseConfiguration$JpaWebConfiguration - spring.jpa.open-in-view is enabled by default. Therefore, database queries may be performed during view rendering. Explicitly configure spring.jpa.open-in-view to disable this warning 
25-09-21 00:05:15.652 [restartedMain] INFO  o.s.b.d.a.OptionalLiveReloadServer - LiveReload server is running on port 35729 
25-09-21 00:05:15.658 [restartedMain] INFO  o.a.coyote.http11.Http11NioProtocol - Starting ProtocolHandler ["http-nio-8080"] 
25-09-21 00:05:15.662 [restartedMain] INFO  o.s.b.w.e.tomcat.TomcatWebServer - Tomcat started on port 8080 (http) with context path '/' 
25-09-21 00:05:15.664 [restartedMain] INFO  c.v.vatManager.VatManagerApplication - Started VatManagerApplication in 0.414 seconds (process running for 1296.305) 
25-09-21 00:05:15.665 [restartedMain] INFO  o.s.b.d.a.ConditionEvaluationDeltaLoggingListener - Condition evaluation unchanged 
25-09-21 00:05:26.200 [File Watcher] INFO  o.s.b.d.a.LocalDevToolsAutoConfiguration$RestartingClassPathChangeChangedEventListener - Restarting due to 1 class path change (0 additions, 0 deletions, 1 modification) 
25-09-21 00:05:26.201 [Thread-70] INFO  o.s.b.w.e.tomcat.GracefulShutdown - Commencing graceful shutdown. Waiting for active requests to complete 
25-09-21 00:05:26.201 [tomcat-shutdown] INFO  o.a.coyote.http11.Http11NioProtocol - Pausing ProtocolHandler ["http-nio-8080"] 
25-09-21 00:05:26.221 [tomcat-shutdown] INFO  o.s.b.w.e.tomcat.GracefulShutdown - Graceful shutdown complete 
25-09-21 00:05:26.221 [Thread-70] INFO  o.a.coyote.http11.Http11NioProtocol - Stopping ProtocolHandler ["http-nio-8080"] 
25-09-21 00:05:26.222 [Thread-70] INFO  o.s.o.j.LocalContainerEntityManagerFactoryBean - Closing JPA EntityManagerFactory for persistence unit 'default' 
25-09-21 00:05:26.223 [Thread-70] INFO  com.zaxxer.hikari.HikariDataSource - HikariPool-18 - Shutdown initiated... 
25-09-21 00:05:26.223 [Thread-70] INFO  com.zaxxer.hikari.HikariDataSource - HikariPool-18 - Shutdown completed. 
25-09-21 00:05:26.277 [restartedMain] INFO  c.v.vatManager.VatManagerApplication - Starting VatManagerApplication using Java 21.0.5 with PID 15280 (D:\SpringBoot  Projects\vatManager\target\classes started by neraz in D:\SpringBoot  Projects\vatManager) 
25-09-21 00:05:26.277 [restartedMain] INFO  c.v.vatManager.VatManagerApplication - No active profile set, falling back to 1 default profile: "default" 
25-09-21 00:05:26.391 [restartedMain] INFO  o.s.d.r.c.RepositoryConfigurationDelegate - Bootstrapping Spring Data JPA repositories in DEFAULT mode. 
25-09-21 00:05:26.398 [restartedMain] INFO  o.s.d.r.c.RepositoryConfigurationDelegate - Finished Spring Data repository scanning in 6 ms. Found 1 JPA repository interface. 
25-09-21 00:05:26.452 [restartedMain] INFO  o.s.b.w.e.tomcat.TomcatWebServer - Tomcat initialized with port 8080 (http) 
25-09-21 00:05:26.452 [restartedMain] INFO  o.a.coyote.http11.Http11NioProtocol - Initializing ProtocolHandler ["http-nio-8080"] 
25-09-21 00:05:26.452 [restartedMain] INFO  o.a.catalina.core.StandardService - Starting service [Tomcat] 
25-09-21 00:05:26.452 [restartedMain] INFO  o.a.catalina.core.StandardEngine - Starting Servlet engine: [Apache Tomcat/10.1.44] 
25-09-21 00:05:26.472 [restartedMain] INFO  o.a.c.c.C.[Tomcat-1].[localhost].[/] - Initializing Spring embedded WebApplicationContext 
25-09-21 00:05:26.472 [restartedMain] INFO  o.s.b.w.s.c.ServletWebServerApplicationContext - Root WebApplicationContext: initialization completed in 194 ms 
25-09-21 00:05:26.494 [restartedMain] INFO  o.h.jpa.internal.util.LogHelper - HHH000204: Processing PersistenceUnitInfo [name: default] 
25-09-21 00:05:26.496 [restartedMain] INFO  o.h.c.i.RegionFactoryInitiator - HHH000026: Second-level cache disabled 
25-09-21 00:05:26.500 [restartedMain] INFO  o.s.o.j.p.SpringPersistenceUnitInfo - No LoadTimeWeaver setup: ignoring JPA class transformer 
25-09-21 00:05:26.501 [restartedMain] INFO  com.zaxxer.hikari.HikariDataSource - HikariPool-19 - Starting... 
25-09-21 00:05:26.502 [restartedMain] INFO  com.zaxxer.hikari.pool.HikariPool - HikariPool-19 - Added connection org.sqlite.jdbc4.JDBC4Connection@45d546e 
25-09-21 00:05:26.502 [restartedMain] INFO  com.zaxxer.hikari.HikariDataSource - HikariPool-19 - Start completed. 
25-09-21 00:05:26.503 [restartedMain] INFO  o.hibernate.orm.connections.pooling - HHH10001005: Database info:
	Database JDBC URL [Connecting through datasource 'HikariDataSource (HikariPool-19)']
	Database driver: undefined/unknown
	Database version: 3.50.3
	Autocommit mode: undefined/unknown
	Isolation level: undefined/unknown
	Minimum pool size: undefined/unknown
	Maximum pool size: undefined/unknown 
25-09-21 00:05:26.541 [restartedMain] INFO  o.h.e.t.j.p.i.JtaPlatformInitiator - HHH000489: No JTA platform available (set 'hibernate.transaction.jta.platform' to enable JTA platform integration) 
25-09-21 00:05:26.543 [restartedMain] INFO  o.s.o.j.LocalContainerEntityManagerFactoryBean - Initialized JPA EntityManagerFactory for persistence unit 'default' 
25-09-21 00:05:26.588 [restartedMain] WARN  o.s.b.a.o.j.JpaBaseConfiguration$JpaWebConfiguration - spring.jpa.open-in-view is enabled by default. Therefore, database queries may be performed during view rendering. Explicitly configure spring.jpa.open-in-view to disable this warning 
25-09-21 00:05:26.662 [restartedMain] INFO  o.s.b.d.a.OptionalLiveReloadServer - LiveReload server is running on port 35729 
25-09-21 00:05:26.668 [restartedMain] INFO  o.a.coyote.http11.Http11NioProtocol - Starting ProtocolHandler ["http-nio-8080"] 
25-09-21 00:05:26.671 [restartedMain] INFO  o.s.b.w.e.tomcat.TomcatWebServer - Tomcat started on port 8080 (http) with context path '/' 
25-09-21 00:05:26.674 [restartedMain] INFO  c.v.vatManager.VatManagerApplication - Started VatManagerApplication in 0.414 seconds (process running for 1307.315) 
25-09-21 00:05:26.676 [restartedMain] INFO  o.s.b.d.a.ConditionEvaluationDeltaLoggingListener - Condition evaluation unchanged 
25-09-21 00:05:42.288 [File Watcher] INFO  o.s.b.d.a.LocalDevToolsAutoConfiguration$RestartingClassPathChangeChangedEventListener - Restarting due to 1 class path change (0 additions, 0 deletions, 1 modification) 
25-09-21 00:05:42.289 [Thread-74] INFO  o.s.b.w.e.tomcat.GracefulShutdown - Commencing graceful shutdown. Waiting for active requests to complete 
25-09-21 00:05:42.290 [tomcat-shutdown] INFO  o.a.coyote.http11.Http11NioProtocol - Pausing ProtocolHandler ["http-nio-8080"] 
25-09-21 00:05:42.310 [tomcat-shutdown] INFO  o.s.b.w.e.tomcat.GracefulShutdown - Graceful shutdown complete 
25-09-21 00:05:42.310 [Thread-74] INFO  o.a.coyote.http11.Http11NioProtocol - Stopping ProtocolHandler ["http-nio-8080"] 
25-09-21 00:05:42.311 [Thread-74] INFO  o.s.o.j.LocalContainerEntityManagerFactoryBean - Closing JPA EntityManagerFactory for persistence unit 'default' 
25-09-21 00:05:42.312 [Thread-74] INFO  com.zaxxer.hikari.HikariDataSource - HikariPool-19 - Shutdown initiated... 
25-09-21 00:05:42.313 [Thread-74] INFO  com.zaxxer.hikari.HikariDataSource - HikariPool-19 - Shutdown completed. 
25-09-21 00:05:42.365 [restartedMain] INFO  c.v.vatManager.VatManagerApplication - Starting VatManagerApplication using Java 21.0.5 with PID 15280 (D:\SpringBoot  Projects\vatManager\target\classes started by neraz in D:\SpringBoot  Projects\vatManager) 
25-09-21 00:05:42.365 [restartedMain] INFO  c.v.vatManager.VatManagerApplication - No active profile set, falling back to 1 default profile: "default" 
25-09-21 00:05:42.484 [restartedMain] INFO  o.s.d.r.c.RepositoryConfigurationDelegate - Bootstrapping Spring Data JPA repositories in DEFAULT mode. 
25-09-21 00:05:42.492 [restartedMain] INFO  o.s.d.r.c.RepositoryConfigurationDelegate - Finished Spring Data repository scanning in 7 ms. Found 1 JPA repository interface. 
25-09-21 00:05:42.551 [restartedMain] INFO  o.s.b.w.e.tomcat.TomcatWebServer - Tomcat initialized with port 8080 (http) 
25-09-21 00:05:42.552 [restartedMain] INFO  o.a.coyote.http11.Http11NioProtocol - Initializing ProtocolHandler ["http-nio-8080"] 
25-09-21 00:05:42.552 [restartedMain] INFO  o.a.catalina.core.StandardService - Starting service [Tomcat] 
25-09-21 00:05:42.552 [restartedMain] INFO  o.a.catalina.core.StandardEngine - Starting Servlet engine: [Apache Tomcat/10.1.44] 
25-09-21 00:05:42.572 [restartedMain] INFO  o.a.c.c.C.[Tomcat-1].[localhost].[/] - Initializing Spring embedded WebApplicationContext 
25-09-21 00:05:42.572 [restartedMain] INFO  o.s.b.w.s.c.ServletWebServerApplicationContext - Root WebApplicationContext: initialization completed in 206 ms 
25-09-21 00:05:42.594 [restartedMain] INFO  o.h.jpa.internal.util.LogHelper - HHH000204: Processing PersistenceUnitInfo [name: default] 
25-09-21 00:05:42.597 [restartedMain] INFO  o.h.c.i.RegionFactoryInitiator - HHH000026: Second-level cache disabled 
25-09-21 00:05:42.602 [restartedMain] INFO  o.s.o.j.p.SpringPersistenceUnitInfo - No LoadTimeWeaver setup: ignoring JPA class transformer 
25-09-21 00:05:42.603 [restartedMain] INFO  com.zaxxer.hikari.HikariDataSource - HikariPool-20 - Starting... 
25-09-21 00:05:42.604 [restartedMain] INFO  com.zaxxer.hikari.pool.HikariPool - HikariPool-20 - Added connection org.sqlite.jdbc4.JDBC4Connection@53778e5a 
25-09-21 00:05:42.604 [restartedMain] INFO  com.zaxxer.hikari.HikariDataSource - HikariPool-20 - Start completed. 
25-09-21 00:05:42.604 [restartedMain] INFO  o.hibernate.orm.connections.pooling - HHH10001005: Database info:
	Database JDBC URL [Connecting through datasource 'HikariDataSource (HikariPool-20)']
	Database driver: undefined/unknown
	Database version: 3.50.3
	Autocommit mode: undefined/unknown
	Isolation level: undefined/unknown
	Minimum pool size: undefined/unknown
	Maximum pool size: undefined/unknown 
25-09-21 00:05:42.638 [restartedMain] INFO  o.h.e.t.j.p.i.JtaPlatformInitiator - HHH000489: No JTA platform available (set 'hibernate.transaction.jta.platform' to enable JTA platform integration) 
25-09-21 00:05:42.640 [restartedMain] INFO  o.s.o.j.LocalContainerEntityManagerFactoryBean - Initialized JPA EntityManagerFactory for persistence unit 'default' 
25-09-21 00:05:42.683 [restartedMain] WARN  o.s.b.a.o.j.JpaBaseConfiguration$JpaWebConfiguration - spring.jpa.open-in-view is enabled by default. Therefore, database queries may be performed during view rendering. Explicitly configure spring.jpa.open-in-view to disable this warning 
25-09-21 00:05:42.760 [restartedMain] INFO  o.s.b.d.a.OptionalLiveReloadServer - LiveReload server is running on port 35729 
25-09-21 00:05:42.766 [restartedMain] INFO  o.a.coyote.http11.Http11NioProtocol - Starting ProtocolHandler ["http-nio-8080"] 
25-09-21 00:05:42.768 [restartedMain] INFO  o.s.b.w.e.tomcat.TomcatWebServer - Tomcat started on port 8080 (http) with context path '/' 
25-09-21 00:05:42.771 [restartedMain] INFO  c.v.vatManager.VatManagerApplication - Started VatManagerApplication in 0.424 seconds (process running for 1323.412) 
25-09-21 00:05:42.773 [restartedMain] INFO  o.s.b.d.a.ConditionEvaluationDeltaLoggingListener - Condition evaluation unchanged 
25-09-21 00:06:02.416 [File Watcher] INFO  o.s.b.d.a.LocalDevToolsAutoConfiguration$RestartingClassPathChangeChangedEventListener - Restarting due to 1 class path change (0 additions, 0 deletions, 1 modification) 
25-09-21 00:06:02.417 [Thread-78] INFO  o.s.b.w.e.tomcat.GracefulShutdown - Commencing graceful shutdown. Waiting for active requests to complete 
25-09-21 00:06:02.417 [tomcat-shutdown] INFO  o.a.coyote.http11.Http11NioProtocol - Pausing ProtocolHandler ["http-nio-8080"] 
25-09-21 00:06:02.439 [tomcat-shutdown] INFO  o.s.b.w.e.tomcat.GracefulShutdown - Graceful shutdown complete 
25-09-21 00:06:02.439 [Thread-78] INFO  o.a.coyote.http11.Http11NioProtocol - Stopping ProtocolHandler ["http-nio-8080"] 
25-09-21 00:06:02.440 [Thread-78] INFO  o.s.o.j.LocalContainerEntityManagerFactoryBean - Closing JPA EntityManagerFactory for persistence unit 'default' 
25-09-21 00:06:02.441 [Thread-78] INFO  com.zaxxer.hikari.HikariDataSource - HikariPool-20 - Shutdown initiated... 
25-09-21 00:06:02.441 [Thread-78] INFO  com.zaxxer.hikari.HikariDataSource - HikariPool-20 - Shutdown completed. 
25-09-21 00:06:02.492 [restartedMain] INFO  c.v.vatManager.VatManagerApplication - Starting VatManagerApplication using Java 21.0.5 with PID 15280 (D:\SpringBoot  Projects\vatManager\target\classes started by neraz in D:\SpringBoot  Projects\vatManager) 
25-09-21 00:06:02.492 [restartedMain] INFO  c.v.vatManager.VatManagerApplication - No active profile set, falling back to 1 default profile: "default" 
25-09-21 00:06:02.606 [restartedMain] INFO  o.s.d.r.c.RepositoryConfigurationDelegate - Bootstrapping Spring Data JPA repositories in DEFAULT mode. 
25-09-21 00:06:02.612 [restartedMain] INFO  o.s.d.r.c.RepositoryConfigurationDelegate - Finished Spring Data repository scanning in 6 ms. Found 1 JPA repository interface. 
25-09-21 00:06:02.669 [restartedMain] INFO  o.s.b.w.e.tomcat.TomcatWebServer - Tomcat initialized with port 8080 (http) 
25-09-21 00:06:02.669 [restartedMain] INFO  o.a.coyote.http11.Http11NioProtocol - Initializing ProtocolHandler ["http-nio-8080"] 
25-09-21 00:06:02.669 [restartedMain] INFO  o.a.catalina.core.StandardService - Starting service [Tomcat] 
25-09-21 00:06:02.670 [restartedMain] INFO  o.a.catalina.core.StandardEngine - Starting Servlet engine: [Apache Tomcat/10.1.44] 
25-09-21 00:06:02.689 [restartedMain] INFO  o.a.c.c.C.[Tomcat-1].[localhost].[/] - Initializing Spring embedded WebApplicationContext 
25-09-21 00:06:02.689 [restartedMain] INFO  o.s.b.w.s.c.ServletWebServerApplicationContext - Root WebApplicationContext: initialization completed in 195 ms 
25-09-21 00:06:02.713 [restartedMain] INFO  o.h.jpa.internal.util.LogHelper - HHH000204: Processing PersistenceUnitInfo [name: default] 
25-09-21 00:06:02.715 [restartedMain] INFO  o.h.c.i.RegionFactoryInitiator - HHH000026: Second-level cache disabled 
25-09-21 00:06:02.719 [restartedMain] INFO  o.s.o.j.p.SpringPersistenceUnitInfo - No LoadTimeWeaver setup: ignoring JPA class transformer 
25-09-21 00:06:02.721 [restartedMain] INFO  com.zaxxer.hikari.HikariDataSource - HikariPool-21 - Starting... 
25-09-21 00:06:02.721 [restartedMain] INFO  com.zaxxer.hikari.pool.HikariPool - HikariPool-21 - Added connection org.sqlite.jdbc4.JDBC4Connection@333609c7 
25-09-21 00:06:02.721 [restartedMain] INFO  com.zaxxer.hikari.HikariDataSource - HikariPool-21 - Start completed. 
25-09-21 00:06:02.722 [restartedMain] INFO  o.hibernate.orm.connections.pooling - HHH10001005: Database info:
	Database JDBC URL [Connecting through datasource 'HikariDataSource (HikariPool-21)']
	Database driver: undefined/unknown
	Database version: 3.50.3
	Autocommit mode: undefined/unknown
	Isolation level: undefined/unknown
	Minimum pool size: undefined/unknown
	Maximum pool size: undefined/unknown 
25-09-21 00:06:02.757 [restartedMain] INFO  o.h.e.t.j.p.i.JtaPlatformInitiator - HHH000489: No JTA platform available (set 'hibernate.transaction.jta.platform' to enable JTA platform integration) 
25-09-21 00:06:02.759 [restartedMain] INFO  o.s.o.j.LocalContainerEntityManagerFactoryBean - Initialized JPA EntityManagerFactory for persistence unit 'default' 
25-09-21 00:06:02.803 [restartedMain] WARN  o.s.b.a.o.j.JpaBaseConfiguration$JpaWebConfiguration - spring.jpa.open-in-view is enabled by default. Therefore, database queries may be performed during view rendering. Explicitly configure spring.jpa.open-in-view to disable this warning 
25-09-21 00:06:02.874 [restartedMain] INFO  o.s.b.d.a.OptionalLiveReloadServer - LiveReload server is running on port 35729 
25-09-21 00:06:02.882 [restartedMain] INFO  o.a.coyote.http11.Http11NioProtocol - Starting ProtocolHandler ["http-nio-8080"] 
25-09-21 00:06:02.885 [restartedMain] INFO  o.s.b.w.e.tomcat.TomcatWebServer - Tomcat started on port 8080 (http) with context path '/' 
25-09-21 00:06:02.887 [restartedMain] INFO  c.v.vatManager.VatManagerApplication - Started VatManagerApplication in 0.411 seconds (process running for 1343.528) 
25-09-21 00:06:02.888 [restartedMain] INFO  o.s.b.d.a.ConditionEvaluationDeltaLoggingListener - Condition evaluation unchanged 
25-09-21 00:08:06.022 [File Watcher] INFO  o.s.b.d.a.LocalDevToolsAutoConfiguration$RestartingClassPathChangeChangedEventListener - Restarting due to 1 class path change (0 additions, 0 deletions, 1 modification) 
25-09-21 00:08:06.023 [Thread-82] INFO  o.s.b.w.e.tomcat.GracefulShutdown - Commencing graceful shutdown. Waiting for active requests to complete 
25-09-21 00:08:06.024 [tomcat-shutdown] INFO  o.a.coyote.http11.Http11NioProtocol - Pausing ProtocolHandler ["http-nio-8080"] 
25-09-21 00:08:06.043 [tomcat-shutdown] INFO  o.s.b.w.e.tomcat.GracefulShutdown - Graceful shutdown complete 
25-09-21 00:08:06.044 [Thread-82] INFO  o.a.coyote.http11.Http11NioProtocol - Stopping ProtocolHandler ["http-nio-8080"] 
25-09-21 00:08:06.045 [Thread-82] INFO  o.s.o.j.LocalContainerEntityManagerFactoryBean - Closing JPA EntityManagerFactory for persistence unit 'default' 
25-09-21 00:08:06.046 [Thread-82] INFO  com.zaxxer.hikari.HikariDataSource - HikariPool-21 - Shutdown initiated... 
25-09-21 00:08:06.047 [Thread-82] INFO  com.zaxxer.hikari.HikariDataSource - HikariPool-21 - Shutdown completed. 
25-09-21 00:08:06.102 [restartedMain] INFO  c.v.vatManager.VatManagerApplication - Starting VatManagerApplication using Java 21.0.5 with PID 15280 (D:\SpringBoot  Projects\vatManager\target\classes started by neraz in D:\SpringBoot  Projects\vatManager) 
25-09-21 00:08:06.102 [restartedMain] INFO  c.v.vatManager.VatManagerApplication - No active profile set, falling back to 1 default profile: "default" 
25-09-21 00:08:06.221 [restartedMain] INFO  o.s.d.r.c.RepositoryConfigurationDelegate - Bootstrapping Spring Data JPA repositories in DEFAULT mode. 
25-09-21 00:08:06.228 [restartedMain] INFO  o.s.d.r.c.RepositoryConfigurationDelegate - Finished Spring Data repository scanning in 6 ms. Found 1 JPA repository interface. 
25-09-21 00:08:06.289 [restartedMain] INFO  o.s.b.w.e.tomcat.TomcatWebServer - Tomcat initialized with port 8080 (http) 
25-09-21 00:08:06.289 [restartedMain] INFO  o.a.coyote.http11.Http11NioProtocol - Initializing ProtocolHandler ["http-nio-8080"] 
25-09-21 00:08:06.289 [restartedMain] INFO  o.a.catalina.core.StandardService - Starting service [Tomcat] 
25-09-21 00:08:06.289 [restartedMain] INFO  o.a.catalina.core.StandardEngine - Starting Servlet engine: [Apache Tomcat/10.1.44] 
25-09-21 00:08:06.309 [restartedMain] INFO  o.a.c.c.C.[Tomcat-1].[localhost].[/] - Initializing Spring embedded WebApplicationContext 
25-09-21 00:08:06.309 [restartedMain] INFO  o.s.b.w.s.c.ServletWebServerApplicationContext - Root WebApplicationContext: initialization completed in 206 ms 
25-09-21 00:08:06.331 [restartedMain] INFO  o.h.jpa.internal.util.LogHelper - HHH000204: Processing PersistenceUnitInfo [name: default] 
25-09-21 00:08:06.334 [restartedMain] INFO  o.h.c.i.RegionFactoryInitiator - HHH000026: Second-level cache disabled 
25-09-21 00:08:06.340 [restartedMain] INFO  o.s.o.j.p.SpringPersistenceUnitInfo - No LoadTimeWeaver setup: ignoring JPA class transformer 
25-09-21 00:08:06.342 [restartedMain] INFO  com.zaxxer.hikari.HikariDataSource - HikariPool-22 - Starting... 
25-09-21 00:08:06.343 [restartedMain] INFO  com.zaxxer.hikari.pool.HikariPool - HikariPool-22 - Added connection org.sqlite.jdbc4.JDBC4Connection@58820efc 
25-09-21 00:08:06.343 [restartedMain] INFO  com.zaxxer.hikari.HikariDataSource - HikariPool-22 - Start completed. 
25-09-21 00:08:06.343 [restartedMain] INFO  o.hibernate.orm.connections.pooling - HHH10001005: Database info:
	Database JDBC URL [Connecting through datasource 'HikariDataSource (HikariPool-22)']
	Database driver: undefined/unknown
	Database version: 3.50.3
	Autocommit mode: undefined/unknown
	Isolation level: undefined/unknown
	Minimum pool size: undefined/unknown
	Maximum pool size: undefined/unknown 
25-09-21 00:08:06.386 [restartedMain] INFO  o.h.e.t.j.p.i.JtaPlatformInitiator - HHH000489: No JTA platform available (set 'hibernate.transaction.jta.platform' to enable JTA platform integration) 
25-09-21 00:08:06.387 [restartedMain] INFO  o.s.o.j.LocalContainerEntityManagerFactoryBean - Initialized JPA EntityManagerFactory for persistence unit 'default' 
25-09-21 00:08:06.435 [restartedMain] WARN  o.s.b.a.o.j.JpaBaseConfiguration$JpaWebConfiguration - spring.jpa.open-in-view is enabled by default. Therefore, database queries may be performed during view rendering. Explicitly configure spring.jpa.open-in-view to disable this warning 
25-09-21 00:08:06.516 [restartedMain] INFO  o.s.b.d.a.OptionalLiveReloadServer - LiveReload server is running on port 35729 
25-09-21 00:08:06.523 [restartedMain] INFO  o.a.coyote.http11.Http11NioProtocol - Starting ProtocolHandler ["http-nio-8080"] 
25-09-21 00:08:06.526 [restartedMain] INFO  o.s.b.w.e.tomcat.TomcatWebServer - Tomcat started on port 8080 (http) with context path '/' 
25-09-21 00:08:06.528 [restartedMain] INFO  c.v.vatManager.VatManagerApplication - Started VatManagerApplication in 0.442 seconds (process running for 1467.169) 
25-09-21 00:08:06.529 [restartedMain] INFO  o.s.b.d.a.ConditionEvaluationDeltaLoggingListener - Condition evaluation unchanged 
25-09-21 00:08:23.192 [File Watcher] INFO  o.s.b.d.a.LocalDevToolsAutoConfiguration$RestartingClassPathChangeChangedEventListener - Restarting due to 1 class path change (0 additions, 0 deletions, 1 modification) 
25-09-21 00:08:23.193 [Thread-86] INFO  o.s.b.w.e.tomcat.GracefulShutdown - Commencing graceful shutdown. Waiting for active requests to complete 
25-09-21 00:08:23.193 [tomcat-shutdown] INFO  o.a.coyote.http11.Http11NioProtocol - Pausing ProtocolHandler ["http-nio-8080"] 
25-09-21 00:08:23.216 [tomcat-shutdown] INFO  o.s.b.w.e.tomcat.GracefulShutdown - Graceful shutdown complete 
25-09-21 00:08:23.216 [Thread-86] INFO  o.a.coyote.http11.Http11NioProtocol - Stopping ProtocolHandler ["http-nio-8080"] 
25-09-21 00:08:23.217 [Thread-86] INFO  o.s.o.j.LocalContainerEntityManagerFactoryBean - Closing JPA EntityManagerFactory for persistence unit 'default' 
25-09-21 00:08:23.218 [Thread-86] INFO  com.zaxxer.hikari.HikariDataSource - HikariPool-22 - Shutdown initiated... 
25-09-21 00:08:23.219 [Thread-86] INFO  com.zaxxer.hikari.HikariDataSource - HikariPool-22 - Shutdown completed. 
25-09-21 00:08:23.271 [restartedMain] INFO  c.v.vatManager.VatManagerApplication - Starting VatManagerApplication using Java 21.0.5 with PID 15280 (D:\SpringBoot  Projects\vatManager\target\classes started by neraz in D:\SpringBoot  Projects\vatManager) 
25-09-21 00:08:23.271 [restartedMain] INFO  c.v.vatManager.VatManagerApplication - No active profile set, falling back to 1 default profile: "default" 
25-09-21 00:08:23.384 [restartedMain] INFO  o.s.d.r.c.RepositoryConfigurationDelegate - Bootstrapping Spring Data JPA repositories in DEFAULT mode. 
25-09-21 00:08:23.391 [restartedMain] INFO  o.s.d.r.c.RepositoryConfigurationDelegate - Finished Spring Data repository scanning in 6 ms. Found 1 JPA repository interface. 
25-09-21 00:08:23.450 [restartedMain] INFO  o.s.b.w.e.tomcat.TomcatWebServer - Tomcat initialized with port 8080 (http) 
25-09-21 00:08:23.450 [restartedMain] INFO  o.a.coyote.http11.Http11NioProtocol - Initializing ProtocolHandler ["http-nio-8080"] 
25-09-21 00:08:23.450 [restartedMain] INFO  o.a.catalina.core.StandardService - Starting service [Tomcat] 
25-09-21 00:08:23.450 [restartedMain] INFO  o.a.catalina.core.StandardEngine - Starting Servlet engine: [Apache Tomcat/10.1.44] 
25-09-21 00:08:23.470 [restartedMain] INFO  o.a.c.c.C.[Tomcat-1].[localhost].[/] - Initializing Spring embedded WebApplicationContext 
25-09-21 00:08:23.470 [restartedMain] INFO  o.s.b.w.s.c.ServletWebServerApplicationContext - Root WebApplicationContext: initialization completed in 198 ms 
25-09-21 00:08:23.493 [restartedMain] INFO  o.h.jpa.internal.util.LogHelper - HHH000204: Processing PersistenceUnitInfo [name: default] 
25-09-21 00:08:23.495 [restartedMain] INFO  o.h.c.i.RegionFactoryInitiator - HHH000026: Second-level cache disabled 
25-09-21 00:08:23.500 [restartedMain] INFO  o.s.o.j.p.SpringPersistenceUnitInfo - No LoadTimeWeaver setup: ignoring JPA class transformer 
25-09-21 00:08:23.501 [restartedMain] INFO  com.zaxxer.hikari.HikariDataSource - HikariPool-23 - Starting... 
25-09-21 00:08:23.502 [restartedMain] INFO  com.zaxxer.hikari.pool.HikariPool - HikariPool-23 - Added connection org.sqlite.jdbc4.JDBC4Connection@1a71910b 
25-09-21 00:08:23.502 [restartedMain] INFO  com.zaxxer.hikari.HikariDataSource - HikariPool-23 - Start completed. 
25-09-21 00:08:23.502 [restartedMain] INFO  o.hibernate.orm.connections.pooling - HHH10001005: Database info:
	Database JDBC URL [Connecting through datasource 'HikariDataSource (HikariPool-23)']
	Database driver: undefined/unknown
	Database version: 3.50.3
	Autocommit mode: undefined/unknown
	Isolation level: undefined/unknown
	Minimum pool size: undefined/unknown
	Maximum pool size: undefined/unknown 
25-09-21 00:08:23.537 [restartedMain] INFO  o.h.e.t.j.p.i.JtaPlatformInitiator - HHH000489: No JTA platform available (set 'hibernate.transaction.jta.platform' to enable JTA platform integration) 
25-09-21 00:08:23.539 [restartedMain] INFO  o.s.o.j.LocalContainerEntityManagerFactoryBean - Initialized JPA EntityManagerFactory for persistence unit 'default' 
25-09-21 00:08:23.583 [restartedMain] WARN  o.s.b.a.o.j.JpaBaseConfiguration$JpaWebConfiguration - spring.jpa.open-in-view is enabled by default. Therefore, database queries may be performed during view rendering. Explicitly configure spring.jpa.open-in-view to disable this warning 
25-09-21 00:08:23.657 [restartedMain] INFO  o.s.b.d.a.OptionalLiveReloadServer - LiveReload server is running on port 35729 
25-09-21 00:08:23.664 [restartedMain] INFO  o.a.coyote.http11.Http11NioProtocol - Starting ProtocolHandler ["http-nio-8080"] 
25-09-21 00:08:23.667 [restartedMain] INFO  o.s.b.w.e.tomcat.TomcatWebServer - Tomcat started on port 8080 (http) with context path '/' 
25-09-21 00:08:23.670 [restartedMain] INFO  c.v.vatManager.VatManagerApplication - Started VatManagerApplication in 0.415 seconds (process running for 1484.31) 
25-09-21 00:08:23.671 [restartedMain] INFO  o.s.b.d.a.ConditionEvaluationDeltaLoggingListener - Condition evaluation unchanged 
25-09-21 00:08:42.322 [File Watcher] INFO  o.s.b.d.a.LocalDevToolsAutoConfiguration$RestartingClassPathChangeChangedEventListener - Restarting due to 1 class path change (0 additions, 0 deletions, 1 modification) 
25-09-21 00:08:42.322 [Thread-90] INFO  o.s.b.w.e.tomcat.GracefulShutdown - Commencing graceful shutdown. Waiting for active requests to complete 
25-09-21 00:08:42.323 [tomcat-shutdown] INFO  o.a.coyote.http11.Http11NioProtocol - Pausing ProtocolHandler ["http-nio-8080"] 
25-09-21 00:08:42.343 [tomcat-shutdown] INFO  o.s.b.w.e.tomcat.GracefulShutdown - Graceful shutdown complete 
25-09-21 00:08:42.343 [Thread-90] INFO  o.a.coyote.http11.Http11NioProtocol - Stopping ProtocolHandler ["http-nio-8080"] 
25-09-21 00:08:42.346 [Thread-90] INFO  o.s.o.j.LocalContainerEntityManagerFactoryBean - Closing JPA EntityManagerFactory for persistence unit 'default' 
25-09-21 00:08:42.346 [Thread-90] INFO  com.zaxxer.hikari.HikariDataSource - HikariPool-23 - Shutdown initiated... 
25-09-21 00:08:42.346 [Thread-90] INFO  com.zaxxer.hikari.HikariDataSource - HikariPool-23 - Shutdown completed. 
25-09-21 00:08:42.401 [restartedMain] INFO  c.v.vatManager.VatManagerApplication - Starting VatManagerApplication using Java 21.0.5 with PID 15280 (D:\SpringBoot  Projects\vatManager\target\classes started by neraz in D:\SpringBoot  Projects\vatManager) 
25-09-21 00:08:42.401 [restartedMain] INFO  c.v.vatManager.VatManagerApplication - No active profile set, falling back to 1 default profile: "default" 
25-09-21 00:08:42.511 [restartedMain] INFO  o.s.d.r.c.RepositoryConfigurationDelegate - Bootstrapping Spring Data JPA repositories in DEFAULT mode. 
25-09-21 00:08:42.519 [restartedMain] INFO  o.s.d.r.c.RepositoryConfigurationDelegate - Finished Spring Data repository scanning in 6 ms. Found 1 JPA repository interface. 
25-09-21 00:08:42.575 [restartedMain] INFO  o.s.b.w.e.tomcat.TomcatWebServer - Tomcat initialized with port 8080 (http) 
25-09-21 00:08:42.576 [restartedMain] INFO  o.a.coyote.http11.Http11NioProtocol - Initializing ProtocolHandler ["http-nio-8080"] 
25-09-21 00:08:42.576 [restartedMain] INFO  o.a.catalina.core.StandardService - Starting service [Tomcat] 
25-09-21 00:08:42.576 [restartedMain] INFO  o.a.catalina.core.StandardEngine - Starting Servlet engine: [Apache Tomcat/10.1.44] 
25-09-21 00:08:42.596 [restartedMain] INFO  o.a.c.c.C.[Tomcat-1].[localhost].[/] - Initializing Spring embedded WebApplicationContext 
25-09-21 00:08:42.596 [restartedMain] INFO  o.s.b.w.s.c.ServletWebServerApplicationContext - Root WebApplicationContext: initialization completed in 194 ms 
25-09-21 00:08:42.618 [restartedMain] INFO  o.h.jpa.internal.util.LogHelper - HHH000204: Processing PersistenceUnitInfo [name: default] 
25-09-21 00:08:42.620 [restartedMain] INFO  o.h.c.i.RegionFactoryInitiator - HHH000026: Second-level cache disabled 
25-09-21 00:08:42.625 [restartedMain] INFO  o.s.o.j.p.SpringPersistenceUnitInfo - No LoadTimeWeaver setup: ignoring JPA class transformer 
25-09-21 00:08:42.626 [restartedMain] INFO  com.zaxxer.hikari.HikariDataSource - HikariPool-24 - Starting... 
25-09-21 00:08:42.627 [restartedMain] INFO  com.zaxxer.hikari.pool.HikariPool - HikariPool-24 - Added connection org.sqlite.jdbc4.JDBC4Connection@20c540b4 
25-09-21 00:08:42.627 [restartedMain] INFO  com.zaxxer.hikari.HikariDataSource - HikariPool-24 - Start completed. 
25-09-21 00:08:42.628 [restartedMain] INFO  o.hibernate.orm.connections.pooling - HHH10001005: Database info:
	Database JDBC URL [Connecting through datasource 'HikariDataSource (HikariPool-24)']
	Database driver: undefined/unknown
	Database version: 3.50.3
	Autocommit mode: undefined/unknown
	Isolation level: undefined/unknown
	Minimum pool size: undefined/unknown
	Maximum pool size: undefined/unknown 
25-09-21 00:08:42.663 [restartedMain] INFO  o.h.e.t.j.p.i.JtaPlatformInitiator - HHH000489: No JTA platform available (set 'hibernate.transaction.jta.platform' to enable JTA platform integration) 
25-09-21 00:08:42.665 [restartedMain] INFO  o.s.o.j.LocalContainerEntityManagerFactoryBean - Initialized JPA EntityManagerFactory for persistence unit 'default' 
25-09-21 00:08:42.706 [restartedMain] WARN  o.s.b.a.o.j.JpaBaseConfiguration$JpaWebConfiguration - spring.jpa.open-in-view is enabled by default. Therefore, database queries may be performed during view rendering. Explicitly configure spring.jpa.open-in-view to disable this warning 
25-09-21 00:08:42.781 [restartedMain] INFO  o.s.b.d.a.OptionalLiveReloadServer - LiveReload server is running on port 35729 
25-09-21 00:08:42.786 [restartedMain] INFO  o.a.coyote.http11.Http11NioProtocol - Starting ProtocolHandler ["http-nio-8080"] 
25-09-21 00:08:42.789 [restartedMain] INFO  o.s.b.w.e.tomcat.TomcatWebServer - Tomcat started on port 8080 (http) with context path '/' 
25-09-21 00:08:42.792 [restartedMain] INFO  c.v.vatManager.VatManagerApplication - Started VatManagerApplication in 0.408 seconds (process running for 1503.433) 
25-09-21 00:08:42.793 [restartedMain] INFO  o.s.b.d.a.ConditionEvaluationDeltaLoggingListener - Condition evaluation unchanged 
25-09-21 00:09:31.904 [File Watcher] INFO  o.s.b.d.a.LocalDevToolsAutoConfiguration$RestartingClassPathChangeChangedEventListener - Restarting due to 1 class path change (0 additions, 0 deletions, 1 modification) 
25-09-21 00:09:31.905 [Thread-94] INFO  o.s.b.w.e.tomcat.GracefulShutdown - Commencing graceful shutdown. Waiting for active requests to complete 
25-09-21 00:09:31.905 [tomcat-shutdown] INFO  o.a.coyote.http11.Http11NioProtocol - Pausing ProtocolHandler ["http-nio-8080"] 
25-09-21 00:09:31.926 [tomcat-shutdown] INFO  o.s.b.w.e.tomcat.GracefulShutdown - Graceful shutdown complete 
25-09-21 00:09:31.926 [Thread-94] INFO  o.a.coyote.http11.Http11NioProtocol - Stopping ProtocolHandler ["http-nio-8080"] 
25-09-21 00:09:31.928 [Thread-94] INFO  o.s.o.j.LocalContainerEntityManagerFactoryBean - Closing JPA EntityManagerFactory for persistence unit 'default' 
25-09-21 00:09:31.928 [Thread-94] INFO  com.zaxxer.hikari.HikariDataSource - HikariPool-24 - Shutdown initiated... 
25-09-21 00:09:31.929 [Thread-94] INFO  com.zaxxer.hikari.HikariDataSource - HikariPool-24 - Shutdown completed. 
25-09-21 00:09:31.981 [restartedMain] INFO  c.v.vatManager.VatManagerApplication - Starting VatManagerApplication using Java 21.0.5 with PID 15280 (D:\SpringBoot  Projects\vatManager\target\classes started by neraz in D:\SpringBoot  Projects\vatManager) 
25-09-21 00:09:31.981 [restartedMain] INFO  c.v.vatManager.VatManagerApplication - No active profile set, falling back to 1 default profile: "default" 
25-09-21 00:09:32.088 [restartedMain] INFO  o.s.d.r.c.RepositoryConfigurationDelegate - Bootstrapping Spring Data JPA repositories in DEFAULT mode. 
25-09-21 00:09:32.095 [restartedMain] INFO  o.s.d.r.c.RepositoryConfigurationDelegate - Finished Spring Data repository scanning in 6 ms. Found 1 JPA repository interface. 
25-09-21 00:09:32.148 [restartedMain] INFO  o.s.b.w.e.tomcat.TomcatWebServer - Tomcat initialized with port 8080 (http) 
25-09-21 00:09:32.149 [restartedMain] INFO  o.a.coyote.http11.Http11NioProtocol - Initializing ProtocolHandler ["http-nio-8080"] 
25-09-21 00:09:32.149 [restartedMain] INFO  o.a.catalina.core.StandardService - Starting service [Tomcat] 
25-09-21 00:09:32.149 [restartedMain] INFO  o.a.catalina.core.StandardEngine - Starting Servlet engine: [Apache Tomcat/10.1.44] 
25-09-21 00:09:32.169 [restartedMain] INFO  o.a.c.c.C.[Tomcat-1].[localhost].[/] - Initializing Spring embedded WebApplicationContext 
25-09-21 00:09:32.169 [restartedMain] INFO  o.s.b.w.s.c.ServletWebServerApplicationContext - Root WebApplicationContext: initialization completed in 187 ms 
25-09-21 00:09:32.190 [restartedMain] INFO  o.h.jpa.internal.util.LogHelper - HHH000204: Processing PersistenceUnitInfo [name: default] 
25-09-21 00:09:32.193 [restartedMain] INFO  o.h.c.i.RegionFactoryInitiator - HHH000026: Second-level cache disabled 
25-09-21 00:09:32.197 [restartedMain] INFO  o.s.o.j.p.SpringPersistenceUnitInfo - No LoadTimeWeaver setup: ignoring JPA class transformer 
25-09-21 00:09:32.199 [restartedMain] INFO  com.zaxxer.hikari.HikariDataSource - HikariPool-25 - Starting... 
25-09-21 00:09:32.200 [restartedMain] INFO  com.zaxxer.hikari.pool.HikariPool - HikariPool-25 - Added connection org.sqlite.jdbc4.JDBC4Connection@2971dadf 
25-09-21 00:09:32.200 [restartedMain] INFO  com.zaxxer.hikari.HikariDataSource - HikariPool-25 - Start completed. 
25-09-21 00:09:32.200 [restartedMain] INFO  o.hibernate.orm.connections.pooling - HHH10001005: Database info:
	Database JDBC URL [Connecting through datasource 'HikariDataSource (HikariPool-25)']
	Database driver: undefined/unknown
	Database version: 3.50.3
	Autocommit mode: undefined/unknown
	Isolation level: undefined/unknown
	Minimum pool size: undefined/unknown
	Maximum pool size: undefined/unknown 
25-09-21 00:09:32.241 [restartedMain] INFO  o.h.e.t.j.p.i.JtaPlatformInitiator - HHH000489: No JTA platform available (set 'hibernate.transaction.jta.platform' to enable JTA platform integration) 
25-09-21 00:09:32.243 [restartedMain] INFO  o.s.o.j.LocalContainerEntityManagerFactoryBean - Initialized JPA EntityManagerFactory for persistence unit 'default' 
25-09-21 00:09:32.291 [restartedMain] WARN  o.s.b.a.o.j.JpaBaseConfiguration$JpaWebConfiguration - spring.jpa.open-in-view is enabled by default. Therefore, database queries may be performed during view rendering. Explicitly configure spring.jpa.open-in-view to disable this warning 
25-09-21 00:09:32.370 [restartedMain] INFO  o.s.b.d.a.OptionalLiveReloadServer - LiveReload server is running on port 35729 
25-09-21 00:09:32.378 [restartedMain] INFO  o.a.coyote.http11.Http11NioProtocol - Starting ProtocolHandler ["http-nio-8080"] 
25-09-21 00:09:32.380 [restartedMain] INFO  o.s.b.w.e.tomcat.TomcatWebServer - Tomcat started on port 8080 (http) with context path '/' 
25-09-21 00:09:32.383 [restartedMain] INFO  c.v.vatManager.VatManagerApplication - Started VatManagerApplication in 0.419 seconds (process running for 1553.024) 
25-09-21 00:09:32.384 [restartedMain] INFO  o.s.b.d.a.ConditionEvaluationDeltaLoggingListener - Condition evaluation unchanged 
25-09-21 00:11:45.756 [File Watcher] INFO  o.s.b.d.a.LocalDevToolsAutoConfiguration$RestartingClassPathChangeChangedEventListener - Restarting due to 1 class path change (0 additions, 0 deletions, 1 modification) 
25-09-21 00:11:45.757 [Thread-98] INFO  o.s.b.w.e.tomcat.GracefulShutdown - Commencing graceful shutdown. Waiting for active requests to complete 
25-09-21 00:11:45.757 [tomcat-shutdown] INFO  o.a.coyote.http11.Http11NioProtocol - Pausing ProtocolHandler ["http-nio-8080"] 
25-09-21 00:11:45.779 [tomcat-shutdown] INFO  o.s.b.w.e.tomcat.GracefulShutdown - Graceful shutdown complete 
25-09-21 00:11:45.779 [Thread-98] INFO  o.a.coyote.http11.Http11NioProtocol - Stopping ProtocolHandler ["http-nio-8080"] 
25-09-21 00:11:45.780 [Thread-98] INFO  o.s.o.j.LocalContainerEntityManagerFactoryBean - Closing JPA EntityManagerFactory for persistence unit 'default' 
25-09-21 00:11:45.781 [Thread-98] INFO  com.zaxxer.hikari.HikariDataSource - HikariPool-25 - Shutdown initiated... 
25-09-21 00:11:45.782 [Thread-98] INFO  com.zaxxer.hikari.HikariDataSource - HikariPool-25 - Shutdown completed. 
25-09-21 00:11:45.835 [restartedMain] INFO  c.v.vatManager.VatManagerApplication - Starting VatManagerApplication using Java 21.0.5 with PID 15280 (D:\SpringBoot  Projects\vatManager\target\classes started by neraz in D:\SpringBoot  Projects\vatManager) 
25-09-21 00:11:45.835 [restartedMain] INFO  c.v.vatManager.VatManagerApplication - No active profile set, falling back to 1 default profile: "default" 
25-09-21 00:11:45.945 [restartedMain] INFO  o.s.d.r.c.RepositoryConfigurationDelegate - Bootstrapping Spring Data JPA repositories in DEFAULT mode. 
25-09-21 00:11:45.953 [restartedMain] INFO  o.s.d.r.c.RepositoryConfigurationDelegate - Finished Spring Data repository scanning in 6 ms. Found 1 JPA repository interface. 
25-09-21 00:11:46.008 [restartedMain] INFO  o.s.b.w.e.tomcat.TomcatWebServer - Tomcat initialized with port 8080 (http) 
25-09-21 00:11:46.008 [restartedMain] INFO  o.a.coyote.http11.Http11NioProtocol - Initializing ProtocolHandler ["http-nio-8080"] 
25-09-21 00:11:46.008 [restartedMain] INFO  o.a.catalina.core.StandardService - Starting service [Tomcat] 
25-09-21 00:11:46.008 [restartedMain] INFO  o.a.catalina.core.StandardEngine - Starting Servlet engine: [Apache Tomcat/10.1.44] 
25-09-21 00:11:46.029 [restartedMain] INFO  o.a.c.c.C.[Tomcat-1].[localhost].[/] - Initializing Spring embedded WebApplicationContext 
25-09-21 00:11:46.029 [restartedMain] INFO  o.s.b.w.s.c.ServletWebServerApplicationContext - Root WebApplicationContext: initialization completed in 193 ms 
25-09-21 00:11:46.051 [restartedMain] INFO  o.h.jpa.internal.util.LogHelper - HHH000204: Processing PersistenceUnitInfo [name: default] 
25-09-21 00:11:46.053 [restartedMain] INFO  o.h.c.i.RegionFactoryInitiator - HHH000026: Second-level cache disabled 
25-09-21 00:11:46.058 [restartedMain] INFO  o.s.o.j.p.SpringPersistenceUnitInfo - No LoadTimeWeaver setup: ignoring JPA class transformer 
25-09-21 00:11:46.060 [restartedMain] INFO  com.zaxxer.hikari.HikariDataSource - HikariPool-26 - Starting... 
25-09-21 00:11:46.061 [restartedMain] INFO  com.zaxxer.hikari.pool.HikariPool - HikariPool-26 - Added connection org.sqlite.jdbc4.JDBC4Connection@501d5d77 
25-09-21 00:11:46.061 [restartedMain] INFO  com.zaxxer.hikari.HikariDataSource - HikariPool-26 - Start completed. 
25-09-21 00:11:46.061 [restartedMain] INFO  o.hibernate.orm.connections.pooling - HHH10001005: Database info:
	Database JDBC URL [Connecting through datasource 'HikariDataSource (HikariPool-26)']
	Database driver: undefined/unknown
	Database version: 3.50.3
	Autocommit mode: undefined/unknown
	Isolation level: undefined/unknown
	Minimum pool size: undefined/unknown
	Maximum pool size: undefined/unknown 
25-09-21 00:11:46.102 [restartedMain] INFO  o.h.e.t.j.p.i.JtaPlatformInitiator - HHH000489: No JTA platform available (set 'hibernate.transaction.jta.platform' to enable JTA platform integration) 
25-09-21 00:11:46.103 [restartedMain] INFO  o.s.o.j.LocalContainerEntityManagerFactoryBean - Initialized JPA EntityManagerFactory for persistence unit 'default' 
25-09-21 00:11:46.154 [restartedMain] WARN  o.s.b.a.o.j.JpaBaseConfiguration$JpaWebConfiguration - spring.jpa.open-in-view is enabled by default. Therefore, database queries may be performed during view rendering. Explicitly configure spring.jpa.open-in-view to disable this warning 
25-09-21 00:11:46.234 [restartedMain] INFO  o.s.b.d.a.OptionalLiveReloadServer - LiveReload server is running on port 35729 
25-09-21 00:11:46.241 [restartedMain] INFO  o.a.coyote.http11.Http11NioProtocol - Starting ProtocolHandler ["http-nio-8080"] 
25-09-21 00:11:46.244 [restartedMain] INFO  o.s.b.w.e.tomcat.TomcatWebServer - Tomcat started on port 8080 (http) with context path '/' 
25-09-21 00:11:46.247 [restartedMain] INFO  c.v.vatManager.VatManagerApplication - Started VatManagerApplication in 0.428 seconds (process running for 1686.888) 
25-09-21 00:11:46.248 [restartedMain] INFO  o.s.b.d.a.ConditionEvaluationDeltaLoggingListener - Condition evaluation unchanged 
25-09-21 00:11:55.772 [File Watcher] INFO  o.s.b.d.a.LocalDevToolsAutoConfiguration$RestartingClassPathChangeChangedEventListener - Restarting due to 1 class path change (0 additions, 0 deletions, 1 modification) 
25-09-21 00:11:55.773 [Thread-102] INFO  o.s.b.w.e.tomcat.GracefulShutdown - Commencing graceful shutdown. Waiting for active requests to complete 
25-09-21 00:11:55.774 [tomcat-shutdown] INFO  o.a.coyote.http11.Http11NioProtocol - Pausing ProtocolHandler ["http-nio-8080"] 
25-09-21 00:11:55.794 [tomcat-shutdown] INFO  o.s.b.w.e.tomcat.GracefulShutdown - Graceful shutdown complete 
25-09-21 00:11:55.795 [Thread-102] INFO  o.a.coyote.http11.Http11NioProtocol - Stopping ProtocolHandler ["http-nio-8080"] 
25-09-21 00:11:55.796 [Thread-102] INFO  o.s.o.j.LocalContainerEntityManagerFactoryBean - Closing JPA EntityManagerFactory for persistence unit 'default' 
25-09-21 00:11:55.797 [Thread-102] INFO  com.zaxxer.hikari.HikariDataSource - HikariPool-26 - Shutdown initiated... 
25-09-21 00:11:55.798 [Thread-102] INFO  com.zaxxer.hikari.HikariDataSource - HikariPool-26 - Shutdown completed. 
25-09-21 00:11:55.851 [restartedMain] INFO  c.v.vatManager.VatManagerApplication - Starting VatManagerApplication using Java 21.0.5 with PID 15280 (D:\SpringBoot  Projects\vatManager\target\classes started by neraz in D:\SpringBoot  Projects\vatManager) 
25-09-21 00:11:55.851 [restartedMain] INFO  c.v.vatManager.VatManagerApplication - No active profile set, falling back to 1 default profile: "default" 
25-09-21 00:11:55.957 [restartedMain] INFO  o.s.d.r.c.RepositoryConfigurationDelegate - Bootstrapping Spring Data JPA repositories in DEFAULT mode. 
25-09-21 00:11:55.965 [restartedMain] INFO  o.s.d.r.c.RepositoryConfigurationDelegate - Finished Spring Data repository scanning in 6 ms. Found 1 JPA repository interface. 
25-09-21 00:11:56.019 [restartedMain] INFO  o.s.b.w.e.tomcat.TomcatWebServer - Tomcat initialized with port 8080 (http) 
25-09-21 00:11:56.019 [restartedMain] INFO  o.a.coyote.http11.Http11NioProtocol - Initializing ProtocolHandler ["http-nio-8080"] 
25-09-21 00:11:56.019 [restartedMain] INFO  o.a.catalina.core.StandardService - Starting service [Tomcat] 
25-09-21 00:11:56.019 [restartedMain] INFO  o.a.catalina.core.StandardEngine - Starting Servlet engine: [Apache Tomcat/10.1.44] 
25-09-21 00:11:56.039 [restartedMain] INFO  o.a.c.c.C.[Tomcat-1].[localhost].[/] - Initializing Spring embedded WebApplicationContext 
25-09-21 00:11:56.039 [restartedMain] INFO  o.s.b.w.s.c.ServletWebServerApplicationContext - Root WebApplicationContext: initialization completed in 187 ms 
25-09-21 00:11:56.059 [restartedMain] INFO  o.h.jpa.internal.util.LogHelper - HHH000204: Processing PersistenceUnitInfo [name: default] 
25-09-21 00:11:56.062 [restartedMain] INFO  o.h.c.i.RegionFactoryInitiator - HHH000026: Second-level cache disabled 
25-09-21 00:11:56.067 [restartedMain] INFO  o.s.o.j.p.SpringPersistenceUnitInfo - No LoadTimeWeaver setup: ignoring JPA class transformer 
25-09-21 00:11:56.069 [restartedMain] INFO  com.zaxxer.hikari.HikariDataSource - HikariPool-27 - Starting... 
25-09-21 00:11:56.070 [restartedMain] INFO  com.zaxxer.hikari.pool.HikariPool - HikariPool-27 - Added connection org.sqlite.jdbc4.JDBC4Connection@bcc90f7 
25-09-21 00:11:56.070 [restartedMain] INFO  com.zaxxer.hikari.HikariDataSource - HikariPool-27 - Start completed. 
25-09-21 00:11:56.071 [restartedMain] INFO  o.hibernate.orm.connections.pooling - HHH10001005: Database info:
	Database JDBC URL [Connecting through datasource 'HikariDataSource (HikariPool-27)']
	Database driver: undefined/unknown
	Database version: 3.50.3
	Autocommit mode: undefined/unknown
	Isolation level: undefined/unknown
	Minimum pool size: undefined/unknown
	Maximum pool size: undefined/unknown 
25-09-21 00:11:56.109 [restartedMain] INFO  o.h.e.t.j.p.i.JtaPlatformInitiator - HHH000489: No JTA platform available (set 'hibernate.transaction.jta.platform' to enable JTA platform integration) 
25-09-21 00:11:56.110 [restartedMain] INFO  o.s.o.j.LocalContainerEntityManagerFactoryBean - Initialized JPA EntityManagerFactory for persistence unit 'default' 
25-09-21 00:11:56.156 [restartedMain] WARN  o.s.b.a.o.j.JpaBaseConfiguration$JpaWebConfiguration - spring.jpa.open-in-view is enabled by default. Therefore, database queries may be performed during view rendering. Explicitly configure spring.jpa.open-in-view to disable this warning 
25-09-21 00:11:56.230 [restartedMain] INFO  o.s.b.d.a.OptionalLiveReloadServer - LiveReload server is running on port 35729 
25-09-21 00:11:56.235 [restartedMain] INFO  o.a.coyote.http11.Http11NioProtocol - Starting ProtocolHandler ["http-nio-8080"] 
25-09-21 00:11:56.239 [restartedMain] INFO  o.s.b.w.e.tomcat.TomcatWebServer - Tomcat started on port 8080 (http) with context path '/' 
25-09-21 00:11:56.242 [restartedMain] INFO  c.v.vatManager.VatManagerApplication - Started VatManagerApplication in 0.409 seconds (process running for 1696.883) 
25-09-21 00:11:56.243 [restartedMain] INFO  o.s.b.d.a.ConditionEvaluationDeltaLoggingListener - Condition evaluation unchanged 
25-09-21 00:12:19.995 [File Watcher] INFO  o.s.b.d.a.LocalDevToolsAutoConfiguration$RestartingClassPathChangeChangedEventListener - Restarting due to 1 class path change (0 additions, 0 deletions, 1 modification) 
25-09-21 00:12:19.996 [Thread-106] INFO  o.s.b.w.e.tomcat.GracefulShutdown - Commencing graceful shutdown. Waiting for active requests to complete 
25-09-21 00:12:19.997 [tomcat-shutdown] INFO  o.a.coyote.http11.Http11NioProtocol - Pausing ProtocolHandler ["http-nio-8080"] 
25-09-21 00:12:20.019 [tomcat-shutdown] INFO  o.s.b.w.e.tomcat.GracefulShutdown - Graceful shutdown complete 
25-09-21 00:12:20.020 [Thread-106] INFO  o.a.coyote.http11.Http11NioProtocol - Stopping ProtocolHandler ["http-nio-8080"] 
25-09-21 00:12:20.021 [Thread-106] INFO  o.s.o.j.LocalContainerEntityManagerFactoryBean - Closing JPA EntityManagerFactory for persistence unit 'default' 
25-09-21 00:12:20.021 [Thread-106] INFO  com.zaxxer.hikari.HikariDataSource - HikariPool-27 - Shutdown initiated... 
25-09-21 00:12:20.022 [Thread-106] INFO  com.zaxxer.hikari.HikariDataSource - HikariPool-27 - Shutdown completed. 
25-09-21 00:12:20.078 [restartedMain] INFO  c.v.vatManager.VatManagerApplication - Starting VatManagerApplication using Java 21.0.5 with PID 15280 (D:\SpringBoot  Projects\vatManager\target\classes started by neraz in D:\SpringBoot  Projects\vatManager) 
25-09-21 00:12:20.078 [restartedMain] INFO  c.v.vatManager.VatManagerApplication - No active profile set, falling back to 1 default profile: "default" 
25-09-21 00:12:20.196 [restartedMain] INFO  o.s.d.r.c.RepositoryConfigurationDelegate - Bootstrapping Spring Data JPA repositories in DEFAULT mode. 
25-09-21 00:12:20.203 [restartedMain] INFO  o.s.d.r.c.RepositoryConfigurationDelegate - Finished Spring Data repository scanning in 6 ms. Found 1 JPA repository interface. 
25-09-21 00:12:20.258 [restartedMain] INFO  o.s.b.w.e.tomcat.TomcatWebServer - Tomcat initialized with port 8080 (http) 
25-09-21 00:12:20.258 [restartedMain] INFO  o.a.coyote.http11.Http11NioProtocol - Initializing ProtocolHandler ["http-nio-8080"] 
25-09-21 00:12:20.258 [restartedMain] INFO  o.a.catalina.core.StandardService - Starting service [Tomcat] 
25-09-21 00:12:20.259 [restartedMain] INFO  o.a.catalina.core.StandardEngine - Starting Servlet engine: [Apache Tomcat/10.1.44] 
25-09-21 00:12:20.278 [restartedMain] INFO  o.a.c.c.C.[Tomcat-1].[localhost].[/] - Initializing Spring embedded WebApplicationContext 
25-09-21 00:12:20.278 [restartedMain] INFO  o.s.b.w.s.c.ServletWebServerApplicationContext - Root WebApplicationContext: initialization completed in 199 ms 
25-09-21 00:12:20.298 [restartedMain] INFO  o.h.jpa.internal.util.LogHelper - HHH000204: Processing PersistenceUnitInfo [name: default] 
25-09-21 00:12:20.301 [restartedMain] INFO  o.h.c.i.RegionFactoryInitiator - HHH000026: Second-level cache disabled 
25-09-21 00:12:20.306 [restartedMain] INFO  o.s.o.j.p.SpringPersistenceUnitInfo - No LoadTimeWeaver setup: ignoring JPA class transformer 
25-09-21 00:12:20.307 [restartedMain] INFO  com.zaxxer.hikari.HikariDataSource - HikariPool-28 - Starting... 
25-09-21 00:12:20.308 [restartedMain] INFO  com.zaxxer.hikari.pool.HikariPool - HikariPool-28 - Added connection org.sqlite.jdbc4.JDBC4Connection@60cdce70 
25-09-21 00:12:20.308 [restartedMain] INFO  com.zaxxer.hikari.HikariDataSource - HikariPool-28 - Start completed. 
25-09-21 00:12:20.311 [restartedMain] INFO  o.hibernate.orm.connections.pooling - HHH10001005: Database info:
	Database JDBC URL [Connecting through datasource 'HikariDataSource (HikariPool-28)']
	Database driver: undefined/unknown
	Database version: 3.50.3
	Autocommit mode: undefined/unknown
	Isolation level: undefined/unknown
	Minimum pool size: undefined/unknown
	Maximum pool size: undefined/unknown 
25-09-21 00:12:20.344 [restartedMain] INFO  o.h.e.t.j.p.i.JtaPlatformInitiator - HHH000489: No JTA platform available (set 'hibernate.transaction.jta.platform' to enable JTA platform integration) 
25-09-21 00:12:20.346 [restartedMain] INFO  o.s.o.j.LocalContainerEntityManagerFactoryBean - Initialized JPA EntityManagerFactory for persistence unit 'default' 
25-09-21 00:12:20.390 [restartedMain] WARN  o.s.b.a.o.j.JpaBaseConfiguration$JpaWebConfiguration - spring.jpa.open-in-view is enabled by default. Therefore, database queries may be performed during view rendering. Explicitly configure spring.jpa.open-in-view to disable this warning 
25-09-21 00:12:20.464 [restartedMain] INFO  o.s.b.d.a.OptionalLiveReloadServer - LiveReload server is running on port 35729 
25-09-21 00:12:20.470 [restartedMain] INFO  o.a.coyote.http11.Http11NioProtocol - Starting ProtocolHandler ["http-nio-8080"] 
25-09-21 00:12:20.473 [restartedMain] INFO  o.s.b.w.e.tomcat.TomcatWebServer - Tomcat started on port 8080 (http) with context path '/' 
25-09-21 00:12:20.476 [restartedMain] INFO  c.v.vatManager.VatManagerApplication - Started VatManagerApplication in 0.414 seconds (process running for 1721.116) 
25-09-21 00:12:20.476 [restartedMain] INFO  o.s.b.d.a.ConditionEvaluationDeltaLoggingListener - Condition evaluation unchanged 
25-09-21 00:12:42.262 [File Watcher] INFO  o.s.b.d.a.LocalDevToolsAutoConfiguration$RestartingClassPathChangeChangedEventListener - Restarting due to 1 class path change (0 additions, 0 deletions, 1 modification) 
25-09-21 00:12:42.262 [Thread-110] INFO  o.s.b.w.e.tomcat.GracefulShutdown - Commencing graceful shutdown. Waiting for active requests to complete 
25-09-21 00:12:42.264 [tomcat-shutdown] INFO  o.a.coyote.http11.Http11NioProtocol - Pausing ProtocolHandler ["http-nio-8080"] 
25-09-21 00:12:42.285 [tomcat-shutdown] INFO  o.s.b.w.e.tomcat.GracefulShutdown - Graceful shutdown complete 
25-09-21 00:12:42.285 [Thread-110] INFO  o.a.coyote.http11.Http11NioProtocol - Stopping ProtocolHandler ["http-nio-8080"] 
25-09-21 00:12:42.286 [Thread-110] INFO  o.s.o.j.LocalContainerEntityManagerFactoryBean - Closing JPA EntityManagerFactory for persistence unit 'default' 
25-09-21 00:12:42.287 [Thread-110] INFO  com.zaxxer.hikari.HikariDataSource - HikariPool-28 - Shutdown initiated... 
25-09-21 00:12:42.288 [Thread-110] INFO  com.zaxxer.hikari.HikariDataSource - HikariPool-28 - Shutdown completed. 
25-09-21 00:12:42.342 [restartedMain] INFO  c.v.vatManager.VatManagerApplication - Starting VatManagerApplication using Java 21.0.5 with PID 15280 (D:\SpringBoot  Projects\vatManager\target\classes started by neraz in D:\SpringBoot  Projects\vatManager) 
25-09-21 00:12:42.342 [restartedMain] INFO  c.v.vatManager.VatManagerApplication - No active profile set, falling back to 1 default profile: "default" 
25-09-21 00:12:42.462 [restartedMain] INFO  o.s.d.r.c.RepositoryConfigurationDelegate - Bootstrapping Spring Data JPA repositories in DEFAULT mode. 
25-09-21 00:12:42.470 [restartedMain] INFO  o.s.d.r.c.RepositoryConfigurationDelegate - Finished Spring Data repository scanning in 7 ms. Found 1 JPA repository interface. 
25-09-21 00:12:42.529 [restartedMain] INFO  o.s.b.w.e.tomcat.TomcatWebServer - Tomcat initialized with port 8080 (http) 
25-09-21 00:12:42.529 [restartedMain] INFO  o.a.coyote.http11.Http11NioProtocol - Initializing ProtocolHandler ["http-nio-8080"] 
25-09-21 00:12:42.529 [restartedMain] INFO  o.a.catalina.core.StandardService - Starting service [Tomcat] 
25-09-21 00:12:42.529 [restartedMain] INFO  o.a.catalina.core.StandardEngine - Starting Servlet engine: [Apache Tomcat/10.1.44] 
25-09-21 00:12:42.549 [restartedMain] INFO  o.a.c.c.C.[Tomcat-1].[localhost].[/] - Initializing Spring embedded WebApplicationContext 
25-09-21 00:12:42.549 [restartedMain] INFO  o.s.b.w.s.c.ServletWebServerApplicationContext - Root WebApplicationContext: initialization completed in 206 ms 
25-09-21 00:12:42.572 [restartedMain] INFO  o.h.jpa.internal.util.LogHelper - HHH000204: Processing PersistenceUnitInfo [name: default] 
25-09-21 00:12:42.574 [restartedMain] INFO  o.h.c.i.RegionFactoryInitiator - HHH000026: Second-level cache disabled 
25-09-21 00:12:42.580 [restartedMain] INFO  o.s.o.j.p.SpringPersistenceUnitInfo - No LoadTimeWeaver setup: ignoring JPA class transformer 
25-09-21 00:12:42.582 [restartedMain] INFO  com.zaxxer.hikari.HikariDataSource - HikariPool-29 - Starting... 
25-09-21 00:12:42.583 [restartedMain] INFO  com.zaxxer.hikari.pool.HikariPool - HikariPool-29 - Added connection org.sqlite.jdbc4.JDBC4Connection@3f41beb4 
25-09-21 00:12:42.583 [restartedMain] INFO  com.zaxxer.hikari.HikariDataSource - HikariPool-29 - Start completed. 
25-09-21 00:12:42.583 [restartedMain] INFO  o.hibernate.orm.connections.pooling - HHH10001005: Database info:
	Database JDBC URL [Connecting through datasource 'HikariDataSource (HikariPool-29)']
	Database driver: undefined/unknown
	Database version: 3.50.3
	Autocommit mode: undefined/unknown
	Isolation level: undefined/unknown
	Minimum pool size: undefined/unknown
	Maximum pool size: undefined/unknown 
25-09-21 00:12:42.623 [restartedMain] INFO  o.h.e.t.j.p.i.JtaPlatformInitiator - HHH000489: No JTA platform available (set 'hibernate.transaction.jta.platform' to enable JTA platform integration) 
25-09-21 00:12:42.624 [restartedMain] INFO  o.s.o.j.LocalContainerEntityManagerFactoryBean - Initialized JPA EntityManagerFactory for persistence unit 'default' 
25-09-21 00:12:42.670 [restartedMain] WARN  o.s.b.a.o.j.JpaBaseConfiguration$JpaWebConfiguration - spring.jpa.open-in-view is enabled by default. Therefore, database queries may be performed during view rendering. Explicitly configure spring.jpa.open-in-view to disable this warning 
25-09-21 00:12:42.744 [restartedMain] INFO  o.s.b.d.a.OptionalLiveReloadServer - LiveReload server is running on port 35729 
25-09-21 00:12:42.750 [restartedMain] INFO  o.a.coyote.http11.Http11NioProtocol - Starting ProtocolHandler ["http-nio-8080"] 
25-09-21 00:12:42.753 [restartedMain] INFO  o.s.b.w.e.tomcat.TomcatWebServer - Tomcat started on port 8080 (http) with context path '/' 
25-09-21 00:12:42.756 [restartedMain] INFO  c.v.vatManager.VatManagerApplication - Started VatManagerApplication in 0.431 seconds (process running for 1743.397) 
25-09-21 00:12:42.757 [restartedMain] INFO  o.s.b.d.a.ConditionEvaluationDeltaLoggingListener - Condition evaluation unchanged 
25-09-21 00:13:03.448 [File Watcher] INFO  o.s.b.d.a.LocalDevToolsAutoConfiguration$RestartingClassPathChangeChangedEventListener - Restarting due to 1 class path change (0 additions, 0 deletions, 1 modification) 
25-09-21 00:13:03.448 [Thread-114] INFO  o.s.b.w.e.tomcat.GracefulShutdown - Commencing graceful shutdown. Waiting for active requests to complete 
25-09-21 00:13:03.448 [tomcat-shutdown] INFO  o.a.coyote.http11.Http11NioProtocol - Pausing ProtocolHandler ["http-nio-8080"] 
25-09-21 00:13:03.470 [tomcat-shutdown] INFO  o.s.b.w.e.tomcat.GracefulShutdown - Graceful shutdown complete 
25-09-21 00:13:03.471 [Thread-114] INFO  o.a.coyote.http11.Http11NioProtocol - Stopping ProtocolHandler ["http-nio-8080"] 
25-09-21 00:13:03.472 [Thread-114] INFO  o.s.o.j.LocalContainerEntityManagerFactoryBean - Closing JPA EntityManagerFactory for persistence unit 'default' 
25-09-21 00:13:03.472 [Thread-114] INFO  com.zaxxer.hikari.HikariDataSource - HikariPool-29 - Shutdown initiated... 
25-09-21 00:13:03.473 [Thread-114] INFO  com.zaxxer.hikari.HikariDataSource - HikariPool-29 - Shutdown completed. 
25-09-21 00:13:03.526 [restartedMain] INFO  c.v.vatManager.VatManagerApplication - Starting VatManagerApplication using Java 21.0.5 with PID 15280 (D:\SpringBoot  Projects\vatManager\target\classes started by neraz in D:\SpringBoot  Projects\vatManager) 
25-09-21 00:13:03.526 [restartedMain] INFO  c.v.vatManager.VatManagerApplication - No active profile set, falling back to 1 default profile: "default" 
25-09-21 00:13:03.631 [restartedMain] INFO  o.s.d.r.c.RepositoryConfigurationDelegate - Bootstrapping Spring Data JPA repositories in DEFAULT mode. 
25-09-21 00:13:03.639 [restartedMain] INFO  o.s.d.r.c.RepositoryConfigurationDelegate - Finished Spring Data repository scanning in 6 ms. Found 1 JPA repository interface. 
25-09-21 00:13:03.699 [restartedMain] INFO  o.s.b.w.e.tomcat.TomcatWebServer - Tomcat initialized with port 8080 (http) 
25-09-21 00:13:03.699 [restartedMain] INFO  o.a.coyote.http11.Http11NioProtocol - Initializing ProtocolHandler ["http-nio-8080"] 
25-09-21 00:13:03.699 [restartedMain] INFO  o.a.catalina.core.StandardService - Starting service [Tomcat] 
25-09-21 00:13:03.699 [restartedMain] INFO  o.a.catalina.core.StandardEngine - Starting Servlet engine: [Apache Tomcat/10.1.44] 
25-09-21 00:13:03.719 [restartedMain] INFO  o.a.c.c.C.[Tomcat-1].[localhost].[/] - Initializing Spring embedded WebApplicationContext 
25-09-21 00:13:03.719 [restartedMain] INFO  o.s.b.w.s.c.ServletWebServerApplicationContext - Root WebApplicationContext: initialization completed in 191 ms 
25-09-21 00:13:03.740 [restartedMain] INFO  o.h.jpa.internal.util.LogHelper - HHH000204: Processing PersistenceUnitInfo [name: default] 
25-09-21 00:13:03.742 [restartedMain] INFO  o.h.c.i.RegionFactoryInitiator - HHH000026: Second-level cache disabled 
25-09-21 00:13:03.748 [restartedMain] INFO  o.s.o.j.p.SpringPersistenceUnitInfo - No LoadTimeWeaver setup: ignoring JPA class transformer 
25-09-21 00:13:03.749 [restartedMain] INFO  com.zaxxer.hikari.HikariDataSource - HikariPool-30 - Starting... 
25-09-21 00:13:03.750 [restartedMain] INFO  com.zaxxer.hikari.pool.HikariPool - HikariPool-30 - Added connection org.sqlite.jdbc4.JDBC4Connection@cd341b 
25-09-21 00:13:03.750 [restartedMain] INFO  com.zaxxer.hikari.HikariDataSource - HikariPool-30 - Start completed. 
25-09-21 00:13:03.750 [restartedMain] INFO  o.hibernate.orm.connections.pooling - HHH10001005: Database info:
	Database JDBC URL [Connecting through datasource 'HikariDataSource (HikariPool-30)']
	Database driver: undefined/unknown
	Database version: 3.50.3
	Autocommit mode: undefined/unknown
	Isolation level: undefined/unknown
	Minimum pool size: undefined/unknown
	Maximum pool size: undefined/unknown 
25-09-21 00:13:03.786 [restartedMain] INFO  o.h.e.t.j.p.i.JtaPlatformInitiator - HHH000489: No JTA platform available (set 'hibernate.transaction.jta.platform' to enable JTA platform integration) 
25-09-21 00:13:03.787 [restartedMain] INFO  o.s.o.j.LocalContainerEntityManagerFactoryBean - Initialized JPA EntityManagerFactory for persistence unit 'default' 
25-09-21 00:13:03.832 [restartedMain] WARN  o.s.b.a.o.j.JpaBaseConfiguration$JpaWebConfiguration - spring.jpa.open-in-view is enabled by default. Therefore, database queries may be performed during view rendering. Explicitly configure spring.jpa.open-in-view to disable this warning 
25-09-21 00:13:03.907 [restartedMain] INFO  o.s.b.d.a.OptionalLiveReloadServer - LiveReload server is running on port 35729 
25-09-21 00:13:03.914 [restartedMain] INFO  o.a.coyote.http11.Http11NioProtocol - Starting ProtocolHandler ["http-nio-8080"] 
25-09-21 00:13:03.918 [restartedMain] INFO  o.s.b.w.e.tomcat.TomcatWebServer - Tomcat started on port 8080 (http) with context path '/' 
25-09-21 00:13:03.920 [restartedMain] INFO  c.v.vatManager.VatManagerApplication - Started VatManagerApplication in 0.411 seconds (process running for 1764.561) 
25-09-21 00:13:03.922 [restartedMain] INFO  o.s.b.d.a.ConditionEvaluationDeltaLoggingListener - Condition evaluation unchanged 
25-09-21 00:13:10.400 [File Watcher] INFO  o.s.b.d.a.LocalDevToolsAutoConfiguration$RestartingClassPathChangeChangedEventListener - Restarting due to 1 class path change (0 additions, 0 deletions, 1 modification) 
25-09-21 00:13:10.400 [Thread-118] INFO  o.s.b.w.e.tomcat.GracefulShutdown - Commencing graceful shutdown. Waiting for active requests to complete 
25-09-21 00:13:10.401 [tomcat-shutdown] INFO  o.a.coyote.http11.Http11NioProtocol - Pausing ProtocolHandler ["http-nio-8080"] 
25-09-21 00:13:10.419 [tomcat-shutdown] INFO  o.s.b.w.e.tomcat.GracefulShutdown - Graceful shutdown complete 
25-09-21 00:13:10.420 [Thread-118] INFO  o.a.coyote.http11.Http11NioProtocol - Stopping ProtocolHandler ["http-nio-8080"] 
25-09-21 00:13:10.421 [Thread-118] INFO  o.s.o.j.LocalContainerEntityManagerFactoryBean - Closing JPA EntityManagerFactory for persistence unit 'default' 
25-09-21 00:13:10.421 [Thread-118] INFO  com.zaxxer.hikari.HikariDataSource - HikariPool-30 - Shutdown initiated... 
25-09-21 00:13:10.422 [Thread-118] INFO  com.zaxxer.hikari.HikariDataSource - HikariPool-30 - Shutdown completed. 
25-09-21 00:13:10.475 [restartedMain] INFO  c.v.vatManager.VatManagerApplication - Starting VatManagerApplication using Java 21.0.5 with PID 15280 (D:\SpringBoot  Projects\vatManager\target\classes started by neraz in D:\SpringBoot  Projects\vatManager) 
25-09-21 00:13:10.475 [restartedMain] INFO  c.v.vatManager.VatManagerApplication - No active profile set, falling back to 1 default profile: "default" 
25-09-21 00:13:10.593 [restartedMain] INFO  o.s.d.r.c.RepositoryConfigurationDelegate - Bootstrapping Spring Data JPA repositories in DEFAULT mode. 
25-09-21 00:13:10.600 [restartedMain] INFO  o.s.d.r.c.RepositoryConfigurationDelegate - Finished Spring Data repository scanning in 7 ms. Found 1 JPA repository interface. 
25-09-21 00:13:10.653 [restartedMain] INFO  o.s.b.w.e.tomcat.TomcatWebServer - Tomcat initialized with port 8080 (http) 
25-09-21 00:13:10.654 [restartedMain] INFO  o.a.coyote.http11.Http11NioProtocol - Initializing ProtocolHandler ["http-nio-8080"] 
25-09-21 00:13:10.654 [restartedMain] INFO  o.a.catalina.core.StandardService - Starting service [Tomcat] 
25-09-21 00:13:10.654 [restartedMain] INFO  o.a.catalina.core.StandardEngine - Starting Servlet engine: [Apache Tomcat/10.1.44] 
25-09-21 00:13:10.673 [restartedMain] INFO  o.a.c.c.C.[Tomcat-1].[localhost].[/] - Initializing Spring embedded WebApplicationContext 
25-09-21 00:13:10.673 [restartedMain] INFO  o.s.b.w.s.c.ServletWebServerApplicationContext - Root WebApplicationContext: initialization completed in 196 ms 
25-09-21 00:13:10.694 [restartedMain] INFO  o.h.jpa.internal.util.LogHelper - HHH000204: Processing PersistenceUnitInfo [name: default] 
25-09-21 00:13:10.697 [restartedMain] INFO  o.h.c.i.RegionFactoryInitiator - HHH000026: Second-level cache disabled 
25-09-21 00:13:10.701 [restartedMain] INFO  o.s.o.j.p.SpringPersistenceUnitInfo - No LoadTimeWeaver setup: ignoring JPA class transformer 
25-09-21 00:13:10.703 [restartedMain] INFO  com.zaxxer.hikari.HikariDataSource - HikariPool-31 - Starting... 
25-09-21 00:13:10.703 [restartedMain] INFO  com.zaxxer.hikari.pool.HikariPool - HikariPool-31 - Added connection org.sqlite.jdbc4.JDBC4Connection@2e0cd523 
25-09-21 00:13:10.703 [restartedMain] INFO  com.zaxxer.hikari.HikariDataSource - HikariPool-31 - Start completed. 
25-09-21 00:13:10.704 [restartedMain] INFO  o.hibernate.orm.connections.pooling - HHH10001005: Database info:
	Database JDBC URL [Connecting through datasource 'HikariDataSource (HikariPool-31)']
	Database driver: undefined/unknown
	Database version: 3.50.3
	Autocommit mode: undefined/unknown
	Isolation level: undefined/unknown
	Minimum pool size: undefined/unknown
	Maximum pool size: undefined/unknown 
25-09-21 00:13:10.740 [restartedMain] INFO  o.h.e.t.j.p.i.JtaPlatformInitiator - HHH000489: No JTA platform available (set 'hibernate.transaction.jta.platform' to enable JTA platform integration) 
25-09-21 00:13:10.741 [restartedMain] INFO  o.s.o.j.LocalContainerEntityManagerFactoryBean - Initialized JPA EntityManagerFactory for persistence unit 'default' 
25-09-21 00:13:10.784 [restartedMain] WARN  o.s.b.a.o.j.JpaBaseConfiguration$JpaWebConfiguration - spring.jpa.open-in-view is enabled by default. Therefore, database queries may be performed during view rendering. Explicitly configure spring.jpa.open-in-view to disable this warning 
25-09-21 00:13:10.859 [restartedMain] INFO  o.s.b.d.a.OptionalLiveReloadServer - LiveReload server is running on port 35729 
25-09-21 00:13:10.865 [restartedMain] INFO  o.a.coyote.http11.Http11NioProtocol - Starting ProtocolHandler ["http-nio-8080"] 
25-09-21 00:13:10.867 [restartedMain] INFO  o.s.b.w.e.tomcat.TomcatWebServer - Tomcat started on port 8080 (http) with context path '/' 
25-09-21 00:13:10.870 [restartedMain] INFO  c.v.vatManager.VatManagerApplication - Started VatManagerApplication in 0.411 seconds (process running for 1771.511) 
25-09-21 00:13:10.871 [restartedMain] INFO  o.s.b.d.a.ConditionEvaluationDeltaLoggingListener - Condition evaluation unchanged 
25-09-21 00:13:19.373 [File Watcher] INFO  o.s.b.d.a.LocalDevToolsAutoConfiguration$RestartingClassPathChangeChangedEventListener - Restarting due to 1 class path change (0 additions, 0 deletions, 1 modification) 
25-09-21 00:13:19.373 [Thread-122] INFO  o.s.b.w.e.tomcat.GracefulShutdown - Commencing graceful shutdown. Waiting for active requests to complete 
25-09-21 00:13:19.374 [tomcat-shutdown] INFO  o.a.coyote.http11.Http11NioProtocol - Pausing ProtocolHandler ["http-nio-8080"] 
25-09-21 00:13:19.394 [tomcat-shutdown] INFO  o.s.b.w.e.tomcat.GracefulShutdown - Graceful shutdown complete 
25-09-21 00:13:19.394 [Thread-122] INFO  o.a.coyote.http11.Http11NioProtocol - Stopping ProtocolHandler ["http-nio-8080"] 
25-09-21 00:13:19.396 [Thread-122] INFO  o.s.o.j.LocalContainerEntityManagerFactoryBean - Closing JPA EntityManagerFactory for persistence unit 'default' 
25-09-21 00:13:19.396 [Thread-122] INFO  com.zaxxer.hikari.HikariDataSource - HikariPool-31 - Shutdown initiated... 
25-09-21 00:13:19.397 [Thread-122] INFO  com.zaxxer.hikari.HikariDataSource - HikariPool-31 - Shutdown completed. 
25-09-21 00:13:19.452 [restartedMain] INFO  c.v.vatManager.VatManagerApplication - Starting VatManagerApplication using Java 21.0.5 with PID 15280 (D:\SpringBoot  Projects\vatManager\target\classes started by neraz in D:\SpringBoot  Projects\vatManager) 
25-09-21 00:13:19.452 [restartedMain] INFO  c.v.vatManager.VatManagerApplication - No active profile set, falling back to 1 default profile: "default" 
25-09-21 00:13:19.566 [restartedMain] INFO  o.s.d.r.c.RepositoryConfigurationDelegate - Bootstrapping Spring Data JPA repositories in DEFAULT mode. 
25-09-21 00:13:19.573 [restartedMain] INFO  o.s.d.r.c.RepositoryConfigurationDelegate - Finished Spring Data repository scanning in 6 ms. Found 1 JPA repository interface. 
25-09-21 00:13:19.629 [restartedMain] INFO  o.s.b.w.e.tomcat.TomcatWebServer - Tomcat initialized with port 8080 (http) 
25-09-21 00:13:19.629 [restartedMain] INFO  o.a.coyote.http11.Http11NioProtocol - Initializing ProtocolHandler ["http-nio-8080"] 
25-09-21 00:13:19.629 [restartedMain] INFO  o.a.catalina.core.StandardService - Starting service [Tomcat] 
25-09-21 00:13:19.629 [restartedMain] INFO  o.a.catalina.core.StandardEngine - Starting Servlet engine: [Apache Tomcat/10.1.44] 
25-09-21 00:13:19.649 [restartedMain] INFO  o.a.c.c.C.[Tomcat-1].[localhost].[/] - Initializing Spring embedded WebApplicationContext 
25-09-21 00:13:19.649 [restartedMain] INFO  o.s.b.w.s.c.ServletWebServerApplicationContext - Root WebApplicationContext: initialization completed in 197 ms 
25-09-21 00:13:19.673 [restartedMain] INFO  o.h.jpa.internal.util.LogHelper - HHH000204: Processing PersistenceUnitInfo [name: default] 
25-09-21 00:13:19.676 [restartedMain] INFO  o.h.c.i.RegionFactoryInitiator - HHH000026: Second-level cache disabled 
25-09-21 00:13:19.681 [restartedMain] INFO  o.s.o.j.p.SpringPersistenceUnitInfo - No LoadTimeWeaver setup: ignoring JPA class transformer 
25-09-21 00:13:19.682 [restartedMain] INFO  com.zaxxer.hikari.HikariDataSource - HikariPool-32 - Starting... 
25-09-21 00:13:19.683 [restartedMain] INFO  com.zaxxer.hikari.pool.HikariPool - HikariPool-32 - Added connection org.sqlite.jdbc4.JDBC4Connection@5d08fc83 
25-09-21 00:13:19.683 [restartedMain] INFO  com.zaxxer.hikari.HikariDataSource - HikariPool-32 - Start completed. 
25-09-21 00:13:19.686 [restartedMain] INFO  o.hibernate.orm.connections.pooling - HHH10001005: Database info:
	Database JDBC URL [Connecting through datasource 'HikariDataSource (HikariPool-32)']
	Database driver: undefined/unknown
	Database version: 3.50.3
	Autocommit mode: undefined/unknown
	Isolation level: undefined/unknown
	Minimum pool size: undefined/unknown
	Maximum pool size: undefined/unknown 
25-09-21 00:13:19.723 [restartedMain] INFO  o.h.e.t.j.p.i.JtaPlatformInitiator - HHH000489: No JTA platform available (set 'hibernate.transaction.jta.platform' to enable JTA platform integration) 
25-09-21 00:13:19.724 [restartedMain] INFO  o.s.o.j.LocalContainerEntityManagerFactoryBean - Initialized JPA EntityManagerFactory for persistence unit 'default' 
25-09-21 00:13:19.771 [restartedMain] WARN  o.s.b.a.o.j.JpaBaseConfiguration$JpaWebConfiguration - spring.jpa.open-in-view is enabled by default. Therefore, database queries may be performed during view rendering. Explicitly configure spring.jpa.open-in-view to disable this warning 
25-09-21 00:13:19.848 [restartedMain] INFO  o.s.b.d.a.OptionalLiveReloadServer - LiveReload server is running on port 35729 
25-09-21 00:13:19.854 [restartedMain] INFO  o.a.coyote.http11.Http11NioProtocol - Starting ProtocolHandler ["http-nio-8080"] 
25-09-21 00:13:19.858 [restartedMain] INFO  o.s.b.w.e.tomcat.TomcatWebServer - Tomcat started on port 8080 (http) with context path '/' 
25-09-21 00:13:19.862 [restartedMain] INFO  c.v.vatManager.VatManagerApplication - Started VatManagerApplication in 0.429 seconds (process running for 1780.503) 
25-09-21 00:13:19.863 [restartedMain] INFO  o.s.b.d.a.ConditionEvaluationDeltaLoggingListener - Condition evaluation unchanged 
25-09-21 00:13:28.371 [File Watcher] INFO  o.s.b.d.a.LocalDevToolsAutoConfiguration$RestartingClassPathChangeChangedEventListener - Restarting due to 1 class path change (0 additions, 0 deletions, 1 modification) 
25-09-21 00:13:28.372 [Thread-126] INFO  o.s.b.w.e.tomcat.GracefulShutdown - Commencing graceful shutdown. Waiting for active requests to complete 
25-09-21 00:13:28.372 [tomcat-shutdown] INFO  o.a.coyote.http11.Http11NioProtocol - Pausing ProtocolHandler ["http-nio-8080"] 
25-09-21 00:13:28.394 [tomcat-shutdown] INFO  o.s.b.w.e.tomcat.GracefulShutdown - Graceful shutdown complete 
25-09-21 00:13:28.394 [Thread-126] INFO  o.a.coyote.http11.Http11NioProtocol - Stopping ProtocolHandler ["http-nio-8080"] 
25-09-21 00:13:28.396 [Thread-126] INFO  o.s.o.j.LocalContainerEntityManagerFactoryBean - Closing JPA EntityManagerFactory for persistence unit 'default' 
25-09-21 00:13:28.397 [Thread-126] INFO  com.zaxxer.hikari.HikariDataSource - HikariPool-32 - Shutdown initiated... 
25-09-21 00:13:28.398 [Thread-126] INFO  com.zaxxer.hikari.HikariDataSource - HikariPool-32 - Shutdown completed. 
25-09-21 00:13:28.452 [restartedMain] INFO  c.v.vatManager.VatManagerApplication - Starting VatManagerApplication using Java 21.0.5 with PID 15280 (D:\SpringBoot  Projects\vatManager\target\classes started by neraz in D:\SpringBoot  Projects\vatManager) 
25-09-21 00:13:28.452 [restartedMain] INFO  c.v.vatManager.VatManagerApplication - No active profile set, falling back to 1 default profile: "default" 
25-09-21 00:13:28.566 [restartedMain] INFO  o.s.d.r.c.RepositoryConfigurationDelegate - Bootstrapping Spring Data JPA repositories in DEFAULT mode. 
25-09-21 00:13:28.573 [restartedMain] INFO  o.s.d.r.c.RepositoryConfigurationDelegate - Finished Spring Data repository scanning in 6 ms. Found 1 JPA repository interface. 
25-09-21 00:13:28.630 [restartedMain] INFO  o.s.b.w.e.tomcat.TomcatWebServer - Tomcat initialized with port 8080 (http) 
25-09-21 00:13:28.631 [restartedMain] INFO  o.a.coyote.http11.Http11NioProtocol - Initializing ProtocolHandler ["http-nio-8080"] 
25-09-21 00:13:28.631 [restartedMain] INFO  o.a.catalina.core.StandardService - Starting service [Tomcat] 
25-09-21 00:13:28.631 [restartedMain] INFO  o.a.catalina.core.StandardEngine - Starting Servlet engine: [Apache Tomcat/10.1.44] 
25-09-21 00:13:28.652 [restartedMain] INFO  o.a.c.c.C.[Tomcat-1].[localhost].[/] - Initializing Spring embedded WebApplicationContext 
25-09-21 00:13:28.652 [restartedMain] INFO  o.s.b.w.s.c.ServletWebServerApplicationContext - Root WebApplicationContext: initialization completed in 199 ms 
25-09-21 00:13:28.674 [restartedMain] INFO  o.h.jpa.internal.util.LogHelper - HHH000204: Processing PersistenceUnitInfo [name: default] 
25-09-21 00:13:28.676 [restartedMain] INFO  o.h.c.i.RegionFactoryInitiator - HHH000026: Second-level cache disabled 
25-09-21 00:13:28.682 [restartedMain] INFO  o.s.o.j.p.SpringPersistenceUnitInfo - No LoadTimeWeaver setup: ignoring JPA class transformer 
25-09-21 00:13:28.683 [restartedMain] INFO  com.zaxxer.hikari.HikariDataSource - HikariPool-33 - Starting... 
25-09-21 00:13:28.684 [restartedMain] INFO  com.zaxxer.hikari.pool.HikariPool - HikariPool-33 - Added connection org.sqlite.jdbc4.JDBC4Connection@1b38134c 
25-09-21 00:13:28.684 [restartedMain] INFO  com.zaxxer.hikari.HikariDataSource - HikariPool-33 - Start completed. 
25-09-21 00:13:28.684 [restartedMain] INFO  o.hibernate.orm.connections.pooling - HHH10001005: Database info:
	Database JDBC URL [Connecting through datasource 'HikariDataSource (HikariPool-33)']
	Database driver: undefined/unknown
	Database version: 3.50.3
	Autocommit mode: undefined/unknown
	Isolation level: undefined/unknown
	Minimum pool size: undefined/unknown
	Maximum pool size: undefined/unknown 
25-09-21 00:13:28.720 [restartedMain] INFO  o.h.e.t.j.p.i.JtaPlatformInitiator - HHH000489: No JTA platform available (set 'hibernate.transaction.jta.platform' to enable JTA platform integration) 
25-09-21 00:13:28.721 [restartedMain] INFO  o.s.o.j.LocalContainerEntityManagerFactoryBean - Initialized JPA EntityManagerFactory for persistence unit 'default' 
25-09-21 00:13:28.764 [restartedMain] WARN  o.s.b.a.o.j.JpaBaseConfiguration$JpaWebConfiguration - spring.jpa.open-in-view is enabled by default. Therefore, database queries may be performed during view rendering. Explicitly configure spring.jpa.open-in-view to disable this warning 
25-09-21 00:13:28.843 [restartedMain] INFO  o.s.b.d.a.OptionalLiveReloadServer - LiveReload server is running on port 35729 
25-09-21 00:13:28.849 [restartedMain] INFO  o.a.coyote.http11.Http11NioProtocol - Starting ProtocolHandler ["http-nio-8080"] 
25-09-21 00:13:28.852 [restartedMain] INFO  o.s.b.w.e.tomcat.TomcatWebServer - Tomcat started on port 8080 (http) with context path '/' 
25-09-21 00:13:28.856 [restartedMain] INFO  c.v.vatManager.VatManagerApplication - Started VatManagerApplication in 0.42 seconds (process running for 1789.496) 
25-09-21 00:13:28.856 [restartedMain] INFO  o.s.b.d.a.ConditionEvaluationDeltaLoggingListener - Condition evaluation unchanged 
25-09-21 00:13:31.276 [File Watcher] INFO  o.s.b.d.a.LocalDevToolsAutoConfiguration$RestartingClassPathChangeChangedEventListener - Restarting due to 1 class path change (0 additions, 0 deletions, 1 modification) 
25-09-21 00:13:31.277 [Thread-130] INFO  o.s.b.w.e.tomcat.GracefulShutdown - Commencing graceful shutdown. Waiting for active requests to complete 
25-09-21 00:13:31.277 [tomcat-shutdown] INFO  o.a.coyote.http11.Http11NioProtocol - Pausing ProtocolHandler ["http-nio-8080"] 
25-09-21 00:13:31.296 [tomcat-shutdown] INFO  o.s.b.w.e.tomcat.GracefulShutdown - Graceful shutdown complete 
25-09-21 00:13:31.297 [Thread-130] INFO  o.a.coyote.http11.Http11NioProtocol - Stopping ProtocolHandler ["http-nio-8080"] 
25-09-21 00:13:31.298 [Thread-130] INFO  o.s.o.j.LocalContainerEntityManagerFactoryBean - Closing JPA EntityManagerFactory for persistence unit 'default' 
25-09-21 00:13:31.298 [Thread-130] INFO  com.zaxxer.hikari.HikariDataSource - HikariPool-33 - Shutdown initiated... 
25-09-21 00:13:31.299 [Thread-130] INFO  com.zaxxer.hikari.HikariDataSource - HikariPool-33 - Shutdown completed. 
25-09-21 00:13:31.352 [restartedMain] INFO  c.v.vatManager.VatManagerApplication - Starting VatManagerApplication using Java 21.0.5 with PID 15280 (D:\SpringBoot  Projects\vatManager\target\classes started by neraz in D:\SpringBoot  Projects\vatManager) 
25-09-21 00:13:31.352 [restartedMain] INFO  c.v.vatManager.VatManagerApplication - No active profile set, falling back to 1 default profile: "default" 
25-09-21 00:13:31.464 [restartedMain] INFO  o.s.d.r.c.RepositoryConfigurationDelegate - Bootstrapping Spring Data JPA repositories in DEFAULT mode. 
25-09-21 00:13:31.472 [restartedMain] INFO  o.s.d.r.c.RepositoryConfigurationDelegate - Finished Spring Data repository scanning in 6 ms. Found 1 JPA repository interface. 
25-09-21 00:13:31.524 [restartedMain] INFO  o.s.b.w.e.tomcat.TomcatWebServer - Tomcat initialized with port 8080 (http) 
25-09-21 00:13:31.525 [restartedMain] INFO  o.a.coyote.http11.Http11NioProtocol - Initializing ProtocolHandler ["http-nio-8080"] 
25-09-21 00:13:31.525 [restartedMain] INFO  o.a.catalina.core.StandardService - Starting service [Tomcat] 
25-09-21 00:13:31.525 [restartedMain] INFO  o.a.catalina.core.StandardEngine - Starting Servlet engine: [Apache Tomcat/10.1.44] 
25-09-21 00:13:31.544 [restartedMain] INFO  o.a.c.c.C.[Tomcat-1].[localhost].[/] - Initializing Spring embedded WebApplicationContext 
25-09-21 00:13:31.544 [restartedMain] INFO  o.s.b.w.s.c.ServletWebServerApplicationContext - Root WebApplicationContext: initialization completed in 190 ms 
25-09-21 00:13:31.565 [restartedMain] INFO  o.h.jpa.internal.util.LogHelper - HHH000204: Processing PersistenceUnitInfo [name: default] 
25-09-21 00:13:31.568 [restartedMain] INFO  o.h.c.i.RegionFactoryInitiator - HHH000026: Second-level cache disabled 
25-09-21 00:13:31.573 [restartedMain] INFO  o.s.o.j.p.SpringPersistenceUnitInfo - No LoadTimeWeaver setup: ignoring JPA class transformer 
25-09-21 00:13:31.574 [restartedMain] INFO  com.zaxxer.hikari.HikariDataSource - HikariPool-34 - Starting... 
25-09-21 00:13:31.575 [restartedMain] INFO  com.zaxxer.hikari.pool.HikariPool - HikariPool-34 - Added connection org.sqlite.jdbc4.JDBC4Connection@65ba1633 
25-09-21 00:13:31.575 [restartedMain] INFO  com.zaxxer.hikari.HikariDataSource - HikariPool-34 - Start completed. 
25-09-21 00:13:31.575 [restartedMain] INFO  o.hibernate.orm.connections.pooling - HHH10001005: Database info:
	Database JDBC URL [Connecting through datasource 'HikariDataSource (HikariPool-34)']
	Database driver: undefined/unknown
	Database version: 3.50.3
	Autocommit mode: undefined/unknown
	Isolation level: undefined/unknown
	Minimum pool size: undefined/unknown
	Maximum pool size: undefined/unknown 
25-09-21 00:13:31.608 [restartedMain] INFO  o.h.e.t.j.p.i.JtaPlatformInitiator - HHH000489: No JTA platform available (set 'hibernate.transaction.jta.platform' to enable JTA platform integration) 
25-09-21 00:13:31.610 [restartedMain] INFO  o.s.o.j.LocalContainerEntityManagerFactoryBean - Initialized JPA EntityManagerFactory for persistence unit 'default' 
25-09-21 00:13:31.655 [restartedMain] WARN  o.s.b.a.o.j.JpaBaseConfiguration$JpaWebConfiguration - spring.jpa.open-in-view is enabled by default. Therefore, database queries may be performed during view rendering. Explicitly configure spring.jpa.open-in-view to disable this warning 
25-09-21 00:13:31.739 [restartedMain] INFO  o.s.b.d.a.OptionalLiveReloadServer - LiveReload server is running on port 35729 
25-09-21 00:13:31.745 [restartedMain] INFO  o.a.coyote.http11.Http11NioProtocol - Starting ProtocolHandler ["http-nio-8080"] 
25-09-21 00:13:31.747 [restartedMain] INFO  o.s.b.w.e.tomcat.TomcatWebServer - Tomcat started on port 8080 (http) with context path '/' 
25-09-21 00:13:31.750 [restartedMain] INFO  c.v.vatManager.VatManagerApplication - Started VatManagerApplication in 0.414 seconds (process running for 1792.391) 
25-09-21 00:13:31.751 [restartedMain] INFO  o.s.b.d.a.ConditionEvaluationDeltaLoggingListener - Condition evaluation unchanged 
25-09-21 00:13:33.176 [File Watcher] INFO  o.s.b.d.a.LocalDevToolsAutoConfiguration$RestartingClassPathChangeChangedEventListener - Restarting due to 1 class path change (0 additions, 0 deletions, 1 modification) 
25-09-21 00:13:33.176 [Thread-134] INFO  o.s.b.w.e.tomcat.GracefulShutdown - Commencing graceful shutdown. Waiting for active requests to complete 
25-09-21 00:13:33.176 [tomcat-shutdown] INFO  o.a.coyote.http11.Http11NioProtocol - Pausing ProtocolHandler ["http-nio-8080"] 
25-09-21 00:13:33.194 [tomcat-shutdown] INFO  o.s.b.w.e.tomcat.GracefulShutdown - Graceful shutdown complete 
25-09-21 00:13:33.194 [Thread-134] INFO  o.a.coyote.http11.Http11NioProtocol - Stopping ProtocolHandler ["http-nio-8080"] 
25-09-21 00:13:33.195 [Thread-134] INFO  o.s.o.j.LocalContainerEntityManagerFactoryBean - Closing JPA EntityManagerFactory for persistence unit 'default' 
25-09-21 00:13:33.195 [Thread-134] INFO  com.zaxxer.hikari.HikariDataSource - HikariPool-34 - Shutdown initiated... 
25-09-21 00:13:33.196 [Thread-134] INFO  com.zaxxer.hikari.HikariDataSource - HikariPool-34 - Shutdown completed. 
25-09-21 00:13:33.251 [restartedMain] INFO  c.v.vatManager.VatManagerApplication - Starting VatManagerApplication using Java 21.0.5 with PID 15280 (D:\SpringBoot  Projects\vatManager\target\classes started by neraz in D:\SpringBoot  Projects\vatManager) 
25-09-21 00:13:33.251 [restartedMain] INFO  c.v.vatManager.VatManagerApplication - No active profile set, falling back to 1 default profile: "default" 
25-09-21 00:13:33.380 [restartedMain] INFO  o.s.d.r.c.RepositoryConfigurationDelegate - Bootstrapping Spring Data JPA repositories in DEFAULT mode. 
25-09-21 00:13:33.387 [restartedMain] INFO  o.s.d.r.c.RepositoryConfigurationDelegate - Finished Spring Data repository scanning in 6 ms. Found 1 JPA repository interface. 
25-09-21 00:13:33.443 [restartedMain] INFO  o.s.b.w.e.tomcat.TomcatWebServer - Tomcat initialized with port 8080 (http) 
25-09-21 00:13:33.444 [restartedMain] INFO  o.a.coyote.http11.Http11NioProtocol - Initializing ProtocolHandler ["http-nio-8080"] 
25-09-21 00:13:33.444 [restartedMain] INFO  o.a.catalina.core.StandardService - Starting service [Tomcat] 
25-09-21 00:13:33.444 [restartedMain] INFO  o.a.catalina.core.StandardEngine - Starting Servlet engine: [Apache Tomcat/10.1.44] 
25-09-21 00:13:33.464 [restartedMain] INFO  o.a.c.c.C.[Tomcat-1].[localhost].[/] - Initializing Spring embedded WebApplicationContext 
25-09-21 00:13:33.464 [restartedMain] INFO  o.s.b.w.s.c.ServletWebServerApplicationContext - Root WebApplicationContext: initialization completed in 212 ms 
25-09-21 00:13:33.486 [restartedMain] INFO  o.h.jpa.internal.util.LogHelper - HHH000204: Processing PersistenceUnitInfo [name: default] 
25-09-21 00:13:33.489 [restartedMain] INFO  o.h.c.i.RegionFactoryInitiator - HHH000026: Second-level cache disabled 
25-09-21 00:13:33.493 [restartedMain] INFO  o.s.o.j.p.SpringPersistenceUnitInfo - No LoadTimeWeaver setup: ignoring JPA class transformer 
25-09-21 00:13:33.495 [restartedMain] INFO  com.zaxxer.hikari.HikariDataSource - HikariPool-35 - Starting... 
25-09-21 00:13:33.496 [restartedMain] INFO  com.zaxxer.hikari.pool.HikariPool - HikariPool-35 - Added connection org.sqlite.jdbc4.JDBC4Connection@72f8df1a 
25-09-21 00:13:33.496 [restartedMain] INFO  com.zaxxer.hikari.HikariDataSource - HikariPool-35 - Start completed. 
25-09-21 00:13:33.496 [restartedMain] INFO  o.hibernate.orm.connections.pooling - HHH10001005: Database info:
	Database JDBC URL [Connecting through datasource 'HikariDataSource (HikariPool-35)']
	Database driver: undefined/unknown
	Database version: 3.50.3
	Autocommit mode: undefined/unknown
	Isolation level: undefined/unknown
	Minimum pool size: undefined/unknown
	Maximum pool size: undefined/unknown 
25-09-21 00:13:33.535 [restartedMain] INFO  o.h.e.t.j.p.i.JtaPlatformInitiator - HHH000489: No JTA platform available (set 'hibernate.transaction.jta.platform' to enable JTA platform integration) 
25-09-21 00:13:33.538 [restartedMain] INFO  o.s.o.j.LocalContainerEntityManagerFactoryBean - Initialized JPA EntityManagerFactory for persistence unit 'default' 
25-09-21 00:13:33.586 [restartedMain] WARN  o.s.b.a.o.j.JpaBaseConfiguration$JpaWebConfiguration - spring.jpa.open-in-view is enabled by default. Therefore, database queries may be performed during view rendering. Explicitly configure spring.jpa.open-in-view to disable this warning 
25-09-21 00:13:33.669 [restartedMain] INFO  o.s.b.d.a.OptionalLiveReloadServer - LiveReload server is running on port 35729 
25-09-21 00:13:33.677 [restartedMain] INFO  o.a.coyote.http11.Http11NioProtocol - Starting ProtocolHandler ["http-nio-8080"] 
25-09-21 00:13:33.680 [restartedMain] INFO  o.s.b.w.e.tomcat.TomcatWebServer - Tomcat started on port 8080 (http) with context path '/' 
25-09-21 00:13:33.683 [restartedMain] INFO  c.v.vatManager.VatManagerApplication - Started VatManagerApplication in 0.45 seconds (process running for 1794.323) 
25-09-21 00:13:33.684 [restartedMain] INFO  o.s.b.d.a.ConditionEvaluationDeltaLoggingListener - Condition evaluation unchanged 
25-09-21 00:13:36.106 [File Watcher] INFO  o.s.b.d.a.LocalDevToolsAutoConfiguration$RestartingClassPathChangeChangedEventListener - Restarting due to 1 class path change (0 additions, 0 deletions, 1 modification) 
25-09-21 00:13:36.107 [Thread-138] INFO  o.s.b.w.e.tomcat.GracefulShutdown - Commencing graceful shutdown. Waiting for active requests to complete 
25-09-21 00:13:36.107 [tomcat-shutdown] INFO  o.a.coyote.http11.Http11NioProtocol - Pausing ProtocolHandler ["http-nio-8080"] 
25-09-21 00:13:36.127 [tomcat-shutdown] INFO  o.s.b.w.e.tomcat.GracefulShutdown - Graceful shutdown complete 
25-09-21 00:13:36.128 [Thread-138] INFO  o.a.coyote.http11.Http11NioProtocol - Stopping ProtocolHandler ["http-nio-8080"] 
25-09-21 00:13:36.129 [Thread-138] INFO  o.s.o.j.LocalContainerEntityManagerFactoryBean - Closing JPA EntityManagerFactory for persistence unit 'default' 
25-09-21 00:13:36.129 [Thread-138] INFO  com.zaxxer.hikari.HikariDataSource - HikariPool-35 - Shutdown initiated... 
25-09-21 00:13:36.130 [Thread-138] INFO  com.zaxxer.hikari.HikariDataSource - HikariPool-35 - Shutdown completed. 
25-09-21 00:13:36.184 [restartedMain] INFO  c.v.vatManager.VatManagerApplication - Starting VatManagerApplication using Java 21.0.5 with PID 15280 (D:\SpringBoot  Projects\vatManager\target\classes started by neraz in D:\SpringBoot  Projects\vatManager) 
25-09-21 00:13:36.184 [restartedMain] INFO  c.v.vatManager.VatManagerApplication - No active profile set, falling back to 1 default profile: "default" 
25-09-21 00:13:36.304 [restartedMain] INFO  o.s.d.r.c.RepositoryConfigurationDelegate - Bootstrapping Spring Data JPA repositories in DEFAULT mode. 
25-09-21 00:13:36.313 [restartedMain] INFO  o.s.d.r.c.RepositoryConfigurationDelegate - Finished Spring Data repository scanning in 6 ms. Found 1 JPA repository interface. 
25-09-21 00:13:36.367 [restartedMain] INFO  o.s.b.w.e.tomcat.TomcatWebServer - Tomcat initialized with port 8080 (http) 
25-09-21 00:13:36.368 [restartedMain] INFO  o.a.coyote.http11.Http11NioProtocol - Initializing ProtocolHandler ["http-nio-8080"] 
25-09-21 00:13:36.368 [restartedMain] INFO  o.a.catalina.core.StandardService - Starting service [Tomcat] 
25-09-21 00:13:36.368 [restartedMain] INFO  o.a.catalina.core.StandardEngine - Starting Servlet engine: [Apache Tomcat/10.1.44] 
25-09-21 00:13:36.387 [restartedMain] INFO  o.a.c.c.C.[Tomcat-1].[localhost].[/] - Initializing Spring embedded WebApplicationContext 
25-09-21 00:13:36.387 [restartedMain] INFO  o.s.b.w.s.c.ServletWebServerApplicationContext - Root WebApplicationContext: initialization completed in 203 ms 
25-09-21 00:13:36.409 [restartedMain] INFO  o.h.jpa.internal.util.LogHelper - HHH000204: Processing PersistenceUnitInfo [name: default] 
25-09-21 00:13:36.411 [restartedMain] INFO  o.h.c.i.RegionFactoryInitiator - HHH000026: Second-level cache disabled 
25-09-21 00:13:36.416 [restartedMain] INFO  o.s.o.j.p.SpringPersistenceUnitInfo - No LoadTimeWeaver setup: ignoring JPA class transformer 
25-09-21 00:13:36.417 [restartedMain] INFO  com.zaxxer.hikari.HikariDataSource - HikariPool-36 - Starting... 
25-09-21 00:13:36.418 [restartedMain] INFO  com.zaxxer.hikari.pool.HikariPool - HikariPool-36 - Added connection org.sqlite.jdbc4.JDBC4Connection@77d06f12 
25-09-21 00:13:36.418 [restartedMain] INFO  com.zaxxer.hikari.HikariDataSource - HikariPool-36 - Start completed. 
25-09-21 00:13:36.419 [restartedMain] INFO  o.hibernate.orm.connections.pooling - HHH10001005: Database info:
	Database JDBC URL [Connecting through datasource 'HikariDataSource (HikariPool-36)']
	Database driver: undefined/unknown
	Database version: 3.50.3
	Autocommit mode: undefined/unknown
	Isolation level: undefined/unknown
	Minimum pool size: undefined/unknown
	Maximum pool size: undefined/unknown 
25-09-21 00:13:36.452 [restartedMain] INFO  o.h.e.t.j.p.i.JtaPlatformInitiator - HHH000489: No JTA platform available (set 'hibernate.transaction.jta.platform' to enable JTA platform integration) 
25-09-21 00:13:36.453 [restartedMain] INFO  o.s.o.j.LocalContainerEntityManagerFactoryBean - Initialized JPA EntityManagerFactory for persistence unit 'default' 
25-09-21 00:13:36.497 [restartedMain] WARN  o.s.b.a.o.j.JpaBaseConfiguration$JpaWebConfiguration - spring.jpa.open-in-view is enabled by default. Therefore, database queries may be performed during view rendering. Explicitly configure spring.jpa.open-in-view to disable this warning 
25-09-21 00:13:36.568 [restartedMain] INFO  o.s.b.d.a.OptionalLiveReloadServer - LiveReload server is running on port 35729 
25-09-21 00:13:36.574 [restartedMain] INFO  o.a.coyote.http11.Http11NioProtocol - Starting ProtocolHandler ["http-nio-8080"] 
25-09-21 00:13:36.577 [restartedMain] INFO  o.s.b.w.e.tomcat.TomcatWebServer - Tomcat started on port 8080 (http) with context path '/' 
25-09-21 00:13:36.580 [restartedMain] INFO  c.v.vatManager.VatManagerApplication - Started VatManagerApplication in 0.412 seconds (process running for 1797.22) 
25-09-21 00:13:36.580 [restartedMain] INFO  o.s.b.d.a.ConditionEvaluationDeltaLoggingListener - Condition evaluation unchanged 
25-09-21 00:14:48.025 [File Watcher] INFO  o.s.b.d.a.LocalDevToolsAutoConfiguration$RestartingClassPathChangeChangedEventListener - Restarting due to 1 class path change (0 additions, 0 deletions, 1 modification) 
25-09-21 00:14:48.027 [Thread-142] INFO  o.s.b.w.e.tomcat.GracefulShutdown - Commencing graceful shutdown. Waiting for active requests to complete 
25-09-21 00:14:48.027 [tomcat-shutdown] INFO  o.a.coyote.http11.Http11NioProtocol - Pausing ProtocolHandler ["http-nio-8080"] 
25-09-21 00:14:48.048 [tomcat-shutdown] INFO  o.s.b.w.e.tomcat.GracefulShutdown - Graceful shutdown complete 
25-09-21 00:14:48.048 [Thread-142] INFO  o.a.coyote.http11.Http11NioProtocol - Stopping ProtocolHandler ["http-nio-8080"] 
25-09-21 00:14:48.049 [Thread-142] INFO  o.s.o.j.LocalContainerEntityManagerFactoryBean - Closing JPA EntityManagerFactory for persistence unit 'default' 
25-09-21 00:14:48.049 [Thread-142] INFO  com.zaxxer.hikari.HikariDataSource - HikariPool-36 - Shutdown initiated... 
25-09-21 00:14:48.050 [Thread-142] INFO  com.zaxxer.hikari.HikariDataSource - HikariPool-36 - Shutdown completed. 
25-09-21 00:14:48.104 [restartedMain] INFO  c.v.vatManager.VatManagerApplication - Starting VatManagerApplication using Java 21.0.5 with PID 15280 (D:\SpringBoot  Projects\vatManager\target\classes started by neraz in D:\SpringBoot  Projects\vatManager) 
25-09-21 00:14:48.106 [restartedMain] INFO  c.v.vatManager.VatManagerApplication - No active profile set, falling back to 1 default profile: "default" 
25-09-21 00:14:48.222 [restartedMain] INFO  o.s.d.r.c.RepositoryConfigurationDelegate - Bootstrapping Spring Data JPA repositories in DEFAULT mode. 
25-09-21 00:14:48.229 [restartedMain] INFO  o.s.d.r.c.RepositoryConfigurationDelegate - Finished Spring Data repository scanning in 6 ms. Found 1 JPA repository interface. 
25-09-21 00:14:48.281 [restartedMain] INFO  o.s.b.w.e.tomcat.TomcatWebServer - Tomcat initialized with port 8080 (http) 
25-09-21 00:14:48.282 [restartedMain] INFO  o.a.coyote.http11.Http11NioProtocol - Initializing ProtocolHandler ["http-nio-8080"] 
25-09-21 00:14:48.282 [restartedMain] INFO  o.a.catalina.core.StandardService - Starting service [Tomcat] 
25-09-21 00:14:48.282 [restartedMain] INFO  o.a.catalina.core.StandardEngine - Starting Servlet engine: [Apache Tomcat/10.1.44] 
25-09-21 00:14:48.302 [restartedMain] INFO  o.a.c.c.C.[Tomcat-1].[localhost].[/] - Initializing Spring embedded WebApplicationContext 
25-09-21 00:14:48.302 [restartedMain] INFO  o.s.b.w.s.c.ServletWebServerApplicationContext - Root WebApplicationContext: initialization completed in 196 ms 
25-09-21 00:14:48.323 [restartedMain] INFO  o.h.jpa.internal.util.LogHelper - HHH000204: Processing PersistenceUnitInfo [name: default] 
25-09-21 00:14:48.326 [restartedMain] INFO  o.h.c.i.RegionFactoryInitiator - HHH000026: Second-level cache disabled 
25-09-21 00:14:48.330 [restartedMain] INFO  o.s.o.j.p.SpringPersistenceUnitInfo - No LoadTimeWeaver setup: ignoring JPA class transformer 
25-09-21 00:14:48.332 [restartedMain] INFO  com.zaxxer.hikari.HikariDataSource - HikariPool-37 - Starting... 
25-09-21 00:14:48.332 [restartedMain] INFO  com.zaxxer.hikari.pool.HikariPool - HikariPool-37 - Added connection org.sqlite.jdbc4.JDBC4Connection@f33f46d 
25-09-21 00:14:48.332 [restartedMain] INFO  com.zaxxer.hikari.HikariDataSource - HikariPool-37 - Start completed. 
25-09-21 00:14:48.333 [restartedMain] INFO  o.hibernate.orm.connections.pooling - HHH10001005: Database info:
	Database JDBC URL [Connecting through datasource 'HikariDataSource (HikariPool-37)']
	Database driver: undefined/unknown
	Database version: 3.50.3
	Autocommit mode: undefined/unknown
	Isolation level: undefined/unknown
	Minimum pool size: undefined/unknown
	Maximum pool size: undefined/unknown 
25-09-21 00:14:48.373 [restartedMain] INFO  o.h.e.t.j.p.i.JtaPlatformInitiator - HHH000489: No JTA platform available (set 'hibernate.transaction.jta.platform' to enable JTA platform integration) 
25-09-21 00:14:48.375 [restartedMain] INFO  o.s.o.j.LocalContainerEntityManagerFactoryBean - Initialized JPA EntityManagerFactory for persistence unit 'default' 
25-09-21 00:14:48.424 [restartedMain] WARN  o.s.b.a.o.j.JpaBaseConfiguration$JpaWebConfiguration - spring.jpa.open-in-view is enabled by default. Therefore, database queries may be performed during view rendering. Explicitly configure spring.jpa.open-in-view to disable this warning 
25-09-21 00:14:48.498 [restartedMain] INFO  o.s.b.d.a.OptionalLiveReloadServer - LiveReload server is running on port 35729 
25-09-21 00:14:48.504 [restartedMain] INFO  o.a.coyote.http11.Http11NioProtocol - Starting ProtocolHandler ["http-nio-8080"] 
25-09-21 00:14:48.508 [restartedMain] INFO  o.s.b.w.e.tomcat.TomcatWebServer - Tomcat started on port 8080 (http) with context path '/' 
25-09-21 00:14:48.510 [restartedMain] INFO  c.v.vatManager.VatManagerApplication - Started VatManagerApplication in 0.42 seconds (process running for 1869.151) 
25-09-21 00:14:48.512 [restartedMain] INFO  o.s.b.d.a.ConditionEvaluationDeltaLoggingListener - Condition evaluation unchanged 
25-09-21 00:20:10.444 [File Watcher] INFO  o.s.b.d.a.LocalDevToolsAutoConfiguration$RestartingClassPathChangeChangedEventListener - Restarting due to 1 class path change (0 additions, 0 deletions, 1 modification) 
25-09-21 00:20:10.445 [Thread-146] INFO  o.s.b.w.e.tomcat.GracefulShutdown - Commencing graceful shutdown. Waiting for active requests to complete 
25-09-21 00:20:10.446 [tomcat-shutdown] INFO  o.a.coyote.http11.Http11NioProtocol - Pausing ProtocolHandler ["http-nio-8080"] 
25-09-21 00:20:10.468 [tomcat-shutdown] INFO  o.s.b.w.e.tomcat.GracefulShutdown - Graceful shutdown complete 
25-09-21 00:20:10.468 [Thread-146] INFO  o.a.coyote.http11.Http11NioProtocol - Stopping ProtocolHandler ["http-nio-8080"] 
25-09-21 00:20:10.469 [Thread-146] INFO  o.s.o.j.LocalContainerEntityManagerFactoryBean - Closing JPA EntityManagerFactory for persistence unit 'default' 
25-09-21 00:20:10.470 [Thread-146] INFO  com.zaxxer.hikari.HikariDataSource - HikariPool-37 - Shutdown initiated... 
25-09-21 00:20:10.471 [Thread-146] INFO  com.zaxxer.hikari.HikariDataSource - HikariPool-37 - Shutdown completed. 
25-09-21 00:20:10.534 [restartedMain] INFO  c.v.vatManager.VatManagerApplication - Starting VatManagerApplication using Java 21.0.5 with PID 15280 (D:\SpringBoot  Projects\vatManager\target\classes started by neraz in D:\SpringBoot  Projects\vatManager) 
25-09-21 00:20:10.535 [restartedMain] INFO  c.v.vatManager.VatManagerApplication - No active profile set, falling back to 1 default profile: "default" 
25-09-21 00:20:10.663 [restartedMain] INFO  o.s.d.r.c.RepositoryConfigurationDelegate - Bootstrapping Spring Data JPA repositories in DEFAULT mode. 
25-09-21 00:20:10.670 [restartedMain] INFO  o.s.d.r.c.RepositoryConfigurationDelegate - Finished Spring Data repository scanning in 6 ms. Found 1 JPA repository interface. 
25-09-21 00:20:10.741 [restartedMain] INFO  o.s.b.w.e.tomcat.TomcatWebServer - Tomcat initialized with port 8080 (http) 
25-09-21 00:20:10.744 [restartedMain] INFO  o.a.coyote.http11.Http11NioProtocol - Initializing ProtocolHandler ["http-nio-8080"] 
25-09-21 00:20:10.744 [restartedMain] INFO  o.a.catalina.core.StandardService - Starting service [Tomcat] 
25-09-21 00:20:10.744 [restartedMain] INFO  o.a.catalina.core.StandardEngine - Starting Servlet engine: [Apache Tomcat/10.1.44] 
25-09-21 00:20:10.766 [restartedMain] INFO  o.a.c.c.C.[Tomcat-1].[localhost].[/] - Initializing Spring embedded WebApplicationContext 
25-09-21 00:20:10.766 [restartedMain] INFO  o.s.b.w.s.c.ServletWebServerApplicationContext - Root WebApplicationContext: initialization completed in 230 ms 
25-09-21 00:20:10.793 [restartedMain] INFO  o.h.jpa.internal.util.LogHelper - HHH000204: Processing PersistenceUnitInfo [name: default] 
25-09-21 00:20:10.796 [restartedMain] INFO  o.h.c.i.RegionFactoryInitiator - HHH000026: Second-level cache disabled 
25-09-21 00:20:10.801 [restartedMain] INFO  o.s.o.j.p.SpringPersistenceUnitInfo - No LoadTimeWeaver setup: ignoring JPA class transformer 
25-09-21 00:20:10.802 [restartedMain] INFO  com.zaxxer.hikari.HikariDataSource - HikariPool-38 - Starting... 
25-09-21 00:20:10.803 [restartedMain] INFO  com.zaxxer.hikari.pool.HikariPool - HikariPool-38 - Added connection org.sqlite.jdbc4.JDBC4Connection@18940983 
25-09-21 00:20:10.804 [restartedMain] INFO  com.zaxxer.hikari.HikariDataSource - HikariPool-38 - Start completed. 
25-09-21 00:20:10.804 [restartedMain] INFO  o.hibernate.orm.connections.pooling - HHH10001005: Database info:
	Database JDBC URL [Connecting through datasource 'HikariDataSource (HikariPool-38)']
	Database driver: undefined/unknown
	Database version: 3.50.3
	Autocommit mode: undefined/unknown
	Isolation level: undefined/unknown
	Minimum pool size: undefined/unknown
	Maximum pool size: undefined/unknown 
25-09-21 00:20:10.826 [restartedMain] INFO  o.h.e.t.j.p.i.JtaPlatformInitiator - HHH000489: No JTA platform available (set 'hibernate.transaction.jta.platform' to enable JTA platform integration) 
25-09-21 00:20:10.828 [restartedMain] INFO  o.s.o.j.LocalContainerEntityManagerFactoryBean - Initialized JPA EntityManagerFactory for persistence unit 'default' 
25-09-21 00:20:10.904 [restartedMain] WARN  o.s.b.a.o.j.JpaBaseConfiguration$JpaWebConfiguration - spring.jpa.open-in-view is enabled by default. Therefore, database queries may be performed during view rendering. Explicitly configure spring.jpa.open-in-view to disable this warning 
25-09-21 00:20:10.998 [restartedMain] INFO  o.s.b.d.a.OptionalLiveReloadServer - LiveReload server is running on port 35729 
25-09-21 00:20:11.004 [restartedMain] INFO  o.a.coyote.http11.Http11NioProtocol - Starting ProtocolHandler ["http-nio-8080"] 
25-09-21 00:20:11.008 [restartedMain] INFO  o.s.b.w.e.tomcat.TomcatWebServer - Tomcat started on port 8080 (http) with context path '/' 
25-09-21 00:20:11.011 [restartedMain] INFO  c.v.vatManager.VatManagerApplication - Started VatManagerApplication in 0.501 seconds (process running for 2191.652) 
25-09-21 00:20:11.012 [restartedMain] INFO  o.s.b.d.a.ConditionEvaluationDeltaLoggingListener - Condition evaluation unchanged 
25-09-21 00:20:15.453 [File Watcher] INFO  o.s.b.d.a.LocalDevToolsAutoConfiguration$RestartingClassPathChangeChangedEventListener - Restarting due to 3 class path changes (0 additions, 0 deletions, 3 modifications) 
25-09-21 00:20:15.454 [Thread-150] INFO  o.s.b.w.e.tomcat.GracefulShutdown - Commencing graceful shutdown. Waiting for active requests to complete 
25-09-21 00:20:15.454 [tomcat-shutdown] INFO  o.a.coyote.http11.Http11NioProtocol - Pausing ProtocolHandler ["http-nio-8080"] 
25-09-21 00:20:15.472 [tomcat-shutdown] INFO  o.s.b.w.e.tomcat.GracefulShutdown - Graceful shutdown complete 
25-09-21 00:20:15.473 [Thread-150] INFO  o.a.coyote.http11.Http11NioProtocol - Stopping ProtocolHandler ["http-nio-8080"] 
25-09-21 00:20:15.474 [Thread-150] INFO  o.s.o.j.LocalContainerEntityManagerFactoryBean - Closing JPA EntityManagerFactory for persistence unit 'default' 
25-09-21 00:20:15.474 [Thread-150] INFO  com.zaxxer.hikari.HikariDataSource - HikariPool-38 - Shutdown initiated... 
25-09-21 00:20:15.475 [Thread-150] INFO  com.zaxxer.hikari.HikariDataSource - HikariPool-38 - Shutdown completed. 
25-09-21 00:20:15.532 [restartedMain] INFO  c.v.vatManager.VatManagerApplication - Starting VatManagerApplication using Java 21.0.5 with PID 15280 (D:\SpringBoot  Projects\vatManager\target\classes started by neraz in D:\SpringBoot  Projects\vatManager) 
25-09-21 00:20:15.532 [restartedMain] INFO  c.v.vatManager.VatManagerApplication - No active profile set, falling back to 1 default profile: "default" 
25-09-21 00:20:15.661 [restartedMain] INFO  o.s.d.r.c.RepositoryConfigurationDelegate - Bootstrapping Spring Data JPA repositories in DEFAULT mode. 
25-09-21 00:20:15.668 [restartedMain] INFO  o.s.d.r.c.RepositoryConfigurationDelegate - Finished Spring Data repository scanning in 6 ms. Found 1 JPA repository interface. 
25-09-21 00:20:15.721 [restartedMain] INFO  o.s.b.w.e.tomcat.TomcatWebServer - Tomcat initialized with port 8080 (http) 
25-09-21 00:20:15.721 [restartedMain] INFO  o.a.coyote.http11.Http11NioProtocol - Initializing ProtocolHandler ["http-nio-8080"] 
25-09-21 00:20:15.721 [restartedMain] INFO  o.a.catalina.core.StandardService - Starting service [Tomcat] 
25-09-21 00:20:15.721 [restartedMain] INFO  o.a.catalina.core.StandardEngine - Starting Servlet engine: [Apache Tomcat/10.1.44] 
25-09-21 00:20:15.741 [restartedMain] INFO  o.a.c.c.C.[Tomcat-1].[localhost].[/] - Initializing Spring embedded WebApplicationContext 
25-09-21 00:20:15.741 [restartedMain] INFO  o.s.b.w.s.c.ServletWebServerApplicationContext - Root WebApplicationContext: initialization completed in 208 ms 
25-09-21 00:20:15.763 [restartedMain] INFO  o.h.jpa.internal.util.LogHelper - HHH000204: Processing PersistenceUnitInfo [name: default] 
25-09-21 00:20:15.765 [restartedMain] INFO  o.h.c.i.RegionFactoryInitiator - HHH000026: Second-level cache disabled 
25-09-21 00:20:15.770 [restartedMain] INFO  o.s.o.j.p.SpringPersistenceUnitInfo - No LoadTimeWeaver setup: ignoring JPA class transformer 
25-09-21 00:20:15.772 [restartedMain] INFO  com.zaxxer.hikari.HikariDataSource - HikariPool-39 - Starting... 
25-09-21 00:20:15.773 [restartedMain] INFO  com.zaxxer.hikari.pool.HikariPool - HikariPool-39 - Added connection org.sqlite.jdbc4.JDBC4Connection@23f1fd54 
25-09-21 00:20:15.773 [restartedMain] INFO  com.zaxxer.hikari.HikariDataSource - HikariPool-39 - Start completed. 
25-09-21 00:20:15.773 [restartedMain] INFO  o.hibernate.orm.connections.pooling - HHH10001005: Database info:
	Database JDBC URL [Connecting through datasource 'HikariDataSource (HikariPool-39)']
	Database driver: undefined/unknown
	Database version: 3.50.3
	Autocommit mode: undefined/unknown
	Isolation level: undefined/unknown
	Minimum pool size: undefined/unknown
	Maximum pool size: undefined/unknown 
25-09-21 00:20:15.794 [restartedMain] INFO  o.h.e.t.j.p.i.JtaPlatformInitiator - HHH000489: No JTA platform available (set 'hibernate.transaction.jta.platform' to enable JTA platform integration) 
25-09-21 00:20:15.796 [restartedMain] INFO  o.s.o.j.LocalContainerEntityManagerFactoryBean - Initialized JPA EntityManagerFactory for persistence unit 'default' 
25-09-21 00:20:15.853 [restartedMain] WARN  o.s.b.a.o.j.JpaBaseConfiguration$JpaWebConfiguration - spring.jpa.open-in-view is enabled by default. Therefore, database queries may be performed during view rendering. Explicitly configure spring.jpa.open-in-view to disable this warning 
25-09-21 00:20:15.928 [restartedMain] INFO  o.s.b.d.a.OptionalLiveReloadServer - LiveReload server is running on port 35729 
25-09-21 00:20:15.934 [restartedMain] INFO  o.a.coyote.http11.Http11NioProtocol - Starting ProtocolHandler ["http-nio-8080"] 
25-09-21 00:20:15.937 [restartedMain] INFO  o.s.b.w.e.tomcat.TomcatWebServer - Tomcat started on port 8080 (http) with context path '/' 
25-09-21 00:20:15.940 [restartedMain] INFO  c.v.vatManager.VatManagerApplication - Started VatManagerApplication in 0.424 seconds (process running for 2196.581) 
25-09-21 00:20:15.941 [restartedMain] INFO  o.s.b.d.a.ConditionEvaluationDeltaLoggingListener - Condition evaluation unchanged 
25-09-21 00:22:36.346 [File Watcher] INFO  o.s.b.d.a.LocalDevToolsAutoConfiguration$RestartingClassPathChangeChangedEventListener - Restarting due to 1 class path change (0 additions, 0 deletions, 1 modification) 
25-09-21 00:22:36.347 [Thread-154] INFO  o.s.b.w.e.tomcat.GracefulShutdown - Commencing graceful shutdown. Waiting for active requests to complete 
25-09-21 00:22:36.347 [tomcat-shutdown] INFO  o.a.coyote.http11.Http11NioProtocol - Pausing ProtocolHandler ["http-nio-8080"] 
25-09-21 00:22:36.368 [tomcat-shutdown] INFO  o.s.b.w.e.tomcat.GracefulShutdown - Graceful shutdown complete 
25-09-21 00:22:36.368 [Thread-154] INFO  o.a.coyote.http11.Http11NioProtocol - Stopping ProtocolHandler ["http-nio-8080"] 
25-09-21 00:22:36.369 [Thread-154] INFO  o.s.o.j.LocalContainerEntityManagerFactoryBean - Closing JPA EntityManagerFactory for persistence unit 'default' 
25-09-21 00:22:36.369 [Thread-154] INFO  com.zaxxer.hikari.HikariDataSource - HikariPool-39 - Shutdown initiated... 
25-09-21 00:22:36.370 [Thread-154] INFO  com.zaxxer.hikari.HikariDataSource - HikariPool-39 - Shutdown completed. 
25-09-21 00:22:36.425 [restartedMain] INFO  c.v.vatManager.VatManagerApplication - Starting VatManagerApplication using Java 21.0.5 with PID 15280 (D:\SpringBoot  Projects\vatManager\target\classes started by neraz in D:\SpringBoot  Projects\vatManager) 
25-09-21 00:22:36.426 [restartedMain] INFO  c.v.vatManager.VatManagerApplication - No active profile set, falling back to 1 default profile: "default" 
25-09-21 00:22:36.547 [restartedMain] INFO  o.s.d.r.c.RepositoryConfigurationDelegate - Bootstrapping Spring Data JPA repositories in DEFAULT mode. 
25-09-21 00:22:36.554 [restartedMain] INFO  o.s.d.r.c.RepositoryConfigurationDelegate - Finished Spring Data repository scanning in 6 ms. Found 1 JPA repository interface. 
25-09-21 00:22:36.616 [restartedMain] INFO  o.s.b.w.e.tomcat.TomcatWebServer - Tomcat initialized with port 8080 (http) 
25-09-21 00:22:36.616 [restartedMain] INFO  o.a.coyote.http11.Http11NioProtocol - Initializing ProtocolHandler ["http-nio-8080"] 
25-09-21 00:22:36.616 [restartedMain] INFO  o.a.catalina.core.StandardService - Starting service [Tomcat] 
25-09-21 00:22:36.616 [restartedMain] INFO  o.a.catalina.core.StandardEngine - Starting Servlet engine: [Apache Tomcat/10.1.44] 
25-09-21 00:22:36.635 [restartedMain] INFO  o.a.c.c.C.[Tomcat-1].[localhost].[/] - Initializing Spring embedded WebApplicationContext 
25-09-21 00:22:36.635 [restartedMain] INFO  o.s.b.w.s.c.ServletWebServerApplicationContext - Root WebApplicationContext: initialization completed in 208 ms 
25-09-21 00:22:36.658 [restartedMain] INFO  o.h.jpa.internal.util.LogHelper - HHH000204: Processing PersistenceUnitInfo [name: default] 
25-09-21 00:22:36.660 [restartedMain] INFO  o.h.c.i.RegionFactoryInitiator - HHH000026: Second-level cache disabled 
25-09-21 00:22:36.665 [restartedMain] INFO  o.s.o.j.p.SpringPersistenceUnitInfo - No LoadTimeWeaver setup: ignoring JPA class transformer 
25-09-21 00:22:36.666 [restartedMain] INFO  com.zaxxer.hikari.HikariDataSource - HikariPool-40 - Starting... 
25-09-21 00:22:36.667 [restartedMain] INFO  com.zaxxer.hikari.pool.HikariPool - HikariPool-40 - Added connection org.sqlite.jdbc4.JDBC4Connection@86162cb 
25-09-21 00:22:36.667 [restartedMain] INFO  com.zaxxer.hikari.HikariDataSource - HikariPool-40 - Start completed. 
25-09-21 00:22:36.667 [restartedMain] INFO  o.hibernate.orm.connections.pooling - HHH10001005: Database info:
	Database JDBC URL [Connecting through datasource 'HikariDataSource (HikariPool-40)']
	Database driver: undefined/unknown
	Database version: 3.50.3
	Autocommit mode: undefined/unknown
	Isolation level: undefined/unknown
	Minimum pool size: undefined/unknown
	Maximum pool size: undefined/unknown 
25-09-21 00:22:36.688 [restartedMain] INFO  o.h.e.t.j.p.i.JtaPlatformInitiator - HHH000489: No JTA platform available (set 'hibernate.transaction.jta.platform' to enable JTA platform integration) 
25-09-21 00:22:36.690 [restartedMain] INFO  o.s.o.j.LocalContainerEntityManagerFactoryBean - Initialized JPA EntityManagerFactory for persistence unit 'default' 
25-09-21 00:22:36.740 [restartedMain] WARN  o.s.b.a.o.j.JpaBaseConfiguration$JpaWebConfiguration - spring.jpa.open-in-view is enabled by default. Therefore, database queries may be performed during view rendering. Explicitly configure spring.jpa.open-in-view to disable this warning 
25-09-21 00:22:36.834 [restartedMain] INFO  o.s.b.d.a.OptionalLiveReloadServer - LiveReload server is running on port 35729 
25-09-21 00:22:36.840 [restartedMain] INFO  o.a.coyote.http11.Http11NioProtocol - Starting ProtocolHandler ["http-nio-8080"] 
25-09-21 00:22:36.843 [restartedMain] INFO  o.s.b.w.e.tomcat.TomcatWebServer - Tomcat started on port 8080 (http) with context path '/' 
25-09-21 00:22:36.847 [restartedMain] INFO  c.v.vatManager.VatManagerApplication - Started VatManagerApplication in 0.438 seconds (process running for 2337.487) 
25-09-21 00:22:36.848 [restartedMain] INFO  o.s.b.d.a.ConditionEvaluationDeltaLoggingListener - Condition evaluation unchanged 
25-09-21 00:22:42.301 [File Watcher] INFO  o.s.b.d.a.LocalDevToolsAutoConfiguration$RestartingClassPathChangeChangedEventListener - Restarting due to 1 class path change (0 additions, 0 deletions, 1 modification) 
25-09-21 00:22:42.302 [Thread-158] INFO  o.s.b.w.e.tomcat.GracefulShutdown - Commencing graceful shutdown. Waiting for active requests to complete 
25-09-21 00:22:42.302 [tomcat-shutdown] INFO  o.a.coyote.http11.Http11NioProtocol - Pausing ProtocolHandler ["http-nio-8080"] 
25-09-21 00:22:42.321 [tomcat-shutdown] INFO  o.s.b.w.e.tomcat.GracefulShutdown - Graceful shutdown complete 
25-09-21 00:22:42.322 [Thread-158] INFO  o.a.coyote.http11.Http11NioProtocol - Stopping ProtocolHandler ["http-nio-8080"] 
25-09-21 00:22:42.323 [Thread-158] INFO  o.s.o.j.LocalContainerEntityManagerFactoryBean - Closing JPA EntityManagerFactory for persistence unit 'default' 
25-09-21 00:22:42.323 [Thread-158] INFO  com.zaxxer.hikari.HikariDataSource - HikariPool-40 - Shutdown initiated... 
25-09-21 00:22:42.324 [Thread-158] INFO  com.zaxxer.hikari.HikariDataSource - HikariPool-40 - Shutdown completed. 
25-09-21 00:22:42.380 [restartedMain] INFO  c.v.vatManager.VatManagerApplication - Starting VatManagerApplication using Java 21.0.5 with PID 15280 (D:\SpringBoot  Projects\vatManager\target\classes started by neraz in D:\SpringBoot  Projects\vatManager) 
25-09-21 00:22:42.381 [restartedMain] INFO  c.v.vatManager.VatManagerApplication - No active profile set, falling back to 1 default profile: "default" 
25-09-21 00:22:42.502 [restartedMain] INFO  o.s.d.r.c.RepositoryConfigurationDelegate - Bootstrapping Spring Data JPA repositories in DEFAULT mode. 
25-09-21 00:22:42.508 [restartedMain] INFO  o.s.d.r.c.RepositoryConfigurationDelegate - Finished Spring Data repository scanning in 6 ms. Found 1 JPA repository interface. 
25-09-21 00:22:42.563 [restartedMain] INFO  o.s.b.w.e.tomcat.TomcatWebServer - Tomcat initialized with port 8080 (http) 
25-09-21 00:22:42.563 [restartedMain] INFO  o.a.coyote.http11.Http11NioProtocol - Initializing ProtocolHandler ["http-nio-8080"] 
25-09-21 00:22:42.563 [restartedMain] INFO  o.a.catalina.core.StandardService - Starting service [Tomcat] 
25-09-21 00:22:42.563 [restartedMain] INFO  o.a.catalina.core.StandardEngine - Starting Servlet engine: [Apache Tomcat/10.1.44] 
25-09-21 00:22:42.584 [restartedMain] INFO  o.a.c.c.C.[Tomcat-1].[localhost].[/] - Initializing Spring embedded WebApplicationContext 
25-09-21 00:22:42.584 [restartedMain] INFO  o.s.b.w.s.c.ServletWebServerApplicationContext - Root WebApplicationContext: initialization completed in 202 ms 
25-09-21 00:22:42.607 [restartedMain] INFO  o.h.jpa.internal.util.LogHelper - HHH000204: Processing PersistenceUnitInfo [name: default] 
25-09-21 00:22:42.609 [restartedMain] INFO  o.h.c.i.RegionFactoryInitiator - HHH000026: Second-level cache disabled 
25-09-21 00:22:42.614 [restartedMain] INFO  o.s.o.j.p.SpringPersistenceUnitInfo - No LoadTimeWeaver setup: ignoring JPA class transformer 
25-09-21 00:22:42.615 [restartedMain] INFO  com.zaxxer.hikari.HikariDataSource - HikariPool-41 - Starting... 
25-09-21 00:22:42.616 [restartedMain] INFO  com.zaxxer.hikari.pool.HikariPool - HikariPool-41 - Added connection org.sqlite.jdbc4.JDBC4Connection@52a523fe 
25-09-21 00:22:42.616 [restartedMain] INFO  com.zaxxer.hikari.HikariDataSource - HikariPool-41 - Start completed. 
25-09-21 00:22:42.617 [restartedMain] INFO  o.hibernate.orm.connections.pooling - HHH10001005: Database info:
	Database JDBC URL [Connecting through datasource 'HikariDataSource (HikariPool-41)']
	Database driver: undefined/unknown
	Database version: 3.50.3
	Autocommit mode: undefined/unknown
	Isolation level: undefined/unknown
	Minimum pool size: undefined/unknown
	Maximum pool size: undefined/unknown 
25-09-21 00:22:42.637 [restartedMain] INFO  o.h.e.t.j.p.i.JtaPlatformInitiator - HHH000489: No JTA platform available (set 'hibernate.transaction.jta.platform' to enable JTA platform integration) 
25-09-21 00:22:42.638 [restartedMain] INFO  o.s.o.j.LocalContainerEntityManagerFactoryBean - Initialized JPA EntityManagerFactory for persistence unit 'default' 
25-09-21 00:22:42.685 [restartedMain] WARN  o.s.b.a.o.j.JpaBaseConfiguration$JpaWebConfiguration - spring.jpa.open-in-view is enabled by default. Therefore, database queries may be performed during view rendering. Explicitly configure spring.jpa.open-in-view to disable this warning 
25-09-21 00:22:42.770 [restartedMain] INFO  o.s.b.d.a.OptionalLiveReloadServer - LiveReload server is running on port 35729 
25-09-21 00:22:42.776 [restartedMain] INFO  o.a.coyote.http11.Http11NioProtocol - Starting ProtocolHandler ["http-nio-8080"] 
25-09-21 00:22:42.779 [restartedMain] INFO  o.s.b.w.e.tomcat.TomcatWebServer - Tomcat started on port 8080 (http) with context path '/' 
25-09-21 00:22:42.782 [restartedMain] INFO  c.v.vatManager.VatManagerApplication - Started VatManagerApplication in 0.419 seconds (process running for 2343.423) 
25-09-21 00:22:42.783 [restartedMain] INFO  o.s.b.d.a.ConditionEvaluationDeltaLoggingListener - Condition evaluation unchanged 
25-09-21 00:22:44.187 [File Watcher] INFO  o.s.b.d.a.LocalDevToolsAutoConfiguration$RestartingClassPathChangeChangedEventListener - Restarting due to 1 class path change (0 additions, 0 deletions, 1 modification) 
25-09-21 00:22:44.188 [Thread-162] INFO  o.s.b.w.e.tomcat.GracefulShutdown - Commencing graceful shutdown. Waiting for active requests to complete 
25-09-21 00:22:44.188 [tomcat-shutdown] INFO  o.a.coyote.http11.Http11NioProtocol - Pausing ProtocolHandler ["http-nio-8080"] 
25-09-21 00:22:44.209 [tomcat-shutdown] INFO  o.s.b.w.e.tomcat.GracefulShutdown - Graceful shutdown complete 
25-09-21 00:22:44.209 [Thread-162] INFO  o.a.coyote.http11.Http11NioProtocol - Stopping ProtocolHandler ["http-nio-8080"] 
25-09-21 00:22:44.211 [Thread-162] INFO  o.s.o.j.LocalContainerEntityManagerFactoryBean - Closing JPA EntityManagerFactory for persistence unit 'default' 
25-09-21 00:22:44.211 [Thread-162] INFO  com.zaxxer.hikari.HikariDataSource - HikariPool-41 - Shutdown initiated... 
25-09-21 00:22:44.212 [Thread-162] INFO  com.zaxxer.hikari.HikariDataSource - HikariPool-41 - Shutdown completed. 
25-09-21 00:22:44.267 [restartedMain] INFO  c.v.vatManager.VatManagerApplication - Starting VatManagerApplication using Java 21.0.5 with PID 15280 (D:\SpringBoot  Projects\vatManager\target\classes started by neraz in D:\SpringBoot  Projects\vatManager) 
25-09-21 00:22:44.268 [restartedMain] INFO  c.v.vatManager.VatManagerApplication - No active profile set, falling back to 1 default profile: "default" 
25-09-21 00:22:44.383 [restartedMain] INFO  o.s.d.r.c.RepositoryConfigurationDelegate - Bootstrapping Spring Data JPA repositories in DEFAULT mode. 
25-09-21 00:22:44.389 [restartedMain] INFO  o.s.d.r.c.RepositoryConfigurationDelegate - Finished Spring Data repository scanning in 6 ms. Found 1 JPA repository interface. 
25-09-21 00:22:44.444 [restartedMain] INFO  o.s.b.w.e.tomcat.TomcatWebServer - Tomcat initialized with port 8080 (http) 
25-09-21 00:22:44.444 [restartedMain] INFO  o.a.coyote.http11.Http11NioProtocol - Initializing ProtocolHandler ["http-nio-8080"] 
25-09-21 00:22:44.444 [restartedMain] INFO  o.a.catalina.core.StandardService - Starting service [Tomcat] 
25-09-21 00:22:44.444 [restartedMain] INFO  o.a.catalina.core.StandardEngine - Starting Servlet engine: [Apache Tomcat/10.1.44] 
25-09-21 00:22:44.464 [restartedMain] INFO  o.a.c.c.C.[Tomcat-1].[localhost].[/] - Initializing Spring embedded WebApplicationContext 
25-09-21 00:22:44.464 [restartedMain] INFO  o.s.b.w.s.c.ServletWebServerApplicationContext - Root WebApplicationContext: initialization completed in 196 ms 
25-09-21 00:22:44.485 [restartedMain] INFO  o.h.jpa.internal.util.LogHelper - HHH000204: Processing PersistenceUnitInfo [name: default] 
25-09-21 00:22:44.487 [restartedMain] INFO  o.h.c.i.RegionFactoryInitiator - HHH000026: Second-level cache disabled 
25-09-21 00:22:44.491 [restartedMain] INFO  o.s.o.j.p.SpringPersistenceUnitInfo - No LoadTimeWeaver setup: ignoring JPA class transformer 
25-09-21 00:22:44.492 [restartedMain] INFO  com.zaxxer.hikari.HikariDataSource - HikariPool-42 - Starting... 
25-09-21 00:22:44.493 [restartedMain] INFO  com.zaxxer.hikari.pool.HikariPool - HikariPool-42 - Added connection org.sqlite.jdbc4.JDBC4Connection@26096072 
25-09-21 00:22:44.493 [restartedMain] INFO  com.zaxxer.hikari.HikariDataSource - HikariPool-42 - Start completed. 
25-09-21 00:22:44.493 [restartedMain] INFO  o.hibernate.orm.connections.pooling - HHH10001005: Database info:
	Database JDBC URL [Connecting through datasource 'HikariDataSource (HikariPool-42)']
	Database driver: undefined/unknown
	Database version: 3.50.3
	Autocommit mode: undefined/unknown
	Isolation level: undefined/unknown
	Minimum pool size: undefined/unknown
	Maximum pool size: undefined/unknown 
25-09-21 00:22:44.513 [restartedMain] INFO  o.h.e.t.j.p.i.JtaPlatformInitiator - HHH000489: No JTA platform available (set 'hibernate.transaction.jta.platform' to enable JTA platform integration) 
25-09-21 00:22:44.514 [restartedMain] INFO  o.s.o.j.LocalContainerEntityManagerFactoryBean - Initialized JPA EntityManagerFactory for persistence unit 'default' 
25-09-21 00:22:44.555 [restartedMain] WARN  o.s.b.a.o.j.JpaBaseConfiguration$JpaWebConfiguration - spring.jpa.open-in-view is enabled by default. Therefore, database queries may be performed during view rendering. Explicitly configure spring.jpa.open-in-view to disable this warning 
25-09-21 00:22:44.642 [restartedMain] INFO  o.s.b.d.a.OptionalLiveReloadServer - LiveReload server is running on port 35729 
25-09-21 00:22:44.649 [restartedMain] INFO  o.a.coyote.http11.Http11NioProtocol - Starting ProtocolHandler ["http-nio-8080"] 
25-09-21 00:22:44.652 [restartedMain] INFO  o.s.b.w.e.tomcat.TomcatWebServer - Tomcat started on port 8080 (http) with context path '/' 
25-09-21 00:22:44.654 [restartedMain] INFO  c.v.vatManager.VatManagerApplication - Started VatManagerApplication in 0.404 seconds (process running for 2345.295) 
25-09-21 00:22:44.655 [restartedMain] INFO  o.s.b.d.a.ConditionEvaluationDeltaLoggingListener - Condition evaluation unchanged 
25-09-21 00:22:50.146 [File Watcher] INFO  o.s.b.d.a.LocalDevToolsAutoConfiguration$RestartingClassPathChangeChangedEventListener - Restarting due to 1 class path change (0 additions, 0 deletions, 1 modification) 
25-09-21 00:22:50.146 [Thread-166] INFO  o.s.b.w.e.tomcat.GracefulShutdown - Commencing graceful shutdown. Waiting for active requests to complete 
25-09-21 00:22:50.147 [tomcat-shutdown] INFO  o.a.coyote.http11.Http11NioProtocol - Pausing ProtocolHandler ["http-nio-8080"] 
25-09-21 00:22:50.166 [tomcat-shutdown] INFO  o.s.b.w.e.tomcat.GracefulShutdown - Graceful shutdown complete 
25-09-21 00:22:50.166 [Thread-166] INFO  o.a.coyote.http11.Http11NioProtocol - Stopping ProtocolHandler ["http-nio-8080"] 
25-09-21 00:22:50.167 [Thread-166] INFO  o.s.o.j.LocalContainerEntityManagerFactoryBean - Closing JPA EntityManagerFactory for persistence unit 'default' 
25-09-21 00:22:50.168 [Thread-166] INFO  com.zaxxer.hikari.HikariDataSource - HikariPool-42 - Shutdown initiated... 
25-09-21 00:22:50.169 [Thread-166] INFO  com.zaxxer.hikari.HikariDataSource - HikariPool-42 - Shutdown completed. 
25-09-21 00:22:50.222 [restartedMain] INFO  c.v.vatManager.VatManagerApplication - Starting VatManagerApplication using Java 21.0.5 with PID 15280 (D:\SpringBoot  Projects\vatManager\target\classes started by neraz in D:\SpringBoot  Projects\vatManager) 
25-09-21 00:22:50.223 [restartedMain] INFO  c.v.vatManager.VatManagerApplication - No active profile set, falling back to 1 default profile: "default" 
25-09-21 00:22:50.343 [restartedMain] INFO  o.s.d.r.c.RepositoryConfigurationDelegate - Bootstrapping Spring Data JPA repositories in DEFAULT mode. 
25-09-21 00:22:50.351 [restartedMain] INFO  o.s.d.r.c.RepositoryConfigurationDelegate - Finished Spring Data repository scanning in 6 ms. Found 1 JPA repository interface. 
25-09-21 00:22:50.404 [restartedMain] INFO  o.s.b.w.e.tomcat.TomcatWebServer - Tomcat initialized with port 8080 (http) 
25-09-21 00:22:50.404 [restartedMain] INFO  o.a.coyote.http11.Http11NioProtocol - Initializing ProtocolHandler ["http-nio-8080"] 
25-09-21 00:22:50.404 [restartedMain] INFO  o.a.catalina.core.StandardService - Starting service [Tomcat] 
25-09-21 00:22:50.404 [restartedMain] INFO  o.a.catalina.core.StandardEngine - Starting Servlet engine: [Apache Tomcat/10.1.44] 
25-09-21 00:22:50.424 [restartedMain] INFO  o.a.c.c.C.[Tomcat-1].[localhost].[/] - Initializing Spring embedded WebApplicationContext 
25-09-21 00:22:50.424 [restartedMain] INFO  o.s.b.w.s.c.ServletWebServerApplicationContext - Root WebApplicationContext: initialization completed in 200 ms 
25-09-21 00:22:50.445 [restartedMain] INFO  o.h.jpa.internal.util.LogHelper - HHH000204: Processing PersistenceUnitInfo [name: default] 
25-09-21 00:22:50.448 [restartedMain] INFO  o.h.c.i.RegionFactoryInitiator - HHH000026: Second-level cache disabled 
25-09-21 00:22:50.452 [restartedMain] INFO  o.s.o.j.p.SpringPersistenceUnitInfo - No LoadTimeWeaver setup: ignoring JPA class transformer 
25-09-21 00:22:50.453 [restartedMain] INFO  com.zaxxer.hikari.HikariDataSource - HikariPool-43 - Starting... 
25-09-21 00:22:50.454 [restartedMain] INFO  com.zaxxer.hikari.pool.HikariPool - HikariPool-43 - Added connection org.sqlite.jdbc4.JDBC4Connection@9d3ac0d 
25-09-21 00:22:50.454 [restartedMain] INFO  com.zaxxer.hikari.HikariDataSource - HikariPool-43 - Start completed. 
25-09-21 00:22:50.454 [restartedMain] INFO  o.hibernate.orm.connections.pooling - HHH10001005: Database info:
	Database JDBC URL [Connecting through datasource 'HikariDataSource (HikariPool-43)']
	Database driver: undefined/unknown
	Database version: 3.50.3
	Autocommit mode: undefined/unknown
	Isolation level: undefined/unknown
	Minimum pool size: undefined/unknown
	Maximum pool size: undefined/unknown 
25-09-21 00:22:50.479 [restartedMain] INFO  o.h.e.t.j.p.i.JtaPlatformInitiator - HHH000489: No JTA platform available (set 'hibernate.transaction.jta.platform' to enable JTA platform integration) 
25-09-21 00:22:50.480 [restartedMain] INFO  o.s.o.j.LocalContainerEntityManagerFactoryBean - Initialized JPA EntityManagerFactory for persistence unit 'default' 
25-09-21 00:22:50.536 [restartedMain] WARN  o.s.b.a.o.j.JpaBaseConfiguration$JpaWebConfiguration - spring.jpa.open-in-view is enabled by default. Therefore, database queries may be performed during view rendering. Explicitly configure spring.jpa.open-in-view to disable this warning 
25-09-21 00:22:50.609 [restartedMain] INFO  o.s.b.d.a.OptionalLiveReloadServer - LiveReload server is running on port 35729 
25-09-21 00:22:50.614 [restartedMain] INFO  o.a.coyote.http11.Http11NioProtocol - Starting ProtocolHandler ["http-nio-8080"] 
25-09-21 00:22:50.616 [restartedMain] INFO  o.s.b.w.e.tomcat.TomcatWebServer - Tomcat started on port 8080 (http) with context path '/' 
25-09-21 00:22:50.620 [restartedMain] INFO  c.v.vatManager.VatManagerApplication - Started VatManagerApplication in 0.415 seconds (process running for 2351.261) 
25-09-21 00:22:50.621 [restartedMain] INFO  o.s.b.d.a.ConditionEvaluationDeltaLoggingListener - Condition evaluation unchanged 
25-09-21 00:23:00.156 [File Watcher] INFO  o.s.b.d.a.LocalDevToolsAutoConfiguration$RestartingClassPathChangeChangedEventListener - Restarting due to 1 class path change (0 additions, 0 deletions, 1 modification) 
25-09-21 00:23:00.157 [Thread-170] INFO  o.s.b.w.e.tomcat.GracefulShutdown - Commencing graceful shutdown. Waiting for active requests to complete 
25-09-21 00:23:00.157 [tomcat-shutdown] INFO  o.a.coyote.http11.Http11NioProtocol - Pausing ProtocolHandler ["http-nio-8080"] 
25-09-21 00:23:00.174 [tomcat-shutdown] INFO  o.s.b.w.e.tomcat.GracefulShutdown - Graceful shutdown complete 
25-09-21 00:23:00.174 [Thread-170] INFO  o.a.coyote.http11.Http11NioProtocol - Stopping ProtocolHandler ["http-nio-8080"] 
25-09-21 00:23:00.175 [Thread-170] INFO  o.s.o.j.LocalContainerEntityManagerFactoryBean - Closing JPA EntityManagerFactory for persistence unit 'default' 
25-09-21 00:23:00.176 [Thread-170] INFO  com.zaxxer.hikari.HikariDataSource - HikariPool-43 - Shutdown initiated... 
25-09-21 00:23:00.177 [Thread-170] INFO  com.zaxxer.hikari.HikariDataSource - HikariPool-43 - Shutdown completed. 
25-09-21 00:23:00.238 [restartedMain] INFO  c.v.vatManager.VatManagerApplication - Starting VatManagerApplication using Java 21.0.5 with PID 15280 (D:\SpringBoot  Projects\vatManager\target\classes started by neraz in D:\SpringBoot  Projects\vatManager) 
25-09-21 00:23:00.239 [restartedMain] INFO  c.v.vatManager.VatManagerApplication - No active profile set, falling back to 1 default profile: "default" 
25-09-21 00:23:00.348 [restartedMain] INFO  o.s.d.r.c.RepositoryConfigurationDelegate - Bootstrapping Spring Data JPA repositories in DEFAULT mode. 
25-09-21 00:23:00.356 [restartedMain] INFO  o.s.d.r.c.RepositoryConfigurationDelegate - Finished Spring Data repository scanning in 6 ms. Found 1 JPA repository interface. 
25-09-21 00:23:00.409 [restartedMain] INFO  o.s.b.w.e.tomcat.TomcatWebServer - Tomcat initialized with port 8080 (http) 
25-09-21 00:23:00.410 [restartedMain] INFO  o.a.coyote.http11.Http11NioProtocol - Initializing ProtocolHandler ["http-nio-8080"] 
25-09-21 00:23:00.410 [restartedMain] INFO  o.a.catalina.core.StandardService - Starting service [Tomcat] 
25-09-21 00:23:00.410 [restartedMain] INFO  o.a.catalina.core.StandardEngine - Starting Servlet engine: [Apache Tomcat/10.1.44] 
25-09-21 00:23:00.431 [restartedMain] INFO  o.a.c.c.C.[Tomcat-1].[localhost].[/] - Initializing Spring embedded WebApplicationContext 
25-09-21 00:23:00.431 [restartedMain] INFO  o.s.b.w.s.c.ServletWebServerApplicationContext - Root WebApplicationContext: initialization completed in 191 ms 
25-09-21 00:23:00.452 [restartedMain] INFO  o.h.jpa.internal.util.LogHelper - HHH000204: Processing PersistenceUnitInfo [name: default] 
25-09-21 00:23:00.454 [restartedMain] INFO  o.h.c.i.RegionFactoryInitiator - HHH000026: Second-level cache disabled 
25-09-21 00:23:00.459 [restartedMain] INFO  o.s.o.j.p.SpringPersistenceUnitInfo - No LoadTimeWeaver setup: ignoring JPA class transformer 
25-09-21 00:23:00.460 [restartedMain] INFO  com.zaxxer.hikari.HikariDataSource - HikariPool-44 - Starting... 
25-09-21 00:23:00.461 [restartedMain] INFO  com.zaxxer.hikari.pool.HikariPool - HikariPool-44 - Added connection org.sqlite.jdbc4.JDBC4Connection@65fc4c77 
25-09-21 00:23:00.461 [restartedMain] INFO  com.zaxxer.hikari.HikariDataSource - HikariPool-44 - Start completed. 
25-09-21 00:23:00.462 [restartedMain] INFO  o.hibernate.orm.connections.pooling - HHH10001005: Database info:
	Database JDBC URL [Connecting through datasource 'HikariDataSource (HikariPool-44)']
	Database driver: undefined/unknown
	Database version: 3.50.3
	Autocommit mode: undefined/unknown
	Isolation level: undefined/unknown
	Minimum pool size: undefined/unknown
	Maximum pool size: undefined/unknown 
25-09-21 00:23:00.481 [restartedMain] INFO  o.h.e.t.j.p.i.JtaPlatformInitiator - HHH000489: No JTA platform available (set 'hibernate.transaction.jta.platform' to enable JTA platform integration) 
25-09-21 00:23:00.482 [restartedMain] INFO  o.s.o.j.LocalContainerEntityManagerFactoryBean - Initialized JPA EntityManagerFactory for persistence unit 'default' 
25-09-21 00:23:00.537 [restartedMain] WARN  o.s.b.a.o.j.JpaBaseConfiguration$JpaWebConfiguration - spring.jpa.open-in-view is enabled by default. Therefore, database queries may be performed during view rendering. Explicitly configure spring.jpa.open-in-view to disable this warning 
25-09-21 00:23:00.620 [restartedMain] INFO  o.s.b.d.a.OptionalLiveReloadServer - LiveReload server is running on port 35729 
25-09-21 00:23:00.626 [restartedMain] INFO  o.a.coyote.http11.Http11NioProtocol - Starting ProtocolHandler ["http-nio-8080"] 
25-09-21 00:23:00.630 [restartedMain] INFO  o.s.b.w.e.tomcat.TomcatWebServer - Tomcat started on port 8080 (http) with context path '/' 
25-09-21 00:23:00.633 [restartedMain] INFO  c.v.vatManager.VatManagerApplication - Started VatManagerApplication in 0.411 seconds (process running for 2361.273) 
25-09-21 00:23:00.634 [restartedMain] INFO  o.s.b.d.a.ConditionEvaluationDeltaLoggingListener - Condition evaluation unchanged 
25-09-21 00:23:02.039 [File Watcher] INFO  o.s.b.d.a.LocalDevToolsAutoConfiguration$RestartingClassPathChangeChangedEventListener - Restarting due to 1 class path change (0 additions, 0 deletions, 1 modification) 
25-09-21 00:23:02.039 [Thread-174] INFO  o.s.b.w.e.tomcat.GracefulShutdown - Commencing graceful shutdown. Waiting for active requests to complete 
25-09-21 00:23:02.040 [tomcat-shutdown] INFO  o.a.coyote.http11.Http11NioProtocol - Pausing ProtocolHandler ["http-nio-8080"] 
25-09-21 00:23:02.059 [tomcat-shutdown] INFO  o.s.b.w.e.tomcat.GracefulShutdown - Graceful shutdown complete 
25-09-21 00:23:02.059 [Thread-174] INFO  o.a.coyote.http11.Http11NioProtocol - Stopping ProtocolHandler ["http-nio-8080"] 
25-09-21 00:23:02.061 [Thread-174] INFO  o.s.o.j.LocalContainerEntityManagerFactoryBean - Closing JPA EntityManagerFactory for persistence unit 'default' 
25-09-21 00:23:02.061 [Thread-174] INFO  com.zaxxer.hikari.HikariDataSource - HikariPool-44 - Shutdown initiated... 
25-09-21 00:23:02.062 [Thread-174] INFO  com.zaxxer.hikari.HikariDataSource - HikariPool-44 - Shutdown completed. 
25-09-21 00:23:02.118 [restartedMain] INFO  c.v.vatManager.VatManagerApplication - Starting VatManagerApplication using Java 21.0.5 with PID 15280 (D:\SpringBoot  Projects\vatManager\target\classes started by neraz in D:\SpringBoot  Projects\vatManager) 
25-09-21 00:23:02.118 [restartedMain] INFO  c.v.vatManager.VatManagerApplication - No active profile set, falling back to 1 default profile: "default" 
25-09-21 00:23:02.233 [restartedMain] INFO  o.s.d.r.c.RepositoryConfigurationDelegate - Bootstrapping Spring Data JPA repositories in DEFAULT mode. 
25-09-21 00:23:02.240 [restartedMain] INFO  o.s.d.r.c.RepositoryConfigurationDelegate - Finished Spring Data repository scanning in 6 ms. Found 1 JPA repository interface. 
25-09-21 00:23:02.292 [restartedMain] INFO  o.s.b.w.e.tomcat.TomcatWebServer - Tomcat initialized with port 8080 (http) 
25-09-21 00:23:02.293 [restartedMain] INFO  o.a.coyote.http11.Http11NioProtocol - Initializing ProtocolHandler ["http-nio-8080"] 
25-09-21 00:23:02.293 [restartedMain] INFO  o.a.catalina.core.StandardService - Starting service [Tomcat] 
25-09-21 00:23:02.293 [restartedMain] INFO  o.a.catalina.core.StandardEngine - Starting Servlet engine: [Apache Tomcat/10.1.44] 
25-09-21 00:23:02.313 [restartedMain] INFO  o.a.c.c.C.[Tomcat-1].[localhost].[/] - Initializing Spring embedded WebApplicationContext 
25-09-21 00:23:02.313 [restartedMain] INFO  o.s.b.w.s.c.ServletWebServerApplicationContext - Root WebApplicationContext: initialization completed in 194 ms 
25-09-21 00:23:02.336 [restartedMain] INFO  o.h.jpa.internal.util.LogHelper - HHH000204: Processing PersistenceUnitInfo [name: default] 
25-09-21 00:23:02.339 [restartedMain] INFO  o.h.c.i.RegionFactoryInitiator - HHH000026: Second-level cache disabled 
25-09-21 00:23:02.343 [restartedMain] INFO  o.s.o.j.p.SpringPersistenceUnitInfo - No LoadTimeWeaver setup: ignoring JPA class transformer 
25-09-21 00:23:02.344 [restartedMain] INFO  com.zaxxer.hikari.HikariDataSource - HikariPool-45 - Starting... 
25-09-21 00:23:02.344 [restartedMain] INFO  com.zaxxer.hikari.pool.HikariPool - HikariPool-45 - Added connection org.sqlite.jdbc4.JDBC4Connection@7f43116b 
25-09-21 00:23:02.344 [restartedMain] INFO  com.zaxxer.hikari.HikariDataSource - HikariPool-45 - Start completed. 
25-09-21 00:23:02.346 [restartedMain] INFO  o.hibernate.orm.connections.pooling - HHH10001005: Database info:
	Database JDBC URL [Connecting through datasource 'HikariDataSource (HikariPool-45)']
	Database driver: undefined/unknown
	Database version: 3.50.3
	Autocommit mode: undefined/unknown
	Isolation level: undefined/unknown
	Minimum pool size: undefined/unknown
	Maximum pool size: undefined/unknown 
25-09-21 00:23:02.365 [restartedMain] INFO  o.h.e.t.j.p.i.JtaPlatformInitiator - HHH000489: No JTA platform available (set 'hibernate.transaction.jta.platform' to enable JTA platform integration) 
25-09-21 00:23:02.367 [restartedMain] INFO  o.s.o.j.LocalContainerEntityManagerFactoryBean - Initialized JPA EntityManagerFactory for persistence unit 'default' 
25-09-21 00:23:02.423 [restartedMain] WARN  o.s.b.a.o.j.JpaBaseConfiguration$JpaWebConfiguration - spring.jpa.open-in-view is enabled by default. Therefore, database queries may be performed during view rendering. Explicitly configure spring.jpa.open-in-view to disable this warning 
25-09-21 00:23:02.496 [restartedMain] INFO  o.s.b.d.a.OptionalLiveReloadServer - LiveReload server is running on port 35729 
25-09-21 00:23:02.502 [restartedMain] INFO  o.a.coyote.http11.Http11NioProtocol - Starting ProtocolHandler ["http-nio-8080"] 
25-09-21 00:23:02.505 [restartedMain] INFO  o.s.b.w.e.tomcat.TomcatWebServer - Tomcat started on port 8080 (http) with context path '/' 
25-09-21 00:23:02.508 [restartedMain] INFO  c.v.vatManager.VatManagerApplication - Started VatManagerApplication in 0.406 seconds (process running for 2363.149) 
25-09-21 00:23:02.510 [restartedMain] INFO  o.s.b.d.a.ConditionEvaluationDeltaLoggingListener - Condition evaluation unchanged 
25-09-21 00:26:08.555 [File Watcher] INFO  o.s.b.d.a.LocalDevToolsAutoConfiguration$RestartingClassPathChangeChangedEventListener - Restarting due to 1 class path change (0 additions, 0 deletions, 1 modification) 
25-09-21 00:26:08.555 [Thread-178] INFO  o.s.b.w.e.tomcat.GracefulShutdown - Commencing graceful shutdown. Waiting for active requests to complete 
25-09-21 00:26:08.557 [tomcat-shutdown] INFO  o.a.coyote.http11.Http11NioProtocol - Pausing ProtocolHandler ["http-nio-8080"] 
25-09-21 00:26:08.575 [tomcat-shutdown] INFO  o.s.b.w.e.tomcat.GracefulShutdown - Graceful shutdown complete 
25-09-21 00:26:08.575 [Thread-178] INFO  o.a.coyote.http11.Http11NioProtocol - Stopping ProtocolHandler ["http-nio-8080"] 
25-09-21 00:26:08.577 [Thread-178] INFO  o.s.o.j.LocalContainerEntityManagerFactoryBean - Closing JPA EntityManagerFactory for persistence unit 'default' 
25-09-21 00:26:08.577 [Thread-178] INFO  com.zaxxer.hikari.HikariDataSource - HikariPool-45 - Shutdown initiated... 
25-09-21 00:26:08.578 [Thread-178] INFO  com.zaxxer.hikari.HikariDataSource - HikariPool-45 - Shutdown completed. 
25-09-21 00:26:08.638 [restartedMain] INFO  c.v.vatManager.VatManagerApplication - Starting VatManagerApplication using Java 21.0.5 with PID 15280 (D:\SpringBoot  Projects\vatManager\target\classes started by neraz in D:\SpringBoot  Projects\vatManager) 
25-09-21 00:26:08.638 [restartedMain] INFO  c.v.vatManager.VatManagerApplication - No active profile set, falling back to 1 default profile: "default" 
25-09-21 00:26:08.754 [restartedMain] INFO  o.s.d.r.c.RepositoryConfigurationDelegate - Bootstrapping Spring Data JPA repositories in DEFAULT mode. 
25-09-21 00:26:08.761 [restartedMain] INFO  o.s.d.r.c.RepositoryConfigurationDelegate - Finished Spring Data repository scanning in 6 ms. Found 1 JPA repository interface. 
25-09-21 00:26:08.817 [restartedMain] INFO  o.s.b.w.e.tomcat.TomcatWebServer - Tomcat initialized with port 8080 (http) 
25-09-21 00:26:08.817 [restartedMain] INFO  o.a.coyote.http11.Http11NioProtocol - Initializing ProtocolHandler ["http-nio-8080"] 
25-09-21 00:26:08.817 [restartedMain] INFO  o.a.catalina.core.StandardService - Starting service [Tomcat] 
25-09-21 00:26:08.817 [restartedMain] INFO  o.a.catalina.core.StandardEngine - Starting Servlet engine: [Apache Tomcat/10.1.44] 
25-09-21 00:26:08.836 [restartedMain] INFO  o.a.c.c.C.[Tomcat-1].[localhost].[/] - Initializing Spring embedded WebApplicationContext 
25-09-21 00:26:08.836 [restartedMain] INFO  o.s.b.w.s.c.ServletWebServerApplicationContext - Root WebApplicationContext: initialization completed in 197 ms 
25-09-21 00:26:08.858 [restartedMain] INFO  o.h.jpa.internal.util.LogHelper - HHH000204: Processing PersistenceUnitInfo [name: default] 
25-09-21 00:26:08.859 [restartedMain] INFO  o.h.c.i.RegionFactoryInitiator - HHH000026: Second-level cache disabled 
25-09-21 00:26:08.863 [restartedMain] INFO  o.s.o.j.p.SpringPersistenceUnitInfo - No LoadTimeWeaver setup: ignoring JPA class transformer 
25-09-21 00:26:08.864 [restartedMain] INFO  com.zaxxer.hikari.HikariDataSource - HikariPool-46 - Starting... 
25-09-21 00:26:08.864 [restartedMain] INFO  com.zaxxer.hikari.pool.HikariPool - HikariPool-46 - Added connection org.sqlite.jdbc4.JDBC4Connection@25b5b872 
25-09-21 00:26:08.864 [restartedMain] INFO  com.zaxxer.hikari.HikariDataSource - HikariPool-46 - Start completed. 
25-09-21 00:26:08.866 [restartedMain] INFO  o.hibernate.orm.connections.pooling - HHH10001005: Database info:
	Database JDBC URL [Connecting through datasource 'HikariDataSource (HikariPool-46)']
	Database driver: undefined/unknown
	Database version: 3.50.3
	Autocommit mode: undefined/unknown
	Isolation level: undefined/unknown
	Minimum pool size: undefined/unknown
	Maximum pool size: undefined/unknown 
25-09-21 00:26:08.886 [restartedMain] INFO  o.h.e.t.j.p.i.JtaPlatformInitiator - HHH000489: No JTA platform available (set 'hibernate.transaction.jta.platform' to enable JTA platform integration) 
25-09-21 00:26:08.887 [restartedMain] INFO  o.s.o.j.LocalContainerEntityManagerFactoryBean - Initialized JPA EntityManagerFactory for persistence unit 'default' 
25-09-21 00:26:08.936 [restartedMain] WARN  o.s.b.a.o.j.JpaBaseConfiguration$JpaWebConfiguration - spring.jpa.open-in-view is enabled by default. Therefore, database queries may be performed during view rendering. Explicitly configure spring.jpa.open-in-view to disable this warning 
25-09-21 00:26:09.041 [restartedMain] INFO  o.s.b.d.a.OptionalLiveReloadServer - LiveReload server is running on port 35729 
25-09-21 00:26:09.049 [restartedMain] INFO  o.a.coyote.http11.Http11NioProtocol - Starting ProtocolHandler ["http-nio-8080"] 
25-09-21 00:26:09.051 [restartedMain] INFO  o.s.b.w.e.tomcat.TomcatWebServer - Tomcat started on port 8080 (http) with context path '/' 
25-09-21 00:26:09.054 [restartedMain] INFO  c.v.vatManager.VatManagerApplication - Started VatManagerApplication in 0.433 seconds (process running for 2549.695) 
25-09-21 00:26:09.054 [restartedMain] INFO  o.s.b.d.a.ConditionEvaluationDeltaLoggingListener - Condition evaluation unchanged 
25-09-21 00:31:37.099 [File Watcher] INFO  o.s.b.d.a.LocalDevToolsAutoConfiguration$RestartingClassPathChangeChangedEventListener - Restarting due to 1 class path change (0 additions, 0 deletions, 1 modification) 
25-09-21 00:31:37.100 [Thread-182] INFO  o.s.b.w.e.tomcat.GracefulShutdown - Commencing graceful shutdown. Waiting for active requests to complete 
25-09-21 00:31:37.101 [tomcat-shutdown] INFO  o.a.coyote.http11.Http11NioProtocol - Pausing ProtocolHandler ["http-nio-8080"] 
25-09-21 00:31:37.120 [tomcat-shutdown] INFO  o.s.b.w.e.tomcat.GracefulShutdown - Graceful shutdown complete 
25-09-21 00:31:37.120 [Thread-182] INFO  o.a.coyote.http11.Http11NioProtocol - Stopping ProtocolHandler ["http-nio-8080"] 
25-09-21 00:31:37.122 [Thread-182] INFO  o.s.o.j.LocalContainerEntityManagerFactoryBean - Closing JPA EntityManagerFactory for persistence unit 'default' 
25-09-21 00:31:37.122 [Thread-182] INFO  com.zaxxer.hikari.HikariDataSource - HikariPool-46 - Shutdown initiated... 
25-09-21 00:31:37.124 [Thread-182] INFO  com.zaxxer.hikari.HikariDataSource - HikariPool-46 - Shutdown completed. 
25-09-21 00:31:37.182 [restartedMain] INFO  c.v.vatManager.VatManagerApplication - Starting VatManagerApplication using Java 21.0.5 with PID 15280 (D:\SpringBoot  Projects\vatManager\target\classes started by neraz in D:\SpringBoot  Projects\vatManager) 
25-09-21 00:31:37.182 [restartedMain] INFO  c.v.vatManager.VatManagerApplication - No active profile set, falling back to 1 default profile: "default" 
25-09-21 00:31:37.291 [restartedMain] INFO  o.s.d.r.c.RepositoryConfigurationDelegate - Bootstrapping Spring Data JPA repositories in DEFAULT mode. 
25-09-21 00:31:37.299 [restartedMain] INFO  o.s.d.r.c.RepositoryConfigurationDelegate - Finished Spring Data repository scanning in 7 ms. Found 1 JPA repository interface. 
25-09-21 00:31:37.353 [restartedMain] INFO  o.s.b.w.e.tomcat.TomcatWebServer - Tomcat initialized with port 8080 (http) 
25-09-21 00:31:37.353 [restartedMain] INFO  o.a.coyote.http11.Http11NioProtocol - Initializing ProtocolHandler ["http-nio-8080"] 
25-09-21 00:31:37.353 [restartedMain] INFO  o.a.catalina.core.StandardService - Starting service [Tomcat] 
25-09-21 00:31:37.353 [restartedMain] INFO  o.a.catalina.core.StandardEngine - Starting Servlet engine: [Apache Tomcat/10.1.44] 
25-09-21 00:31:37.373 [restartedMain] INFO  o.a.c.c.C.[Tomcat-1].[localhost].[/] - Initializing Spring embedded WebApplicationContext 
25-09-21 00:31:37.373 [restartedMain] INFO  o.s.b.w.s.c.ServletWebServerApplicationContext - Root WebApplicationContext: initialization completed in 190 ms 
25-09-21 00:31:37.394 [restartedMain] INFO  o.h.jpa.internal.util.LogHelper - HHH000204: Processing PersistenceUnitInfo [name: default] 
25-09-21 00:31:37.397 [restartedMain] INFO  o.h.c.i.RegionFactoryInitiator - HHH000026: Second-level cache disabled 
25-09-21 00:31:37.401 [restartedMain] INFO  o.s.o.j.p.SpringPersistenceUnitInfo - No LoadTimeWeaver setup: ignoring JPA class transformer 
25-09-21 00:31:37.403 [restartedMain] INFO  com.zaxxer.hikari.HikariDataSource - HikariPool-47 - Starting... 
25-09-21 00:31:37.403 [restartedMain] INFO  com.zaxxer.hikari.pool.HikariPool - HikariPool-47 - Added connection org.sqlite.jdbc4.JDBC4Connection@70a59dd1 
25-09-21 00:31:37.403 [restartedMain] INFO  com.zaxxer.hikari.HikariDataSource - HikariPool-47 - Start completed. 
25-09-21 00:31:37.404 [restartedMain] INFO  o.hibernate.orm.connections.pooling - HHH10001005: Database info:
	Database JDBC URL [Connecting through datasource 'HikariDataSource (HikariPool-47)']
	Database driver: undefined/unknown
	Database version: 3.50.3
	Autocommit mode: undefined/unknown
	Isolation level: undefined/unknown
	Minimum pool size: undefined/unknown
	Maximum pool size: undefined/unknown 
25-09-21 00:31:37.423 [restartedMain] INFO  o.h.e.t.j.p.i.JtaPlatformInitiator - HHH000489: No JTA platform available (set 'hibernate.transaction.jta.platform' to enable JTA platform integration) 
25-09-21 00:31:37.424 [restartedMain] INFO  o.s.o.j.LocalContainerEntityManagerFactoryBean - Initialized JPA EntityManagerFactory for persistence unit 'default' 
25-09-21 00:31:37.471 [restartedMain] WARN  o.s.b.a.o.j.JpaBaseConfiguration$JpaWebConfiguration - spring.jpa.open-in-view is enabled by default. Therefore, database queries may be performed during view rendering. Explicitly configure spring.jpa.open-in-view to disable this warning 
25-09-21 00:31:37.570 [restartedMain] INFO  o.s.b.d.a.OptionalLiveReloadServer - LiveReload server is running on port 35729 
25-09-21 00:31:37.577 [restartedMain] INFO  o.a.coyote.http11.Http11NioProtocol - Starting ProtocolHandler ["http-nio-8080"] 
25-09-21 00:31:37.580 [restartedMain] INFO  o.s.b.w.e.tomcat.TomcatWebServer - Tomcat started on port 8080 (http) with context path '/' 
25-09-21 00:31:37.583 [restartedMain] INFO  c.v.vatManager.VatManagerApplication - Started VatManagerApplication in 0.417 seconds (process running for 2878.224) 
25-09-21 00:31:37.584 [restartedMain] INFO  o.s.b.d.a.ConditionEvaluationDeltaLoggingListener - Condition evaluation unchanged 
25-09-21 00:34:14.188 [File Watcher] INFO  o.s.b.d.a.LocalDevToolsAutoConfiguration$RestartingClassPathChangeChangedEventListener - Restarting due to 1 class path change (0 additions, 0 deletions, 1 modification) 
25-09-21 00:34:14.189 [Thread-186] INFO  o.s.b.w.e.tomcat.GracefulShutdown - Commencing graceful shutdown. Waiting for active requests to complete 
25-09-21 00:34:14.189 [tomcat-shutdown] INFO  o.a.coyote.http11.Http11NioProtocol - Pausing ProtocolHandler ["http-nio-8080"] 
25-09-21 00:34:14.209 [tomcat-shutdown] INFO  o.s.b.w.e.tomcat.GracefulShutdown - Graceful shutdown complete 
25-09-21 00:34:14.209 [Thread-186] INFO  o.a.coyote.http11.Http11NioProtocol - Stopping ProtocolHandler ["http-nio-8080"] 
25-09-21 00:34:14.210 [Thread-186] INFO  o.s.o.j.LocalContainerEntityManagerFactoryBean - Closing JPA EntityManagerFactory for persistence unit 'default' 
25-09-21 00:34:14.211 [Thread-186] INFO  com.zaxxer.hikari.HikariDataSource - HikariPool-47 - Shutdown initiated... 
25-09-21 00:34:14.212 [Thread-186] INFO  com.zaxxer.hikari.HikariDataSource - HikariPool-47 - Shutdown completed. 
25-09-21 00:34:14.269 [restartedMain] INFO  c.v.vatManager.VatManagerApplication - Starting VatManagerApplication using Java 21.0.5 with PID 15280 (D:\SpringBoot  Projects\vatManager\target\classes started by neraz in D:\SpringBoot  Projects\vatManager) 
25-09-21 00:34:14.269 [restartedMain] INFO  c.v.vatManager.VatManagerApplication - No active profile set, falling back to 1 default profile: "default" 
25-09-21 00:34:14.376 [restartedMain] INFO  o.s.d.r.c.RepositoryConfigurationDelegate - Bootstrapping Spring Data JPA repositories in DEFAULT mode. 
25-09-21 00:34:14.383 [restartedMain] INFO  o.s.d.r.c.RepositoryConfigurationDelegate - Finished Spring Data repository scanning in 6 ms. Found 1 JPA repository interface. 
25-09-21 00:34:14.439 [restartedMain] INFO  o.s.b.w.e.tomcat.TomcatWebServer - Tomcat initialized with port 8080 (http) 
25-09-21 00:34:14.439 [restartedMain] INFO  o.a.coyote.http11.Http11NioProtocol - Initializing ProtocolHandler ["http-nio-8080"] 
25-09-21 00:34:14.439 [restartedMain] INFO  o.a.catalina.core.StandardService - Starting service [Tomcat] 
25-09-21 00:34:14.439 [restartedMain] INFO  o.a.catalina.core.StandardEngine - Starting Servlet engine: [Apache Tomcat/10.1.44] 
25-09-21 00:34:14.459 [restartedMain] INFO  o.a.c.c.C.[Tomcat-1].[localhost].[/] - Initializing Spring embedded WebApplicationContext 
25-09-21 00:34:14.459 [restartedMain] INFO  o.s.b.w.s.c.ServletWebServerApplicationContext - Root WebApplicationContext: initialization completed in 189 ms 
25-09-21 00:34:14.480 [restartedMain] INFO  o.h.jpa.internal.util.LogHelper - HHH000204: Processing PersistenceUnitInfo [name: default] 
25-09-21 00:34:14.483 [restartedMain] INFO  o.h.c.i.RegionFactoryInitiator - HHH000026: Second-level cache disabled 
25-09-21 00:34:14.488 [restartedMain] INFO  o.s.o.j.p.SpringPersistenceUnitInfo - No LoadTimeWeaver setup: ignoring JPA class transformer 
25-09-21 00:34:14.489 [restartedMain] INFO  com.zaxxer.hikari.HikariDataSource - HikariPool-48 - Starting... 
25-09-21 00:34:14.490 [restartedMain] INFO  com.zaxxer.hikari.pool.HikariPool - HikariPool-48 - Added connection org.sqlite.jdbc4.JDBC4Connection@648cc5fa 
25-09-21 00:34:14.490 [restartedMain] INFO  com.zaxxer.hikari.HikariDataSource - HikariPool-48 - Start completed. 
25-09-21 00:34:14.490 [restartedMain] INFO  o.hibernate.orm.connections.pooling - HHH10001005: Database info:
	Database JDBC URL [Connecting through datasource 'HikariDataSource (HikariPool-48)']
	Database driver: undefined/unknown
	Database version: 3.50.3
	Autocommit mode: undefined/unknown
	Isolation level: undefined/unknown
	Minimum pool size: undefined/unknown
	Maximum pool size: undefined/unknown 
25-09-21 00:34:14.511 [restartedMain] INFO  o.h.e.t.j.p.i.JtaPlatformInitiator - HHH000489: No JTA platform available (set 'hibernate.transaction.jta.platform' to enable JTA platform integration) 
25-09-21 00:34:14.513 [restartedMain] INFO  o.s.o.j.LocalContainerEntityManagerFactoryBean - Initialized JPA EntityManagerFactory for persistence unit 'default' 
25-09-21 00:34:14.575 [restartedMain] WARN  o.s.b.a.o.j.JpaBaseConfiguration$JpaWebConfiguration - spring.jpa.open-in-view is enabled by default. Therefore, database queries may be performed during view rendering. Explicitly configure spring.jpa.open-in-view to disable this warning 
25-09-21 00:34:14.652 [restartedMain] INFO  o.s.b.d.a.OptionalLiveReloadServer - LiveReload server is running on port 35729 
25-09-21 00:34:14.660 [restartedMain] INFO  o.a.coyote.http11.Http11NioProtocol - Starting ProtocolHandler ["http-nio-8080"] 
25-09-21 00:34:14.662 [restartedMain] INFO  o.s.b.w.e.tomcat.TomcatWebServer - Tomcat started on port 8080 (http) with context path '/' 
25-09-21 00:34:14.664 [restartedMain] INFO  c.v.vatManager.VatManagerApplication - Started VatManagerApplication in 0.411 seconds (process running for 3035.306) 
25-09-21 00:34:14.666 [restartedMain] INFO  o.s.b.d.a.ConditionEvaluationDeltaLoggingListener - Condition evaluation unchanged 
25-09-21 00:36:59.626 [File Watcher] INFO  o.s.b.d.a.LocalDevToolsAutoConfiguration$RestartingClassPathChangeChangedEventListener - Restarting due to 1 class path change (0 additions, 0 deletions, 1 modification) 
25-09-21 00:36:59.627 [Thread-190] INFO  o.s.b.w.e.tomcat.GracefulShutdown - Commencing graceful shutdown. Waiting for active requests to complete 
25-09-21 00:36:59.628 [tomcat-shutdown] INFO  o.a.coyote.http11.Http11NioProtocol - Pausing ProtocolHandler ["http-nio-8080"] 
25-09-21 00:36:59.648 [tomcat-shutdown] INFO  o.s.b.w.e.tomcat.GracefulShutdown - Graceful shutdown complete 
25-09-21 00:36:59.649 [Thread-190] INFO  o.a.coyote.http11.Http11NioProtocol - Stopping ProtocolHandler ["http-nio-8080"] 
25-09-21 00:36:59.650 [Thread-190] INFO  o.s.o.j.LocalContainerEntityManagerFactoryBean - Closing JPA EntityManagerFactory for persistence unit 'default' 
25-09-21 00:36:59.650 [Thread-190] INFO  com.zaxxer.hikari.HikariDataSource - HikariPool-48 - Shutdown initiated... 
25-09-21 00:36:59.651 [Thread-190] INFO  com.zaxxer.hikari.HikariDataSource - HikariPool-48 - Shutdown completed. 
25-09-21 00:36:59.709 [restartedMain] INFO  c.v.vatManager.VatManagerApplication - Starting VatManagerApplication using Java 21.0.5 with PID 15280 (D:\SpringBoot  Projects\vatManager\target\classes started by neraz in D:\SpringBoot  Projects\vatManager) 
25-09-21 00:36:59.709 [restartedMain] INFO  c.v.vatManager.VatManagerApplication - No active profile set, falling back to 1 default profile: "default" 
25-09-21 00:36:59.835 [restartedMain] INFO  o.s.d.r.c.RepositoryConfigurationDelegate - Bootstrapping Spring Data JPA repositories in DEFAULT mode. 
25-09-21 00:36:59.843 [restartedMain] INFO  o.s.d.r.c.RepositoryConfigurationDelegate - Finished Spring Data repository scanning in 7 ms. Found 1 JPA repository interface. 
25-09-21 00:36:59.902 [restartedMain] INFO  o.s.b.w.e.tomcat.TomcatWebServer - Tomcat initialized with port 8080 (http) 
25-09-21 00:36:59.903 [restartedMain] INFO  o.a.coyote.http11.Http11NioProtocol - Initializing ProtocolHandler ["http-nio-8080"] 
25-09-21 00:36:59.903 [restartedMain] INFO  o.a.catalina.core.StandardService - Starting service [Tomcat] 
25-09-21 00:36:59.903 [restartedMain] INFO  o.a.catalina.core.StandardEngine - Starting Servlet engine: [Apache Tomcat/10.1.44] 
25-09-21 00:36:59.924 [restartedMain] INFO  o.a.c.c.C.[Tomcat-1].[localhost].[/] - Initializing Spring embedded WebApplicationContext 
25-09-21 00:36:59.924 [restartedMain] INFO  o.s.b.w.s.c.ServletWebServerApplicationContext - Root WebApplicationContext: initialization completed in 214 ms 
25-09-21 00:36:59.948 [restartedMain] INFO  o.h.jpa.internal.util.LogHelper - HHH000204: Processing PersistenceUnitInfo [name: default] 
25-09-21 00:36:59.950 [restartedMain] INFO  o.h.c.i.RegionFactoryInitiator - HHH000026: Second-level cache disabled 
25-09-21 00:36:59.955 [restartedMain] INFO  o.s.o.j.p.SpringPersistenceUnitInfo - No LoadTimeWeaver setup: ignoring JPA class transformer 
25-09-21 00:36:59.956 [restartedMain] INFO  com.zaxxer.hikari.HikariDataSource - HikariPool-49 - Starting... 
25-09-21 00:36:59.957 [restartedMain] INFO  com.zaxxer.hikari.pool.HikariPool - HikariPool-49 - Added connection org.sqlite.jdbc4.JDBC4Connection@34dd6501 
25-09-21 00:36:59.957 [restartedMain] INFO  com.zaxxer.hikari.HikariDataSource - HikariPool-49 - Start completed. 
25-09-21 00:36:59.957 [restartedMain] INFO  o.hibernate.orm.connections.pooling - HHH10001005: Database info:
	Database JDBC URL [Connecting through datasource 'HikariDataSource (HikariPool-49)']
	Database driver: undefined/unknown
	Database version: 3.50.3
	Autocommit mode: undefined/unknown
	Isolation level: undefined/unknown
	Minimum pool size: undefined/unknown
	Maximum pool size: undefined/unknown 
25-09-21 00:36:59.978 [restartedMain] INFO  o.h.e.t.j.p.i.JtaPlatformInitiator - HHH000489: No JTA platform available (set 'hibernate.transaction.jta.platform' to enable JTA platform integration) 
25-09-21 00:36:59.980 [restartedMain] INFO  o.s.o.j.LocalContainerEntityManagerFactoryBean - Initialized JPA EntityManagerFactory for persistence unit 'default' 
25-09-21 00:37:00.027 [restartedMain] WARN  o.s.b.a.o.j.JpaBaseConfiguration$JpaWebConfiguration - spring.jpa.open-in-view is enabled by default. Therefore, database queries may be performed during view rendering. Explicitly configure spring.jpa.open-in-view to disable this warning 
25-09-21 00:37:00.123 [restartedMain] INFO  o.s.b.d.a.OptionalLiveReloadServer - LiveReload server is running on port 35729 
25-09-21 00:37:00.130 [restartedMain] INFO  o.a.coyote.http11.Http11NioProtocol - Starting ProtocolHandler ["http-nio-8080"] 
25-09-21 00:37:00.133 [restartedMain] INFO  o.s.b.w.e.tomcat.TomcatWebServer - Tomcat started on port 8080 (http) with context path '/' 
25-09-21 00:37:00.135 [restartedMain] INFO  c.v.vatManager.VatManagerApplication - Started VatManagerApplication in 0.442 seconds (process running for 3200.776) 
25-09-21 00:37:00.136 [restartedMain] INFO  o.s.b.d.a.ConditionEvaluationDeltaLoggingListener - Condition evaluation unchanged 
25-09-21 00:37:40.072 [File Watcher] INFO  o.s.b.d.a.LocalDevToolsAutoConfiguration$RestartingClassPathChangeChangedEventListener - Restarting due to 1 class path change (0 additions, 0 deletions, 1 modification) 
25-09-21 00:37:40.073 [Thread-194] INFO  o.s.b.w.e.tomcat.GracefulShutdown - Commencing graceful shutdown. Waiting for active requests to complete 
25-09-21 00:37:40.073 [tomcat-shutdown] INFO  o.a.coyote.http11.Http11NioProtocol - Pausing ProtocolHandler ["http-nio-8080"] 
25-09-21 00:37:40.093 [tomcat-shutdown] INFO  o.s.b.w.e.tomcat.GracefulShutdown - Graceful shutdown complete 
25-09-21 00:37:40.093 [Thread-194] INFO  o.a.coyote.http11.Http11NioProtocol - Stopping ProtocolHandler ["http-nio-8080"] 
25-09-21 00:37:40.096 [Thread-194] INFO  o.s.o.j.LocalContainerEntityManagerFactoryBean - Closing JPA EntityManagerFactory for persistence unit 'default' 
25-09-21 00:37:40.096 [Thread-194] INFO  com.zaxxer.hikari.HikariDataSource - HikariPool-49 - Shutdown initiated... 
25-09-21 00:37:40.096 [Thread-194] INFO  com.zaxxer.hikari.HikariDataSource - HikariPool-49 - Shutdown completed. 
25-09-21 00:37:40.152 [restartedMain] INFO  c.v.vatManager.VatManagerApplication - Starting VatManagerApplication using Java 21.0.5 with PID 15280 (D:\SpringBoot  Projects\vatManager\target\classes started by neraz in D:\SpringBoot  Projects\vatManager) 
25-09-21 00:37:40.153 [restartedMain] INFO  c.v.vatManager.VatManagerApplication - No active profile set, falling back to 1 default profile: "default" 
25-09-21 00:37:40.274 [restartedMain] INFO  o.s.d.r.c.RepositoryConfigurationDelegate - Bootstrapping Spring Data JPA repositories in DEFAULT mode. 
25-09-21 00:37:40.282 [restartedMain] INFO  o.s.d.r.c.RepositoryConfigurationDelegate - Finished Spring Data repository scanning in 6 ms. Found 1 JPA repository interface. 
25-09-21 00:37:40.338 [restartedMain] INFO  o.s.b.w.e.tomcat.TomcatWebServer - Tomcat initialized with port 8080 (http) 
25-09-21 00:37:40.339 [restartedMain] INFO  o.a.coyote.http11.Http11NioProtocol - Initializing ProtocolHandler ["http-nio-8080"] 
25-09-21 00:37:40.339 [restartedMain] INFO  o.a.catalina.core.StandardService - Starting service [Tomcat] 
25-09-21 00:37:40.339 [restartedMain] INFO  o.a.catalina.core.StandardEngine - Starting Servlet engine: [Apache Tomcat/10.1.44] 
25-09-21 00:37:40.359 [restartedMain] INFO  o.a.c.c.C.[Tomcat-1].[localhost].[/] - Initializing Spring embedded WebApplicationContext 
25-09-21 00:37:40.359 [restartedMain] INFO  o.s.b.w.s.c.ServletWebServerApplicationContext - Root WebApplicationContext: initialization completed in 205 ms 
25-09-21 00:37:40.380 [restartedMain] INFO  o.h.jpa.internal.util.LogHelper - HHH000204: Processing PersistenceUnitInfo [name: default] 
25-09-21 00:37:40.383 [restartedMain] INFO  o.h.c.i.RegionFactoryInitiator - HHH000026: Second-level cache disabled 
25-09-21 00:37:40.388 [restartedMain] INFO  o.s.o.j.p.SpringPersistenceUnitInfo - No LoadTimeWeaver setup: ignoring JPA class transformer 
25-09-21 00:37:40.389 [restartedMain] INFO  com.zaxxer.hikari.HikariDataSource - HikariPool-50 - Starting... 
25-09-21 00:37:40.390 [restartedMain] INFO  com.zaxxer.hikari.pool.HikariPool - HikariPool-50 - Added connection org.sqlite.jdbc4.JDBC4Connection@65df5cfb 
25-09-21 00:37:40.390 [restartedMain] INFO  com.zaxxer.hikari.HikariDataSource - HikariPool-50 - Start completed. 
25-09-21 00:37:40.390 [restartedMain] INFO  o.hibernate.orm.connections.pooling - HHH10001005: Database info:
	Database JDBC URL [Connecting through datasource 'HikariDataSource (HikariPool-50)']
	Database driver: undefined/unknown
	Database version: 3.50.3
	Autocommit mode: undefined/unknown
	Isolation level: undefined/unknown
	Minimum pool size: undefined/unknown
	Maximum pool size: undefined/unknown 
25-09-21 00:37:40.411 [restartedMain] INFO  o.h.e.t.j.p.i.JtaPlatformInitiator - HHH000489: No JTA platform available (set 'hibernate.transaction.jta.platform' to enable JTA platform integration) 
25-09-21 00:37:40.413 [restartedMain] INFO  o.s.o.j.LocalContainerEntityManagerFactoryBean - Initialized JPA EntityManagerFactory for persistence unit 'default' 
25-09-21 00:37:40.454 [restartedMain] WARN  o.s.b.a.o.j.JpaBaseConfiguration$JpaWebConfiguration - spring.jpa.open-in-view is enabled by default. Therefore, database queries may be performed during view rendering. Explicitly configure spring.jpa.open-in-view to disable this warning 
25-09-21 00:37:40.544 [restartedMain] INFO  o.s.b.d.a.OptionalLiveReloadServer - LiveReload server is running on port 35729 
25-09-21 00:37:40.551 [restartedMain] INFO  o.a.coyote.http11.Http11NioProtocol - Starting ProtocolHandler ["http-nio-8080"] 
25-09-21 00:37:40.554 [restartedMain] INFO  o.s.b.w.e.tomcat.TomcatWebServer - Tomcat started on port 8080 (http) with context path '/' 
25-09-21 00:37:40.557 [restartedMain] INFO  c.v.vatManager.VatManagerApplication - Started VatManagerApplication in 0.42 seconds (process running for 3241.198) 
25-09-21 00:37:40.557 [restartedMain] INFO  o.s.b.d.a.ConditionEvaluationDeltaLoggingListener - Condition evaluation unchanged 
25-09-21 00:40:56.741 [File Watcher] INFO  o.s.b.d.a.LocalDevToolsAutoConfiguration$RestartingClassPathChangeChangedEventListener - Restarting due to 1 class path change (0 additions, 0 deletions, 1 modification) 
25-09-21 00:40:56.742 [Thread-198] INFO  o.s.b.w.e.tomcat.GracefulShutdown - Commencing graceful shutdown. Waiting for active requests to complete 
25-09-21 00:40:56.742 [tomcat-shutdown] INFO  o.a.coyote.http11.Http11NioProtocol - Pausing ProtocolHandler ["http-nio-8080"] 
25-09-21 00:40:56.761 [tomcat-shutdown] INFO  o.s.b.w.e.tomcat.GracefulShutdown - Graceful shutdown complete 
25-09-21 00:40:56.762 [Thread-198] INFO  o.a.coyote.http11.Http11NioProtocol - Stopping ProtocolHandler ["http-nio-8080"] 
25-09-21 00:40:56.763 [Thread-198] INFO  o.s.o.j.LocalContainerEntityManagerFactoryBean - Closing JPA EntityManagerFactory for persistence unit 'default' 
25-09-21 00:40:56.763 [Thread-198] INFO  com.zaxxer.hikari.HikariDataSource - HikariPool-50 - Shutdown initiated... 
25-09-21 00:40:56.764 [Thread-198] INFO  com.zaxxer.hikari.HikariDataSource - HikariPool-50 - Shutdown completed. 
25-09-21 00:40:56.823 [restartedMain] INFO  c.v.vatManager.VatManagerApplication - Starting VatManagerApplication using Java 21.0.5 with PID 15280 (D:\SpringBoot  Projects\vatManager\target\classes started by neraz in D:\SpringBoot  Projects\vatManager) 
25-09-21 00:40:56.823 [restartedMain] INFO  c.v.vatManager.VatManagerApplication - No active profile set, falling back to 1 default profile: "default" 
25-09-21 00:40:56.941 [restartedMain] INFO  o.s.d.r.c.RepositoryConfigurationDelegate - Bootstrapping Spring Data JPA repositories in DEFAULT mode. 
25-09-21 00:40:56.949 [restartedMain] INFO  o.s.d.r.c.RepositoryConfigurationDelegate - Finished Spring Data repository scanning in 7 ms. Found 1 JPA repository interface. 
25-09-21 00:40:57.004 [restartedMain] INFO  o.s.b.w.e.tomcat.TomcatWebServer - Tomcat initialized with port 8080 (http) 
25-09-21 00:40:57.004 [restartedMain] INFO  o.a.coyote.http11.Http11NioProtocol - Initializing ProtocolHandler ["http-nio-8080"] 
25-09-21 00:40:57.004 [restartedMain] INFO  o.a.catalina.core.StandardService - Starting service [Tomcat] 
25-09-21 00:40:57.004 [restartedMain] INFO  o.a.catalina.core.StandardEngine - Starting Servlet engine: [Apache Tomcat/10.1.44] 
25-09-21 00:40:57.024 [restartedMain] INFO  o.a.c.c.C.[Tomcat-1].[localhost].[/] - Initializing Spring embedded WebApplicationContext 
25-09-21 00:40:57.024 [restartedMain] INFO  o.s.b.w.s.c.ServletWebServerApplicationContext - Root WebApplicationContext: initialization completed in 200 ms 
25-09-21 00:40:57.046 [restartedMain] INFO  o.h.jpa.internal.util.LogHelper - HHH000204: Processing PersistenceUnitInfo [name: default] 
25-09-21 00:40:57.049 [restartedMain] INFO  o.h.c.i.RegionFactoryInitiator - HHH000026: Second-level cache disabled 
25-09-21 00:40:57.054 [restartedMain] INFO  o.s.o.j.p.SpringPersistenceUnitInfo - No LoadTimeWeaver setup: ignoring JPA class transformer 
25-09-21 00:40:57.055 [restartedMain] INFO  com.zaxxer.hikari.HikariDataSource - HikariPool-51 - Starting... 
25-09-21 00:40:57.056 [restartedMain] INFO  com.zaxxer.hikari.pool.HikariPool - HikariPool-51 - Added connection org.sqlite.jdbc4.JDBC4Connection@535f106f 
25-09-21 00:40:57.056 [restartedMain] INFO  com.zaxxer.hikari.HikariDataSource - HikariPool-51 - Start completed. 
25-09-21 00:40:57.056 [restartedMain] INFO  o.hibernate.orm.connections.pooling - HHH10001005: Database info:
	Database JDBC URL [Connecting through datasource 'HikariDataSource (HikariPool-51)']
	Database driver: undefined/unknown
	Database version: 3.50.3
	Autocommit mode: undefined/unknown
	Isolation level: undefined/unknown
	Minimum pool size: undefined/unknown
	Maximum pool size: undefined/unknown 
25-09-21 00:40:57.078 [restartedMain] INFO  o.h.e.t.j.p.i.JtaPlatformInitiator - HHH000489: No JTA platform available (set 'hibernate.transaction.jta.platform' to enable JTA platform integration) 
25-09-21 00:40:57.079 [restartedMain] INFO  o.s.o.j.LocalContainerEntityManagerFactoryBean - Initialized JPA EntityManagerFactory for persistence unit 'default' 
25-09-21 00:40:57.128 [restartedMain] WARN  o.s.b.a.o.j.JpaBaseConfiguration$JpaWebConfiguration - spring.jpa.open-in-view is enabled by default. Therefore, database queries may be performed during view rendering. Explicitly configure spring.jpa.open-in-view to disable this warning 
25-09-21 00:40:57.226 [restartedMain] INFO  o.s.b.d.a.OptionalLiveReloadServer - LiveReload server is running on port 35729 
25-09-21 00:40:57.233 [restartedMain] INFO  o.a.coyote.http11.Http11NioProtocol - Starting ProtocolHandler ["http-nio-8080"] 
25-09-21 00:40:57.236 [restartedMain] INFO  o.s.b.w.e.tomcat.TomcatWebServer - Tomcat started on port 8080 (http) with context path '/' 
25-09-21 00:40:57.238 [restartedMain] INFO  c.v.vatManager.VatManagerApplication - Started VatManagerApplication in 0.432 seconds (process running for 3437.879) 
25-09-21 00:40:57.239 [restartedMain] INFO  o.s.b.d.a.ConditionEvaluationDeltaLoggingListener - Condition evaluation unchanged 
25-09-21 00:41:06.158 [File Watcher] INFO  o.s.b.d.a.LocalDevToolsAutoConfiguration$RestartingClassPathChangeChangedEventListener - Restarting due to 1 class path change (0 additions, 0 deletions, 1 modification) 
25-09-21 00:41:06.159 [Thread-202] INFO  o.s.b.w.e.tomcat.GracefulShutdown - Commencing graceful shutdown. Waiting for active requests to complete 
25-09-21 00:41:06.159 [tomcat-shutdown] INFO  o.a.coyote.http11.Http11NioProtocol - Pausing ProtocolHandler ["http-nio-8080"] 
25-09-21 00:41:06.178 [tomcat-shutdown] INFO  o.s.b.w.e.tomcat.GracefulShutdown - Graceful shutdown complete 
25-09-21 00:41:06.179 [Thread-202] INFO  o.a.coyote.http11.Http11NioProtocol - Stopping ProtocolHandler ["http-nio-8080"] 
25-09-21 00:41:06.180 [Thread-202] INFO  o.s.o.j.LocalContainerEntityManagerFactoryBean - Closing JPA EntityManagerFactory for persistence unit 'default' 
25-09-21 00:41:06.180 [Thread-202] INFO  com.zaxxer.hikari.HikariDataSource - HikariPool-51 - Shutdown initiated... 
25-09-21 00:41:06.181 [Thread-202] INFO  com.zaxxer.hikari.HikariDataSource - HikariPool-51 - Shutdown completed. 
25-09-21 00:41:06.243 [restartedMain] INFO  c.v.vatManager.VatManagerApplication - Starting VatManagerApplication using Java 21.0.5 with PID 15280 (D:\SpringBoot  Projects\vatManager\target\classes started by neraz in D:\SpringBoot  Projects\vatManager) 
25-09-21 00:41:06.244 [restartedMain] INFO  c.v.vatManager.VatManagerApplication - No active profile set, falling back to 1 default profile: "default" 
25-09-21 00:41:06.372 [restartedMain] INFO  o.s.d.r.c.RepositoryConfigurationDelegate - Bootstrapping Spring Data JPA repositories in DEFAULT mode. 
25-09-21 00:41:06.382 [restartedMain] INFO  o.s.d.r.c.RepositoryConfigurationDelegate - Finished Spring Data repository scanning in 8 ms. Found 1 JPA repository interface. 
25-09-21 00:41:06.441 [restartedMain] INFO  o.s.b.w.e.tomcat.TomcatWebServer - Tomcat initialized with port 8080 (http) 
25-09-21 00:41:06.442 [restartedMain] INFO  o.a.coyote.http11.Http11NioProtocol - Initializing ProtocolHandler ["http-nio-8080"] 
25-09-21 00:41:06.442 [restartedMain] INFO  o.a.catalina.core.StandardService - Starting service [Tomcat] 
25-09-21 00:41:06.442 [restartedMain] INFO  o.a.catalina.core.StandardEngine - Starting Servlet engine: [Apache Tomcat/10.1.44] 
25-09-21 00:41:06.461 [restartedMain] INFO  o.a.c.c.C.[Tomcat-1].[localhost].[/] - Initializing Spring embedded WebApplicationContext 
25-09-21 00:41:06.462 [restartedMain] INFO  o.s.b.w.s.c.ServletWebServerApplicationContext - Root WebApplicationContext: initialization completed in 218 ms 
25-09-21 00:41:06.485 [restartedMain] INFO  o.h.jpa.internal.util.LogHelper - HHH000204: Processing PersistenceUnitInfo [name: default] 
25-09-21 00:41:06.487 [restartedMain] INFO  o.h.c.i.RegionFactoryInitiator - HHH000026: Second-level cache disabled 
25-09-21 00:41:06.491 [restartedMain] INFO  o.s.o.j.p.SpringPersistenceUnitInfo - No LoadTimeWeaver setup: ignoring JPA class transformer 
25-09-21 00:41:06.493 [restartedMain] INFO  com.zaxxer.hikari.HikariDataSource - HikariPool-52 - Starting... 
25-09-21 00:41:06.493 [restartedMain] INFO  com.zaxxer.hikari.pool.HikariPool - HikariPool-52 - Added connection org.sqlite.jdbc4.JDBC4Connection@5e9f87f0 
25-09-21 00:41:06.493 [restartedMain] INFO  com.zaxxer.hikari.HikariDataSource - HikariPool-52 - Start completed. 
25-09-21 00:41:06.494 [restartedMain] INFO  o.hibernate.orm.connections.pooling - HHH10001005: Database info:
	Database JDBC URL [Connecting through datasource 'HikariDataSource (HikariPool-52)']
	Database driver: undefined/unknown
	Database version: 3.50.3
	Autocommit mode: undefined/unknown
	Isolation level: undefined/unknown
	Minimum pool size: undefined/unknown
	Maximum pool size: undefined/unknown 
25-09-21 00:41:06.515 [restartedMain] INFO  o.h.e.t.j.p.i.JtaPlatformInitiator - HHH000489: No JTA platform available (set 'hibernate.transaction.jta.platform' to enable JTA platform integration) 
25-09-21 00:41:06.517 [restartedMain] INFO  o.s.o.j.LocalContainerEntityManagerFactoryBean - Initialized JPA EntityManagerFactory for persistence unit 'default' 
25-09-21 00:41:06.560 [restartedMain] WARN  o.s.b.a.o.j.JpaBaseConfiguration$JpaWebConfiguration - spring.jpa.open-in-view is enabled by default. Therefore, database queries may be performed during view rendering. Explicitly configure spring.jpa.open-in-view to disable this warning 
25-09-21 00:41:06.650 [restartedMain] INFO  o.s.b.d.a.OptionalLiveReloadServer - LiveReload server is running on port 35729 
25-09-21 00:41:06.656 [restartedMain] INFO  o.a.coyote.http11.Http11NioProtocol - Starting ProtocolHandler ["http-nio-8080"] 
25-09-21 00:41:06.659 [restartedMain] INFO  o.s.b.w.e.tomcat.TomcatWebServer - Tomcat started on port 8080 (http) with context path '/' 
25-09-21 00:41:06.662 [restartedMain] INFO  c.v.vatManager.VatManagerApplication - Started VatManagerApplication in 0.44 seconds (process running for 3447.303) 
25-09-21 00:41:06.663 [restartedMain] INFO  o.s.b.d.a.ConditionEvaluationDeltaLoggingListener - Condition evaluation unchanged 
25-09-21 00:41:10.106 [File Watcher] INFO  o.s.b.d.a.LocalDevToolsAutoConfiguration$RestartingClassPathChangeChangedEventListener - Restarting due to 1 class path change (0 additions, 0 deletions, 1 modification) 
25-09-21 00:41:10.107 [Thread-206] INFO  o.s.b.w.e.tomcat.GracefulShutdown - Commencing graceful shutdown. Waiting for active requests to complete 
25-09-21 00:41:10.108 [tomcat-shutdown] INFO  o.a.coyote.http11.Http11NioProtocol - Pausing ProtocolHandler ["http-nio-8080"] 
25-09-21 00:41:10.126 [tomcat-shutdown] INFO  o.s.b.w.e.tomcat.GracefulShutdown - Graceful shutdown complete 
25-09-21 00:41:10.126 [Thread-206] INFO  o.a.coyote.http11.Http11NioProtocol - Stopping ProtocolHandler ["http-nio-8080"] 
25-09-21 00:41:10.128 [Thread-206] INFO  o.s.o.j.LocalContainerEntityManagerFactoryBean - Closing JPA EntityManagerFactory for persistence unit 'default' 
25-09-21 00:41:10.128 [Thread-206] INFO  com.zaxxer.hikari.HikariDataSource - HikariPool-52 - Shutdown initiated... 
25-09-21 00:41:10.129 [Thread-206] INFO  com.zaxxer.hikari.HikariDataSource - HikariPool-52 - Shutdown completed. 
25-09-21 00:41:10.182 [restartedMain] INFO  c.v.vatManager.VatManagerApplication - Starting VatManagerApplication using Java 21.0.5 with PID 15280 (D:\SpringBoot  Projects\vatManager\target\classes started by neraz in D:\SpringBoot  Projects\vatManager) 
25-09-21 00:41:10.183 [restartedMain] INFO  c.v.vatManager.VatManagerApplication - No active profile set, falling back to 1 default profile: "default" 
25-09-21 00:41:10.304 [restartedMain] INFO  o.s.d.r.c.RepositoryConfigurationDelegate - Bootstrapping Spring Data JPA repositories in DEFAULT mode. 
25-09-21 00:41:10.313 [restartedMain] INFO  o.s.d.r.c.RepositoryConfigurationDelegate - Finished Spring Data repository scanning in 8 ms. Found 1 JPA repository interface. 
25-09-21 00:41:10.374 [restartedMain] INFO  o.s.b.w.e.tomcat.TomcatWebServer - Tomcat initialized with port 8080 (http) 
25-09-21 00:41:10.374 [restartedMain] INFO  o.a.coyote.http11.Http11NioProtocol - Initializing ProtocolHandler ["http-nio-8080"] 
25-09-21 00:41:10.374 [restartedMain] INFO  o.a.catalina.core.StandardService - Starting service [Tomcat] 
25-09-21 00:41:10.374 [restartedMain] INFO  o.a.catalina.core.StandardEngine - Starting Servlet engine: [Apache Tomcat/10.1.44] 
25-09-21 00:41:10.394 [restartedMain] INFO  o.a.c.c.C.[Tomcat-1].[localhost].[/] - Initializing Spring embedded WebApplicationContext 
25-09-21 00:41:10.394 [restartedMain] INFO  o.s.b.w.s.c.ServletWebServerApplicationContext - Root WebApplicationContext: initialization completed in 211 ms 
25-09-21 00:41:10.418 [restartedMain] INFO  o.h.jpa.internal.util.LogHelper - HHH000204: Processing PersistenceUnitInfo [name: default] 
25-09-21 00:41:10.420 [restartedMain] INFO  o.h.c.i.RegionFactoryInitiator - HHH000026: Second-level cache disabled 
25-09-21 00:41:10.424 [restartedMain] INFO  o.s.o.j.p.SpringPersistenceUnitInfo - No LoadTimeWeaver setup: ignoring JPA class transformer 
25-09-21 00:41:10.425 [restartedMain] INFO  com.zaxxer.hikari.HikariDataSource - HikariPool-53 - Starting... 
25-09-21 00:41:10.426 [restartedMain] INFO  com.zaxxer.hikari.pool.HikariPool - HikariPool-53 - Added connection org.sqlite.jdbc4.JDBC4Connection@498e14d6 
25-09-21 00:41:10.426 [restartedMain] INFO  com.zaxxer.hikari.HikariDataSource - HikariPool-53 - Start completed. 
25-09-21 00:41:10.427 [restartedMain] INFO  o.hibernate.orm.connections.pooling - HHH10001005: Database info:
	Database JDBC URL [Connecting through datasource 'HikariDataSource (HikariPool-53)']
	Database driver: undefined/unknown
	Database version: 3.50.3
	Autocommit mode: undefined/unknown
	Isolation level: undefined/unknown
	Minimum pool size: undefined/unknown
	Maximum pool size: undefined/unknown 
25-09-21 00:41:10.450 [restartedMain] INFO  o.h.e.t.j.p.i.JtaPlatformInitiator - HHH000489: No JTA platform available (set 'hibernate.transaction.jta.platform' to enable JTA platform integration) 
25-09-21 00:41:10.451 [restartedMain] INFO  o.s.o.j.LocalContainerEntityManagerFactoryBean - Initialized JPA EntityManagerFactory for persistence unit 'default' 
25-09-21 00:41:10.499 [restartedMain] WARN  o.s.b.a.o.j.JpaBaseConfiguration$JpaWebConfiguration - spring.jpa.open-in-view is enabled by default. Therefore, database queries may be performed during view rendering. Explicitly configure spring.jpa.open-in-view to disable this warning 
25-09-21 00:41:10.587 [restartedMain] INFO  o.s.b.d.a.OptionalLiveReloadServer - LiveReload server is running on port 35729 
25-09-21 00:41:10.593 [restartedMain] INFO  o.a.coyote.http11.Http11NioProtocol - Starting ProtocolHandler ["http-nio-8080"] 
25-09-21 00:41:10.597 [restartedMain] INFO  o.s.b.w.e.tomcat.TomcatWebServer - Tomcat started on port 8080 (http) with context path '/' 
25-09-21 00:41:10.600 [restartedMain] INFO  c.v.vatManager.VatManagerApplication - Started VatManagerApplication in 0.434 seconds (process running for 3451.241) 
25-09-21 00:41:10.601 [restartedMain] INFO  o.s.b.d.a.ConditionEvaluationDeltaLoggingListener - Condition evaluation unchanged 
25-09-21 00:41:27.224 [File Watcher] INFO  o.s.b.d.a.LocalDevToolsAutoConfiguration$RestartingClassPathChangeChangedEventListener - Restarting due to 1 class path change (0 additions, 0 deletions, 1 modification) 
25-09-21 00:41:27.224 [Thread-210] INFO  o.s.b.w.e.tomcat.GracefulShutdown - Commencing graceful shutdown. Waiting for active requests to complete 
25-09-21 00:41:27.225 [tomcat-shutdown] INFO  o.a.coyote.http11.Http11NioProtocol - Pausing ProtocolHandler ["http-nio-8080"] 
25-09-21 00:41:27.243 [tomcat-shutdown] INFO  o.s.b.w.e.tomcat.GracefulShutdown - Graceful shutdown complete 
25-09-21 00:41:27.243 [Thread-210] INFO  o.a.coyote.http11.Http11NioProtocol - Stopping ProtocolHandler ["http-nio-8080"] 
25-09-21 00:41:27.244 [Thread-210] INFO  o.s.o.j.LocalContainerEntityManagerFactoryBean - Closing JPA EntityManagerFactory for persistence unit 'default' 
25-09-21 00:41:27.244 [Thread-210] INFO  com.zaxxer.hikari.HikariDataSource - HikariPool-53 - Shutdown initiated... 
25-09-21 00:41:27.245 [Thread-210] INFO  com.zaxxer.hikari.HikariDataSource - HikariPool-53 - Shutdown completed. 
25-09-21 00:41:27.299 [restartedMain] INFO  c.v.vatManager.VatManagerApplication - Starting VatManagerApplication using Java 21.0.5 with PID 15280 (D:\SpringBoot  Projects\vatManager\target\classes started by neraz in D:\SpringBoot  Projects\vatManager) 
25-09-21 00:41:27.299 [restartedMain] INFO  c.v.vatManager.VatManagerApplication - No active profile set, falling back to 1 default profile: "default" 
25-09-21 00:41:27.421 [restartedMain] INFO  o.s.d.r.c.RepositoryConfigurationDelegate - Bootstrapping Spring Data JPA repositories in DEFAULT mode. 
25-09-21 00:41:27.428 [restartedMain] INFO  o.s.d.r.c.RepositoryConfigurationDelegate - Finished Spring Data repository scanning in 6 ms. Found 1 JPA repository interface. 
25-09-21 00:41:27.484 [restartedMain] INFO  o.s.b.w.e.tomcat.TomcatWebServer - Tomcat initialized with port 8080 (http) 
25-09-21 00:41:27.484 [restartedMain] INFO  o.a.coyote.http11.Http11NioProtocol - Initializing ProtocolHandler ["http-nio-8080"] 
25-09-21 00:41:27.484 [restartedMain] INFO  o.a.catalina.core.StandardService - Starting service [Tomcat] 
25-09-21 00:41:27.485 [restartedMain] INFO  o.a.catalina.core.StandardEngine - Starting Servlet engine: [Apache Tomcat/10.1.44] 
25-09-21 00:41:27.504 [restartedMain] INFO  o.a.c.c.C.[Tomcat-1].[localhost].[/] - Initializing Spring embedded WebApplicationContext 
25-09-21 00:41:27.504 [restartedMain] INFO  o.s.b.w.s.c.ServletWebServerApplicationContext - Root WebApplicationContext: initialization completed in 204 ms 
25-09-21 00:41:27.526 [restartedMain] INFO  o.h.jpa.internal.util.LogHelper - HHH000204: Processing PersistenceUnitInfo [name: default] 
25-09-21 00:41:27.529 [restartedMain] INFO  o.h.c.i.RegionFactoryInitiator - HHH000026: Second-level cache disabled 
25-09-21 00:41:27.533 [restartedMain] INFO  o.s.o.j.p.SpringPersistenceUnitInfo - No LoadTimeWeaver setup: ignoring JPA class transformer 
25-09-21 00:41:27.534 [restartedMain] INFO  com.zaxxer.hikari.HikariDataSource - HikariPool-54 - Starting... 
25-09-21 00:41:27.535 [restartedMain] INFO  com.zaxxer.hikari.pool.HikariPool - HikariPool-54 - Added connection org.sqlite.jdbc4.JDBC4Connection@208ade89 
25-09-21 00:41:27.535 [restartedMain] INFO  com.zaxxer.hikari.HikariDataSource - HikariPool-54 - Start completed. 
25-09-21 00:41:27.536 [restartedMain] INFO  o.hibernate.orm.connections.pooling - HHH10001005: Database info:
	Database JDBC URL [Connecting through datasource 'HikariDataSource (HikariPool-54)']
	Database driver: undefined/unknown
	Database version: 3.50.3
	Autocommit mode: undefined/unknown
	Isolation level: undefined/unknown
	Minimum pool size: undefined/unknown
	Maximum pool size: undefined/unknown 
25-09-21 00:41:27.560 [restartedMain] INFO  o.h.e.t.j.p.i.JtaPlatformInitiator - HHH000489: No JTA platform available (set 'hibernate.transaction.jta.platform' to enable JTA platform integration) 
25-09-21 00:41:27.561 [restartedMain] INFO  o.s.o.j.LocalContainerEntityManagerFactoryBean - Initialized JPA EntityManagerFactory for persistence unit 'default' 
25-09-21 00:41:27.602 [restartedMain] WARN  o.s.b.a.o.j.JpaBaseConfiguration$JpaWebConfiguration - spring.jpa.open-in-view is enabled by default. Therefore, database queries may be performed during view rendering. Explicitly configure spring.jpa.open-in-view to disable this warning 
25-09-21 00:41:27.699 [restartedMain] INFO  o.s.b.d.a.OptionalLiveReloadServer - LiveReload server is running on port 35729 
25-09-21 00:41:27.705 [restartedMain] INFO  o.a.coyote.http11.Http11NioProtocol - Starting ProtocolHandler ["http-nio-8080"] 
25-09-21 00:41:27.708 [restartedMain] INFO  o.s.b.w.e.tomcat.TomcatWebServer - Tomcat started on port 8080 (http) with context path '/' 
25-09-21 00:41:27.711 [restartedMain] INFO  c.v.vatManager.VatManagerApplication - Started VatManagerApplication in 0.427 seconds (process running for 3468.351) 
25-09-21 00:41:27.711 [restartedMain] INFO  o.s.b.d.a.ConditionEvaluationDeltaLoggingListener - Condition evaluation unchanged 
25-09-21 00:42:42.154 [File Watcher] INFO  o.s.b.d.a.LocalDevToolsAutoConfiguration$RestartingClassPathChangeChangedEventListener - Restarting due to 1 class path change (0 additions, 0 deletions, 1 modification) 
25-09-21 00:42:42.154 [Thread-214] INFO  o.s.b.w.e.tomcat.GracefulShutdown - Commencing graceful shutdown. Waiting for active requests to complete 
25-09-21 00:42:42.154 [tomcat-shutdown] INFO  o.a.coyote.http11.Http11NioProtocol - Pausing ProtocolHandler ["http-nio-8080"] 
25-09-21 00:42:42.176 [tomcat-shutdown] INFO  o.s.b.w.e.tomcat.GracefulShutdown - Graceful shutdown complete 
25-09-21 00:42:42.176 [Thread-214] INFO  o.a.coyote.http11.Http11NioProtocol - Stopping ProtocolHandler ["http-nio-8080"] 
25-09-21 00:42:42.177 [Thread-214] INFO  o.s.o.j.LocalContainerEntityManagerFactoryBean - Closing JPA EntityManagerFactory for persistence unit 'default' 
25-09-21 00:42:42.178 [Thread-214] INFO  com.zaxxer.hikari.HikariDataSource - HikariPool-54 - Shutdown initiated... 
25-09-21 00:42:42.178 [Thread-214] INFO  com.zaxxer.hikari.HikariDataSource - HikariPool-54 - Shutdown completed. 
25-09-21 00:42:42.234 [restartedMain] INFO  c.v.vatManager.VatManagerApplication - Starting VatManagerApplication using Java 21.0.5 with PID 15280 (D:\SpringBoot  Projects\vatManager\target\classes started by neraz in D:\SpringBoot  Projects\vatManager) 
25-09-21 00:42:42.234 [restartedMain] INFO  c.v.vatManager.VatManagerApplication - No active profile set, falling back to 1 default profile: "default" 
25-09-21 00:42:42.351 [restartedMain] INFO  o.s.d.r.c.RepositoryConfigurationDelegate - Bootstrapping Spring Data JPA repositories in DEFAULT mode. 
25-09-21 00:42:42.359 [restartedMain] INFO  o.s.d.r.c.RepositoryConfigurationDelegate - Finished Spring Data repository scanning in 6 ms. Found 1 JPA repository interface. 
25-09-21 00:42:42.414 [restartedMain] INFO  o.s.b.w.e.tomcat.TomcatWebServer - Tomcat initialized with port 8080 (http) 
25-09-21 00:42:42.415 [restartedMain] INFO  o.a.coyote.http11.Http11NioProtocol - Initializing ProtocolHandler ["http-nio-8080"] 
25-09-21 00:42:42.415 [restartedMain] INFO  o.a.catalina.core.StandardService - Starting service [Tomcat] 
25-09-21 00:42:42.415 [restartedMain] INFO  o.a.catalina.core.StandardEngine - Starting Servlet engine: [Apache Tomcat/10.1.44] 
25-09-21 00:42:42.434 [restartedMain] INFO  o.a.c.c.C.[Tomcat-1].[localhost].[/] - Initializing Spring embedded WebApplicationContext 
25-09-21 00:42:42.434 [restartedMain] INFO  o.s.b.w.s.c.ServletWebServerApplicationContext - Root WebApplicationContext: initialization completed in 199 ms 
25-09-21 00:42:42.456 [restartedMain] INFO  o.h.jpa.internal.util.LogHelper - HHH000204: Processing PersistenceUnitInfo [name: default] 
25-09-21 00:42:42.458 [restartedMain] INFO  o.h.c.i.RegionFactoryInitiator - HHH000026: Second-level cache disabled 
25-09-21 00:42:42.462 [restartedMain] INFO  o.s.o.j.p.SpringPersistenceUnitInfo - No LoadTimeWeaver setup: ignoring JPA class transformer 
25-09-21 00:42:42.463 [restartedMain] INFO  com.zaxxer.hikari.HikariDataSource - HikariPool-55 - Starting... 
25-09-21 00:42:42.464 [restartedMain] INFO  com.zaxxer.hikari.pool.HikariPool - HikariPool-55 - Added connection org.sqlite.jdbc4.JDBC4Connection@550bb210 
25-09-21 00:42:42.464 [restartedMain] INFO  com.zaxxer.hikari.HikariDataSource - HikariPool-55 - Start completed. 
25-09-21 00:42:42.464 [restartedMain] INFO  o.hibernate.orm.connections.pooling - HHH10001005: Database info:
	Database JDBC URL [Connecting through datasource 'HikariDataSource (HikariPool-55)']
	Database driver: undefined/unknown
	Database version: 3.50.3
	Autocommit mode: undefined/unknown
	Isolation level: undefined/unknown
	Minimum pool size: undefined/unknown
	Maximum pool size: undefined/unknown 
25-09-21 00:42:42.484 [restartedMain] INFO  o.h.e.t.j.p.i.JtaPlatformInitiator - HHH000489: No JTA platform available (set 'hibernate.transaction.jta.platform' to enable JTA platform integration) 
25-09-21 00:42:42.486 [restartedMain] INFO  o.s.o.j.LocalContainerEntityManagerFactoryBean - Initialized JPA EntityManagerFactory for persistence unit 'default' 
25-09-21 00:42:42.528 [restartedMain] WARN  o.s.b.a.o.j.JpaBaseConfiguration$JpaWebConfiguration - spring.jpa.open-in-view is enabled by default. Therefore, database queries may be performed during view rendering. Explicitly configure spring.jpa.open-in-view to disable this warning 
25-09-21 00:42:42.629 [restartedMain] INFO  o.s.b.d.a.OptionalLiveReloadServer - LiveReload server is running on port 35729 
25-09-21 00:42:42.634 [restartedMain] INFO  o.a.coyote.http11.Http11NioProtocol - Starting ProtocolHandler ["http-nio-8080"] 
25-09-21 00:42:42.638 [restartedMain] INFO  o.s.b.w.e.tomcat.TomcatWebServer - Tomcat started on port 8080 (http) with context path '/' 
25-09-21 00:42:42.641 [restartedMain] INFO  c.v.vatManager.VatManagerApplication - Started VatManagerApplication in 0.422 seconds (process running for 3543.282) 
25-09-21 00:42:42.642 [restartedMain] INFO  o.s.b.d.a.ConditionEvaluationDeltaLoggingListener - Condition evaluation unchanged 
25-09-21 00:43:53.011 [File Watcher] INFO  o.s.b.d.a.LocalDevToolsAutoConfiguration$RestartingClassPathChangeChangedEventListener - Restarting due to 1 class path change (0 additions, 0 deletions, 1 modification) 
25-09-21 00:43:53.012 [Thread-218] INFO  o.s.b.w.e.tomcat.GracefulShutdown - Commencing graceful shutdown. Waiting for active requests to complete 
25-09-21 00:43:53.012 [tomcat-shutdown] INFO  o.a.coyote.http11.Http11NioProtocol - Pausing ProtocolHandler ["http-nio-8080"] 
25-09-21 00:43:53.033 [tomcat-shutdown] INFO  o.s.b.w.e.tomcat.GracefulShutdown - Graceful shutdown complete 
25-09-21 00:43:53.034 [Thread-218] INFO  o.a.coyote.http11.Http11NioProtocol - Stopping ProtocolHandler ["http-nio-8080"] 
25-09-21 00:43:53.035 [Thread-218] INFO  o.s.o.j.LocalContainerEntityManagerFactoryBean - Closing JPA EntityManagerFactory for persistence unit 'default' 
25-09-21 00:43:53.035 [Thread-218] INFO  com.zaxxer.hikari.HikariDataSource - HikariPool-55 - Shutdown initiated... 
25-09-21 00:43:53.037 [Thread-218] INFO  com.zaxxer.hikari.HikariDataSource - HikariPool-55 - Shutdown completed. 
25-09-21 00:43:53.093 [restartedMain] INFO  c.v.vatManager.VatManagerApplication - Starting VatManagerApplication using Java 21.0.5 with PID 15280 (D:\SpringBoot  Projects\vatManager\target\classes started by neraz in D:\SpringBoot  Projects\vatManager) 
25-09-21 00:43:53.093 [restartedMain] INFO  c.v.vatManager.VatManagerApplication - No active profile set, falling back to 1 default profile: "default" 
25-09-21 00:43:53.212 [restartedMain] INFO  o.s.d.r.c.RepositoryConfigurationDelegate - Bootstrapping Spring Data JPA repositories in DEFAULT mode. 
25-09-21 00:43:53.219 [restartedMain] INFO  o.s.d.r.c.RepositoryConfigurationDelegate - Finished Spring Data repository scanning in 6 ms. Found 1 JPA repository interface. 
25-09-21 00:43:53.274 [restartedMain] INFO  o.s.b.w.e.tomcat.TomcatWebServer - Tomcat initialized with port 8080 (http) 
25-09-21 00:43:53.275 [restartedMain] INFO  o.a.coyote.http11.Http11NioProtocol - Initializing ProtocolHandler ["http-nio-8080"] 
25-09-21 00:43:53.275 [restartedMain] INFO  o.a.catalina.core.StandardService - Starting service [Tomcat] 
25-09-21 00:43:53.275 [restartedMain] INFO  o.a.catalina.core.StandardEngine - Starting Servlet engine: [Apache Tomcat/10.1.44] 
25-09-21 00:43:53.295 [restartedMain] INFO  o.a.c.c.C.[Tomcat-1].[localhost].[/] - Initializing Spring embedded WebApplicationContext 
25-09-21 00:43:53.295 [restartedMain] INFO  o.s.b.w.s.c.ServletWebServerApplicationContext - Root WebApplicationContext: initialization completed in 201 ms 
25-09-21 00:43:53.316 [restartedMain] INFO  o.h.jpa.internal.util.LogHelper - HHH000204: Processing PersistenceUnitInfo [name: default] 
25-09-21 00:43:53.319 [restartedMain] INFO  o.h.c.i.RegionFactoryInitiator - HHH000026: Second-level cache disabled 
25-09-21 00:43:53.323 [restartedMain] INFO  o.s.o.j.p.SpringPersistenceUnitInfo - No LoadTimeWeaver setup: ignoring JPA class transformer 
25-09-21 00:43:53.324 [restartedMain] INFO  com.zaxxer.hikari.HikariDataSource - HikariPool-56 - Starting... 
25-09-21 00:43:53.326 [restartedMain] INFO  com.zaxxer.hikari.pool.HikariPool - HikariPool-56 - Added connection org.sqlite.jdbc4.JDBC4Connection@6ee8375c 
25-09-21 00:43:53.326 [restartedMain] INFO  com.zaxxer.hikari.HikariDataSource - HikariPool-56 - Start completed. 
25-09-21 00:43:53.326 [restartedMain] INFO  o.hibernate.orm.connections.pooling - HHH10001005: Database info:
	Database JDBC URL [Connecting through datasource 'HikariDataSource (HikariPool-56)']
	Database driver: undefined/unknown
	Database version: 3.50.3
	Autocommit mode: undefined/unknown
	Isolation level: undefined/unknown
	Minimum pool size: undefined/unknown
	Maximum pool size: undefined/unknown 
25-09-21 00:43:53.346 [restartedMain] INFO  o.h.e.t.j.p.i.JtaPlatformInitiator - HHH000489: No JTA platform available (set 'hibernate.transaction.jta.platform' to enable JTA platform integration) 
25-09-21 00:43:53.347 [restartedMain] INFO  o.s.o.j.LocalContainerEntityManagerFactoryBean - Initialized JPA EntityManagerFactory for persistence unit 'default' 
25-09-21 00:43:53.389 [restartedMain] WARN  o.s.b.a.o.j.JpaBaseConfiguration$JpaWebConfiguration - spring.jpa.open-in-view is enabled by default. Therefore, database queries may be performed during view rendering. Explicitly configure spring.jpa.open-in-view to disable this warning 
25-09-21 00:43:53.490 [restartedMain] INFO  o.s.b.d.a.OptionalLiveReloadServer - LiveReload server is running on port 35729 
25-09-21 00:43:53.497 [restartedMain] INFO  o.a.coyote.http11.Http11NioProtocol - Starting ProtocolHandler ["http-nio-8080"] 
25-09-21 00:43:53.500 [restartedMain] INFO  o.s.b.w.e.tomcat.TomcatWebServer - Tomcat started on port 8080 (http) with context path '/' 
25-09-21 00:43:53.502 [restartedMain] INFO  c.v.vatManager.VatManagerApplication - Started VatManagerApplication in 0.424 seconds (process running for 3614.143) 
25-09-21 00:43:53.503 [restartedMain] INFO  o.s.b.d.a.ConditionEvaluationDeltaLoggingListener - Condition evaluation unchanged 
25-09-21 00:43:58.964 [File Watcher] INFO  o.s.b.d.a.LocalDevToolsAutoConfiguration$RestartingClassPathChangeChangedEventListener - Restarting due to 1 class path change (0 additions, 0 deletions, 1 modification) 
25-09-21 00:43:58.964 [Thread-222] INFO  o.s.b.w.e.tomcat.GracefulShutdown - Commencing graceful shutdown. Waiting for active requests to complete 
25-09-21 00:43:58.965 [tomcat-shutdown] INFO  o.a.coyote.http11.Http11NioProtocol - Pausing ProtocolHandler ["http-nio-8080"] 
25-09-21 00:43:58.986 [tomcat-shutdown] INFO  o.s.b.w.e.tomcat.GracefulShutdown - Graceful shutdown complete 
25-09-21 00:43:58.986 [Thread-222] INFO  o.a.coyote.http11.Http11NioProtocol - Stopping ProtocolHandler ["http-nio-8080"] 
25-09-21 00:43:58.987 [Thread-222] INFO  o.s.o.j.LocalContainerEntityManagerFactoryBean - Closing JPA EntityManagerFactory for persistence unit 'default' 
25-09-21 00:43:58.987 [Thread-222] INFO  com.zaxxer.hikari.HikariDataSource - HikariPool-56 - Shutdown initiated... 
25-09-21 00:43:58.988 [Thread-222] INFO  com.zaxxer.hikari.HikariDataSource - HikariPool-56 - Shutdown completed. 
25-09-21 00:43:59.047 [restartedMain] INFO  c.v.vatManager.VatManagerApplication - Starting VatManagerApplication using Java 21.0.5 with PID 15280 (D:\SpringBoot  Projects\vatManager\target\classes started by neraz in D:\SpringBoot  Projects\vatManager) 
25-09-21 00:43:59.047 [restartedMain] INFO  c.v.vatManager.VatManagerApplication - No active profile set, falling back to 1 default profile: "default" 
25-09-21 00:43:59.174 [restartedMain] INFO  o.s.d.r.c.RepositoryConfigurationDelegate - Bootstrapping Spring Data JPA repositories in DEFAULT mode. 
25-09-21 00:43:59.182 [restartedMain] INFO  o.s.d.r.c.RepositoryConfigurationDelegate - Finished Spring Data repository scanning in 7 ms. Found 1 JPA repository interface. 
25-09-21 00:43:59.241 [restartedMain] INFO  o.s.b.w.e.tomcat.TomcatWebServer - Tomcat initialized with port 8080 (http) 
25-09-21 00:43:59.241 [restartedMain] INFO  o.a.coyote.http11.Http11NioProtocol - Initializing ProtocolHandler ["http-nio-8080"] 
25-09-21 00:43:59.241 [restartedMain] INFO  o.a.catalina.core.StandardService - Starting service [Tomcat] 
25-09-21 00:43:59.241 [restartedMain] INFO  o.a.catalina.core.StandardEngine - Starting Servlet engine: [Apache Tomcat/10.1.44] 
25-09-21 00:43:59.261 [restartedMain] INFO  o.a.c.c.C.[Tomcat-1].[localhost].[/] - Initializing Spring embedded WebApplicationContext 
25-09-21 00:43:59.261 [restartedMain] INFO  o.s.b.w.s.c.ServletWebServerApplicationContext - Root WebApplicationContext: initialization completed in 213 ms 
25-09-21 00:43:59.286 [restartedMain] INFO  o.h.jpa.internal.util.LogHelper - HHH000204: Processing PersistenceUnitInfo [name: default] 
25-09-21 00:43:59.288 [restartedMain] INFO  o.h.c.i.RegionFactoryInitiator - HHH000026: Second-level cache disabled 
25-09-21 00:43:59.292 [restartedMain] INFO  o.s.o.j.p.SpringPersistenceUnitInfo - No LoadTimeWeaver setup: ignoring JPA class transformer 
25-09-21 00:43:59.294 [restartedMain] INFO  com.zaxxer.hikari.HikariDataSource - HikariPool-57 - Starting... 
25-09-21 00:43:59.295 [restartedMain] INFO  com.zaxxer.hikari.pool.HikariPool - HikariPool-57 - Added connection org.sqlite.jdbc4.JDBC4Connection@2529a0dc 
25-09-21 00:43:59.295 [restartedMain] INFO  com.zaxxer.hikari.HikariDataSource - HikariPool-57 - Start completed. 
25-09-21 00:43:59.296 [restartedMain] INFO  o.hibernate.orm.connections.pooling - HHH10001005: Database info:
	Database JDBC URL [Connecting through datasource 'HikariDataSource (HikariPool-57)']
	Database driver: undefined/unknown
	Database version: 3.50.3
	Autocommit mode: undefined/unknown
	Isolation level: undefined/unknown
	Minimum pool size: undefined/unknown
	Maximum pool size: undefined/unknown 
25-09-21 00:43:59.318 [restartedMain] INFO  o.h.e.t.j.p.i.JtaPlatformInitiator - HHH000489: No JTA platform available (set 'hibernate.transaction.jta.platform' to enable JTA platform integration) 
25-09-21 00:43:59.319 [restartedMain] INFO  o.s.o.j.LocalContainerEntityManagerFactoryBean - Initialized JPA EntityManagerFactory for persistence unit 'default' 
25-09-21 00:43:59.368 [restartedMain] WARN  o.s.b.a.o.j.JpaBaseConfiguration$JpaWebConfiguration - spring.jpa.open-in-view is enabled by default. Therefore, database queries may be performed during view rendering. Explicitly configure spring.jpa.open-in-view to disable this warning 
25-09-21 00:43:59.457 [restartedMain] INFO  o.s.b.d.a.OptionalLiveReloadServer - LiveReload server is running on port 35729 
25-09-21 00:43:59.464 [restartedMain] INFO  o.a.coyote.http11.Http11NioProtocol - Starting ProtocolHandler ["http-nio-8080"] 
25-09-21 00:43:59.467 [restartedMain] INFO  o.s.b.w.e.tomcat.TomcatWebServer - Tomcat started on port 8080 (http) with context path '/' 
25-09-21 00:43:59.469 [restartedMain] INFO  c.v.vatManager.VatManagerApplication - Started VatManagerApplication in 0.44 seconds (process running for 3620.11) 
25-09-21 00:43:59.471 [restartedMain] INFO  o.s.b.d.a.ConditionEvaluationDeltaLoggingListener - Condition evaluation unchanged 
25-09-21 00:44:23.224 [File Watcher] INFO  o.s.b.d.a.LocalDevToolsAutoConfiguration$RestartingClassPathChangeChangedEventListener - Restarting due to 1 class path change (0 additions, 0 deletions, 1 modification) 
25-09-21 00:44:23.224 [Thread-226] INFO  o.s.b.w.e.tomcat.GracefulShutdown - Commencing graceful shutdown. Waiting for active requests to complete 
25-09-21 00:44:23.224 [tomcat-shutdown] INFO  o.a.coyote.http11.Http11NioProtocol - Pausing ProtocolHandler ["http-nio-8080"] 
25-09-21 00:44:23.243 [tomcat-shutdown] INFO  o.s.b.w.e.tomcat.GracefulShutdown - Graceful shutdown complete 
25-09-21 00:44:23.244 [Thread-226] INFO  o.a.coyote.http11.Http11NioProtocol - Stopping ProtocolHandler ["http-nio-8080"] 
25-09-21 00:44:23.245 [Thread-226] INFO  o.s.o.j.LocalContainerEntityManagerFactoryBean - Closing JPA EntityManagerFactory for persistence unit 'default' 
25-09-21 00:44:23.246 [Thread-226] INFO  com.zaxxer.hikari.HikariDataSource - HikariPool-57 - Shutdown initiated... 
25-09-21 00:44:23.246 [Thread-226] INFO  com.zaxxer.hikari.HikariDataSource - HikariPool-57 - Shutdown completed. 
25-09-21 00:44:23.303 [restartedMain] INFO  c.v.vatManager.VatManagerApplication - Starting VatManagerApplication using Java 21.0.5 with PID 15280 (D:\SpringBoot  Projects\vatManager\target\classes started by neraz in D:\SpringBoot  Projects\vatManager) 
25-09-21 00:44:23.303 [restartedMain] INFO  c.v.vatManager.VatManagerApplication - No active profile set, falling back to 1 default profile: "default" 
25-09-21 00:44:23.407 [restartedMain] INFO  o.s.d.r.c.RepositoryConfigurationDelegate - Bootstrapping Spring Data JPA repositories in DEFAULT mode. 
25-09-21 00:44:23.414 [restartedMain] INFO  o.s.d.r.c.RepositoryConfigurationDelegate - Finished Spring Data repository scanning in 6 ms. Found 1 JPA repository interface. 
25-09-21 00:44:23.467 [restartedMain] INFO  o.s.b.w.e.tomcat.TomcatWebServer - Tomcat initialized with port 8080 (http) 
25-09-21 00:44:23.468 [restartedMain] INFO  o.a.coyote.http11.Http11NioProtocol - Initializing ProtocolHandler ["http-nio-8080"] 
25-09-21 00:44:23.468 [restartedMain] INFO  o.a.catalina.core.StandardService - Starting service [Tomcat] 
25-09-21 00:44:23.468 [restartedMain] INFO  o.a.catalina.core.StandardEngine - Starting Servlet engine: [Apache Tomcat/10.1.44] 
25-09-21 00:44:23.487 [restartedMain] INFO  o.a.c.c.C.[Tomcat-1].[localhost].[/] - Initializing Spring embedded WebApplicationContext 
25-09-21 00:44:23.487 [restartedMain] INFO  o.s.b.w.s.c.ServletWebServerApplicationContext - Root WebApplicationContext: initialization completed in 183 ms 
25-09-21 00:44:23.508 [restartedMain] INFO  o.h.jpa.internal.util.LogHelper - HHH000204: Processing PersistenceUnitInfo [name: default] 
25-09-21 00:44:23.510 [restartedMain] INFO  o.h.c.i.RegionFactoryInitiator - HHH000026: Second-level cache disabled 
25-09-21 00:44:23.514 [restartedMain] INFO  o.s.o.j.p.SpringPersistenceUnitInfo - No LoadTimeWeaver setup: ignoring JPA class transformer 
25-09-21 00:44:23.516 [restartedMain] INFO  com.zaxxer.hikari.HikariDataSource - HikariPool-58 - Starting... 
25-09-21 00:44:23.516 [restartedMain] INFO  com.zaxxer.hikari.pool.HikariPool - HikariPool-58 - Added connection org.sqlite.jdbc4.JDBC4Connection@39542699 
25-09-21 00:44:23.516 [restartedMain] INFO  com.zaxxer.hikari.HikariDataSource - HikariPool-58 - Start completed. 
25-09-21 00:44:23.517 [restartedMain] INFO  o.hibernate.orm.connections.pooling - HHH10001005: Database info:
	Database JDBC URL [Connecting through datasource 'HikariDataSource (HikariPool-58)']
	Database driver: undefined/unknown
	Database version: 3.50.3
	Autocommit mode: undefined/unknown
	Isolation level: undefined/unknown
	Minimum pool size: undefined/unknown
	Maximum pool size: undefined/unknown 
25-09-21 00:44:23.536 [restartedMain] INFO  o.h.e.t.j.p.i.JtaPlatformInitiator - HHH000489: No JTA platform available (set 'hibernate.transaction.jta.platform' to enable JTA platform integration) 
25-09-21 00:44:23.537 [restartedMain] INFO  o.s.o.j.LocalContainerEntityManagerFactoryBean - Initialized JPA EntityManagerFactory for persistence unit 'default' 
25-09-21 00:44:23.576 [restartedMain] WARN  o.s.b.a.o.j.JpaBaseConfiguration$JpaWebConfiguration - spring.jpa.open-in-view is enabled by default. Therefore, database queries may be performed during view rendering. Explicitly configure spring.jpa.open-in-view to disable this warning 
25-09-21 00:44:23.668 [restartedMain] INFO  o.s.b.d.a.OptionalLiveReloadServer - LiveReload server is running on port 35729 
25-09-21 00:44:23.674 [restartedMain] INFO  o.a.coyote.http11.Http11NioProtocol - Starting ProtocolHandler ["http-nio-8080"] 
25-09-21 00:44:23.678 [restartedMain] INFO  o.s.b.w.e.tomcat.TomcatWebServer - Tomcat started on port 8080 (http) with context path '/' 
25-09-21 00:44:23.680 [restartedMain] INFO  c.v.vatManager.VatManagerApplication - Started VatManagerApplication in 0.392 seconds (process running for 3644.321) 
25-09-21 00:44:23.681 [restartedMain] INFO  o.s.b.d.a.ConditionEvaluationDeltaLoggingListener - Condition evaluation unchanged 
25-09-21 00:45:22.893 [File Watcher] INFO  o.s.b.d.a.LocalDevToolsAutoConfiguration$RestartingClassPathChangeChangedEventListener - Restarting due to 1 class path change (0 additions, 0 deletions, 1 modification) 
25-09-21 00:45:22.894 [Thread-230] INFO  o.s.b.w.e.tomcat.GracefulShutdown - Commencing graceful shutdown. Waiting for active requests to complete 
25-09-21 00:45:22.894 [tomcat-shutdown] INFO  o.a.coyote.http11.Http11NioProtocol - Pausing ProtocolHandler ["http-nio-8080"] 
25-09-21 00:45:22.913 [tomcat-shutdown] INFO  o.s.b.w.e.tomcat.GracefulShutdown - Graceful shutdown complete 
25-09-21 00:45:22.914 [Thread-230] INFO  o.a.coyote.http11.Http11NioProtocol - Stopping ProtocolHandler ["http-nio-8080"] 
25-09-21 00:45:22.915 [Thread-230] INFO  o.s.o.j.LocalContainerEntityManagerFactoryBean - Closing JPA EntityManagerFactory for persistence unit 'default' 
25-09-21 00:45:22.915 [Thread-230] INFO  com.zaxxer.hikari.HikariDataSource - HikariPool-58 - Shutdown initiated... 
25-09-21 00:45:22.916 [Thread-230] INFO  com.zaxxer.hikari.HikariDataSource - HikariPool-58 - Shutdown completed. 
25-09-21 00:45:22.973 [restartedMain] INFO  c.v.vatManager.VatManagerApplication - Starting VatManagerApplication using Java 21.0.5 with PID 15280 (D:\SpringBoot  Projects\vatManager\target\classes started by neraz in D:\SpringBoot  Projects\vatManager) 
25-09-21 00:45:22.973 [restartedMain] INFO  c.v.vatManager.VatManagerApplication - No active profile set, falling back to 1 default profile: "default" 
25-09-21 00:45:23.094 [restartedMain] INFO  o.s.d.r.c.RepositoryConfigurationDelegate - Bootstrapping Spring Data JPA repositories in DEFAULT mode. 
25-09-21 00:45:23.102 [restartedMain] INFO  o.s.d.r.c.RepositoryConfigurationDelegate - Finished Spring Data repository scanning in 6 ms. Found 1 JPA repository interface. 
25-09-21 00:45:23.156 [restartedMain] INFO  o.s.b.w.e.tomcat.TomcatWebServer - Tomcat initialized with port 8080 (http) 
25-09-21 00:45:23.157 [restartedMain] INFO  o.a.coyote.http11.Http11NioProtocol - Initializing ProtocolHandler ["http-nio-8080"] 
25-09-21 00:45:23.157 [restartedMain] INFO  o.a.catalina.core.StandardService - Starting service [Tomcat] 
25-09-21 00:45:23.157 [restartedMain] INFO  o.a.catalina.core.StandardEngine - Starting Servlet engine: [Apache Tomcat/10.1.44] 
25-09-21 00:45:23.177 [restartedMain] INFO  o.a.c.c.C.[Tomcat-1].[localhost].[/] - Initializing Spring embedded WebApplicationContext 
25-09-21 00:45:23.177 [restartedMain] INFO  o.s.b.w.s.c.ServletWebServerApplicationContext - Root WebApplicationContext: initialization completed in 203 ms 
25-09-21 00:45:23.198 [restartedMain] INFO  o.h.jpa.internal.util.LogHelper - HHH000204: Processing PersistenceUnitInfo [name: default] 
25-09-21 00:45:23.200 [restartedMain] INFO  o.h.c.i.RegionFactoryInitiator - HHH000026: Second-level cache disabled 
25-09-21 00:45:23.204 [restartedMain] INFO  o.s.o.j.p.SpringPersistenceUnitInfo - No LoadTimeWeaver setup: ignoring JPA class transformer 
25-09-21 00:45:23.206 [restartedMain] INFO  com.zaxxer.hikari.HikariDataSource - HikariPool-59 - Starting... 
25-09-21 00:45:23.207 [restartedMain] INFO  com.zaxxer.hikari.pool.HikariPool - HikariPool-59 - Added connection org.sqlite.jdbc4.JDBC4Connection@634d1bf 
25-09-21 00:45:23.207 [restartedMain] INFO  com.zaxxer.hikari.HikariDataSource - HikariPool-59 - Start completed. 
25-09-21 00:45:23.207 [restartedMain] INFO  o.hibernate.orm.connections.pooling - HHH10001005: Database info:
	Database JDBC URL [Connecting through datasource 'HikariDataSource (HikariPool-59)']
	Database driver: undefined/unknown
	Database version: 3.50.3
	Autocommit mode: undefined/unknown
	Isolation level: undefined/unknown
	Minimum pool size: undefined/unknown
	Maximum pool size: undefined/unknown 
25-09-21 00:45:23.228 [restartedMain] INFO  o.h.e.t.j.p.i.JtaPlatformInitiator - HHH000489: No JTA platform available (set 'hibernate.transaction.jta.platform' to enable JTA platform integration) 
25-09-21 00:45:23.229 [restartedMain] INFO  o.s.o.j.LocalContainerEntityManagerFactoryBean - Initialized JPA EntityManagerFactory for persistence unit 'default' 
25-09-21 00:45:23.277 [restartedMain] WARN  o.s.b.a.o.j.JpaBaseConfiguration$JpaWebConfiguration - spring.jpa.open-in-view is enabled by default. Therefore, database queries may be performed during view rendering. Explicitly configure spring.jpa.open-in-view to disable this warning 
25-09-21 00:45:23.361 [restartedMain] INFO  o.s.b.d.a.OptionalLiveReloadServer - LiveReload server is running on port 35729 
25-09-21 00:45:23.368 [restartedMain] INFO  o.a.coyote.http11.Http11NioProtocol - Starting ProtocolHandler ["http-nio-8080"] 
25-09-21 00:45:23.370 [restartedMain] INFO  o.s.b.w.e.tomcat.TomcatWebServer - Tomcat started on port 8080 (http) with context path '/' 
25-09-21 00:45:23.372 [restartedMain] INFO  c.v.vatManager.VatManagerApplication - Started VatManagerApplication in 0.414 seconds (process running for 3704.014) 
25-09-21 00:45:23.373 [restartedMain] INFO  o.s.b.d.a.ConditionEvaluationDeltaLoggingListener - Condition evaluation unchanged 
25-09-21 00:45:43.026 [File Watcher] INFO  o.s.b.d.a.LocalDevToolsAutoConfiguration$RestartingClassPathChangeChangedEventListener - Restarting due to 1 class path change (0 additions, 0 deletions, 1 modification) 
25-09-21 00:45:43.026 [Thread-234] INFO  o.s.b.w.e.tomcat.GracefulShutdown - Commencing graceful shutdown. Waiting for active requests to complete 
25-09-21 00:45:43.028 [tomcat-shutdown] INFO  o.a.coyote.http11.Http11NioProtocol - Pausing ProtocolHandler ["http-nio-8080"] 
25-09-21 00:45:43.046 [tomcat-shutdown] INFO  o.s.b.w.e.tomcat.GracefulShutdown - Graceful shutdown complete 
25-09-21 00:45:43.046 [Thread-234] INFO  o.a.coyote.http11.Http11NioProtocol - Stopping ProtocolHandler ["http-nio-8080"] 
25-09-21 00:45:43.048 [Thread-234] INFO  o.s.o.j.LocalContainerEntityManagerFactoryBean - Closing JPA EntityManagerFactory for persistence unit 'default' 
25-09-21 00:45:43.048 [Thread-234] INFO  com.zaxxer.hikari.HikariDataSource - HikariPool-59 - Shutdown initiated... 
25-09-21 00:45:43.049 [Thread-234] INFO  com.zaxxer.hikari.HikariDataSource - HikariPool-59 - Shutdown completed. 
25-09-21 00:45:43.105 [restartedMain] INFO  c.v.vatManager.VatManagerApplication - Starting VatManagerApplication using Java 21.0.5 with PID 15280 (D:\SpringBoot  Projects\vatManager\target\classes started by neraz in D:\SpringBoot  Projects\vatManager) 
25-09-21 00:45:43.106 [restartedMain] INFO  c.v.vatManager.VatManagerApplication - No active profile set, falling back to 1 default profile: "default" 
25-09-21 00:45:43.228 [restartedMain] INFO  o.s.d.r.c.RepositoryConfigurationDelegate - Bootstrapping Spring Data JPA repositories in DEFAULT mode. 
25-09-21 00:45:43.234 [restartedMain] INFO  o.s.d.r.c.RepositoryConfigurationDelegate - Finished Spring Data repository scanning in 5 ms. Found 1 JPA repository interface. 
25-09-21 00:45:43.289 [restartedMain] INFO  o.s.b.w.e.tomcat.TomcatWebServer - Tomcat initialized with port 8080 (http) 
25-09-21 00:45:43.290 [restartedMain] INFO  o.a.coyote.http11.Http11NioProtocol - Initializing ProtocolHandler ["http-nio-8080"] 
25-09-21 00:45:43.290 [restartedMain] INFO  o.a.catalina.core.StandardService - Starting service [Tomcat] 
25-09-21 00:45:43.290 [restartedMain] INFO  o.a.catalina.core.StandardEngine - Starting Servlet engine: [Apache Tomcat/10.1.44] 
25-09-21 00:45:43.309 [restartedMain] INFO  o.a.c.c.C.[Tomcat-1].[localhost].[/] - Initializing Spring embedded WebApplicationContext 
25-09-21 00:45:43.310 [restartedMain] INFO  o.s.b.w.s.c.ServletWebServerApplicationContext - Root WebApplicationContext: initialization completed in 202 ms 
25-09-21 00:45:43.331 [restartedMain] INFO  o.h.jpa.internal.util.LogHelper - HHH000204: Processing PersistenceUnitInfo [name: default] 
25-09-21 00:45:43.333 [restartedMain] INFO  o.h.c.i.RegionFactoryInitiator - HHH000026: Second-level cache disabled 
25-09-21 00:45:43.338 [restartedMain] INFO  o.s.o.j.p.SpringPersistenceUnitInfo - No LoadTimeWeaver setup: ignoring JPA class transformer 
25-09-21 00:45:43.339 [restartedMain] INFO  com.zaxxer.hikari.HikariDataSource - HikariPool-60 - Starting... 
25-09-21 00:45:43.340 [restartedMain] INFO  com.zaxxer.hikari.pool.HikariPool - HikariPool-60 - Added connection org.sqlite.jdbc4.JDBC4Connection@66194341 
25-09-21 00:45:43.340 [restartedMain] INFO  com.zaxxer.hikari.HikariDataSource - HikariPool-60 - Start completed. 
25-09-21 00:45:43.340 [restartedMain] INFO  o.hibernate.orm.connections.pooling - HHH10001005: Database info:
	Database JDBC URL [Connecting through datasource 'HikariDataSource (HikariPool-60)']
	Database driver: undefined/unknown
	Database version: 3.50.3
	Autocommit mode: undefined/unknown
	Isolation level: undefined/unknown
	Minimum pool size: undefined/unknown
	Maximum pool size: undefined/unknown 
25-09-21 00:45:43.359 [restartedMain] INFO  o.h.e.t.j.p.i.JtaPlatformInitiator - HHH000489: No JTA platform available (set 'hibernate.transaction.jta.platform' to enable JTA platform integration) 
25-09-21 00:45:43.360 [restartedMain] INFO  o.s.o.j.LocalContainerEntityManagerFactoryBean - Initialized JPA EntityManagerFactory for persistence unit 'default' 
25-09-21 00:45:43.402 [restartedMain] WARN  o.s.b.a.o.j.JpaBaseConfiguration$JpaWebConfiguration - spring.jpa.open-in-view is enabled by default. Therefore, database queries may be performed during view rendering. Explicitly configure spring.jpa.open-in-view to disable this warning 
25-09-21 00:45:43.492 [restartedMain] INFO  o.s.b.d.a.OptionalLiveReloadServer - LiveReload server is running on port 35729 
25-09-21 00:45:43.499 [restartedMain] INFO  o.a.coyote.http11.Http11NioProtocol - Starting ProtocolHandler ["http-nio-8080"] 
25-09-21 00:45:43.502 [restartedMain] INFO  o.s.b.w.e.tomcat.TomcatWebServer - Tomcat started on port 8080 (http) with context path '/' 
25-09-21 00:45:43.504 [restartedMain] INFO  c.v.vatManager.VatManagerApplication - Started VatManagerApplication in 0.414 seconds (process running for 3724.145) 
25-09-21 00:45:43.505 [restartedMain] INFO  o.s.b.d.a.ConditionEvaluationDeltaLoggingListener - Condition evaluation unchanged 
25-09-21 00:45:52.031 [File Watcher] INFO  o.s.b.d.a.LocalDevToolsAutoConfiguration$RestartingClassPathChangeChangedEventListener - Restarting due to 1 class path change (0 additions, 0 deletions, 1 modification) 
25-09-21 00:45:52.032 [Thread-238] INFO  o.s.b.w.e.tomcat.GracefulShutdown - Commencing graceful shutdown. Waiting for active requests to complete 
25-09-21 00:45:52.032 [tomcat-shutdown] INFO  o.a.coyote.http11.Http11NioProtocol - Pausing ProtocolHandler ["http-nio-8080"] 
25-09-21 00:45:52.054 [tomcat-shutdown] INFO  o.s.b.w.e.tomcat.GracefulShutdown - Graceful shutdown complete 
25-09-21 00:45:52.054 [Thread-238] INFO  o.a.coyote.http11.Http11NioProtocol - Stopping ProtocolHandler ["http-nio-8080"] 
25-09-21 00:45:52.056 [Thread-238] INFO  o.s.o.j.LocalContainerEntityManagerFactoryBean - Closing JPA EntityManagerFactory for persistence unit 'default' 
25-09-21 00:45:52.057 [Thread-238] INFO  com.zaxxer.hikari.HikariDataSource - HikariPool-60 - Shutdown initiated... 
25-09-21 00:45:52.057 [Thread-238] INFO  com.zaxxer.hikari.HikariDataSource - HikariPool-60 - Shutdown completed. 
25-09-21 00:45:52.112 [restartedMain] INFO  c.v.vatManager.VatManagerApplication - Starting VatManagerApplication using Java 21.0.5 with PID 15280 (D:\SpringBoot  Projects\vatManager\target\classes started by neraz in D:\SpringBoot  Projects\vatManager) 
25-09-21 00:45:52.112 [restartedMain] INFO  c.v.vatManager.VatManagerApplication - No active profile set, falling back to 1 default profile: "default" 
25-09-21 00:45:52.215 [restartedMain] INFO  o.s.d.r.c.RepositoryConfigurationDelegate - Bootstrapping Spring Data JPA repositories in DEFAULT mode. 
25-09-21 00:45:52.222 [restartedMain] INFO  o.s.d.r.c.RepositoryConfigurationDelegate - Finished Spring Data repository scanning in 6 ms. Found 1 JPA repository interface. 
25-09-21 00:45:52.276 [restartedMain] INFO  o.s.b.w.e.tomcat.TomcatWebServer - Tomcat initialized with port 8080 (http) 
25-09-21 00:45:52.278 [restartedMain] INFO  o.a.coyote.http11.Http11NioProtocol - Initializing ProtocolHandler ["http-nio-8080"] 
25-09-21 00:45:52.278 [restartedMain] INFO  o.a.catalina.core.StandardService - Starting service [Tomcat] 
25-09-21 00:45:52.278 [restartedMain] INFO  o.a.catalina.core.StandardEngine - Starting Servlet engine: [Apache Tomcat/10.1.44] 
25-09-21 00:45:52.298 [restartedMain] INFO  o.a.c.c.C.[Tomcat-1].[localhost].[/] - Initializing Spring embedded WebApplicationContext 
25-09-21 00:45:52.298 [restartedMain] INFO  o.s.b.w.s.c.ServletWebServerApplicationContext - Root WebApplicationContext: initialization completed in 185 ms 
25-09-21 00:45:52.319 [restartedMain] INFO  o.h.jpa.internal.util.LogHelper - HHH000204: Processing PersistenceUnitInfo [name: default] 
25-09-21 00:45:52.321 [restartedMain] INFO  o.h.c.i.RegionFactoryInitiator - HHH000026: Second-level cache disabled 
25-09-21 00:45:52.326 [restartedMain] INFO  o.s.o.j.p.SpringPersistenceUnitInfo - No LoadTimeWeaver setup: ignoring JPA class transformer 
25-09-21 00:45:52.327 [restartedMain] INFO  com.zaxxer.hikari.HikariDataSource - HikariPool-61 - Starting... 
25-09-21 00:45:52.328 [restartedMain] INFO  com.zaxxer.hikari.pool.HikariPool - HikariPool-61 - Added connection org.sqlite.jdbc4.JDBC4Connection@57c06a28 
25-09-21 00:45:52.328 [restartedMain] INFO  com.zaxxer.hikari.HikariDataSource - HikariPool-61 - Start completed. 
25-09-21 00:45:52.329 [restartedMain] INFO  o.hibernate.orm.connections.pooling - HHH10001005: Database info:
	Database JDBC URL [Connecting through datasource 'HikariDataSource (HikariPool-61)']
	Database driver: undefined/unknown
	Database version: 3.50.3
	Autocommit mode: undefined/unknown
	Isolation level: undefined/unknown
	Minimum pool size: undefined/unknown
	Maximum pool size: undefined/unknown 
25-09-21 00:45:52.349 [restartedMain] INFO  o.h.e.t.j.p.i.JtaPlatformInitiator - HHH000489: No JTA platform available (set 'hibernate.transaction.jta.platform' to enable JTA platform integration) 
25-09-21 00:45:52.351 [restartedMain] INFO  o.s.o.j.LocalContainerEntityManagerFactoryBean - Initialized JPA EntityManagerFactory for persistence unit 'default' 
25-09-21 00:45:52.392 [restartedMain] WARN  o.s.b.a.o.j.JpaBaseConfiguration$JpaWebConfiguration - spring.jpa.open-in-view is enabled by default. Therefore, database queries may be performed during view rendering. Explicitly configure spring.jpa.open-in-view to disable this warning 
25-09-21 00:45:52.480 [restartedMain] INFO  o.s.b.d.a.OptionalLiveReloadServer - LiveReload server is running on port 35729 
25-09-21 00:45:52.486 [restartedMain] INFO  o.a.coyote.http11.Http11NioProtocol - Starting ProtocolHandler ["http-nio-8080"] 
25-09-21 00:45:52.490 [restartedMain] INFO  o.s.b.w.e.tomcat.TomcatWebServer - Tomcat started on port 8080 (http) with context path '/' 
25-09-21 00:45:52.492 [restartedMain] INFO  c.v.vatManager.VatManagerApplication - Started VatManagerApplication in 0.395 seconds (process running for 3733.133) 
25-09-21 00:45:52.493 [restartedMain] INFO  o.s.b.d.a.ConditionEvaluationDeltaLoggingListener - Condition evaluation unchanged 
25-09-21 03:15:32.736 [RMI TCP Connection(299)-127.0.0.1] INFO  o.s.b.a.SpringApplicationAdminMXBeanRegistrar$SpringApplicationAdmin - Application shutdown requested. 
25-09-21 03:15:32.750 [RMI TCP Connection(299)-127.0.0.1] INFO  o.s.b.w.e.tomcat.GracefulShutdown - Commencing graceful shutdown. Waiting for active requests to complete 
25-09-21 03:15:32.753 [tomcat-shutdown] INFO  o.a.coyote.http11.Http11NioProtocol - Pausing ProtocolHandler ["http-nio-8080"] 
25-09-21 03:15:32.777 [tomcat-shutdown] INFO  o.s.b.w.e.tomcat.GracefulShutdown - Graceful shutdown complete 
25-09-21 03:15:32.778 [RMI TCP Connection(299)-127.0.0.1] INFO  o.a.coyote.http11.Http11NioProtocol - Stopping ProtocolHandler ["http-nio-8080"] 
25-09-21 03:15:32.786 [RMI TCP Connection(299)-127.0.0.1] INFO  o.s.o.j.LocalContainerEntityManagerFactoryBean - Closing JPA EntityManagerFactory for persistence unit 'default' 
25-09-21 03:15:32.791 [RMI TCP Connection(299)-127.0.0.1] INFO  com.zaxxer.hikari.HikariDataSource - HikariPool-61 - Shutdown initiated... 
25-09-21 03:15:32.793 [RMI TCP Connection(299)-127.0.0.1] INFO  com.zaxxer.hikari.HikariDataSource - HikariPool-61 - Shutdown completed. 
25-09-21 14:28:31.932 [background-preinit] INFO  o.h.validator.internal.util.Version - HV000001: Hibernate Validator 8.0.3.Final 
25-09-21 14:28:31.977 [restartedMain] INFO  c.v.vatManager.VatManagerApplication - Starting VatManagerApplication using Java 21.0.5 with PID 5792 (D:\SpringBoot  Projects\vatManager\target\classes started by neraz in D:\SpringBoot  Projects\vatManager) 
25-09-21 14:28:31.978 [restartedMain] INFO  c.v.vatManager.VatManagerApplication - No active profile set, falling back to 1 default profile: "default" 
25-09-21 14:28:32.017 [restartedMain] INFO  o.s.b.d.e.DevToolsPropertyDefaultsPostProcessor - Devtools property defaults active! Set 'spring.devtools.add-properties' to 'false' to disable 
25-09-21 14:28:32.017 [restartedMain] INFO  o.s.b.d.e.DevToolsPropertyDefaultsPostProcessor - For additional web related logging consider setting the 'logging.level.web' property to 'DEBUG' 
25-09-21 14:28:32.724 [restartedMain] INFO  o.s.d.r.c.RepositoryConfigurationDelegate - Bootstrapping Spring Data JPA repositories in DEFAULT mode. 
25-09-21 14:28:32.774 [restartedMain] INFO  o.s.d.r.c.RepositoryConfigurationDelegate - Finished Spring Data repository scanning in 40 ms. Found 1 JPA repository interface. 
25-09-21 14:28:33.206 [restartedMain] INFO  o.s.b.w.e.tomcat.TomcatWebServer - Tomcat initialized with port 8080 (http) 
25-09-21 14:28:33.219 [restartedMain] INFO  o.a.coyote.http11.Http11NioProtocol - Initializing ProtocolHandler ["http-nio-8080"] 
25-09-21 14:28:33.220 [restartedMain] INFO  o.a.catalina.core.StandardService - Starting service [Tomcat] 
25-09-21 14:28:33.220 [restartedMain] INFO  o.a.catalina.core.StandardEngine - Starting Servlet engine: [Apache Tomcat/10.1.44] 
25-09-21 14:28:33.273 [restartedMain] INFO  o.a.c.c.C.[Tomcat].[localhost].[/] - Initializing Spring embedded WebApplicationContext 
25-09-21 14:28:33.273 [restartedMain] INFO  o.s.b.w.s.c.ServletWebServerApplicationContext - Root WebApplicationContext: initialization completed in 1256 ms 
25-09-21 14:28:33.415 [restartedMain] INFO  o.h.jpa.internal.util.LogHelper - HHH000204: Processing PersistenceUnitInfo [name: default] 
25-09-21 14:28:33.486 [restartedMain] INFO  org.hibernate.Version - HHH000412: Hibernate ORM core version 6.6.26.Final 
25-09-21 14:28:33.523 [restartedMain] INFO  o.h.c.i.RegionFactoryInitiator - HHH000026: Second-level cache disabled 
25-09-21 14:28:33.857 [restartedMain] INFO  o.s.o.j.p.SpringPersistenceUnitInfo - No LoadTimeWeaver setup: ignoring JPA class transformer 
25-09-21 14:28:33.890 [restartedMain] INFO  com.zaxxer.hikari.HikariDataSource - HikariPool-1 - Starting... 
25-09-21 14:28:34.076 [restartedMain] INFO  com.zaxxer.hikari.pool.HikariPool - HikariPool-1 - Added connection org.sqlite.jdbc4.JDBC4Connection@c0f3abc 
25-09-21 14:28:34.077 [restartedMain] INFO  com.zaxxer.hikari.HikariDataSource - HikariPool-1 - Start completed. 
25-09-21 14:28:34.117 [restartedMain] INFO  o.hibernate.orm.connections.pooling - HHH10001005: Database info:
	Database JDBC URL [Connecting through datasource 'HikariDataSource (HikariPool-1)']
	Database driver: undefined/unknown
	Database version: 3.50.3
	Autocommit mode: undefined/unknown
	Isolation level: undefined/unknown
	Minimum pool size: undefined/unknown
	Maximum pool size: undefined/unknown 
25-09-21 14:28:34.794 [restartedMain] INFO  o.h.e.t.j.p.i.JtaPlatformInitiator - HHH000489: No JTA platform available (set 'hibernate.transaction.jta.platform' to enable JTA platform integration) 
25-09-21 14:28:34.824 [restartedMain] INFO  o.s.o.j.LocalContainerEntityManagerFactoryBean - Initialized JPA EntityManagerFactory for persistence unit 'default' 
25-09-21 14:28:35.025 [restartedMain] WARN  o.s.b.a.o.j.JpaBaseConfiguration$JpaWebConfiguration - spring.jpa.open-in-view is enabled by default. Therefore, database queries may be performed during view rendering. Explicitly configure spring.jpa.open-in-view to disable this warning 
25-09-21 14:28:35.375 [restartedMain] INFO  o.s.b.d.a.OptionalLiveReloadServer - LiveReload server is running on port 35729 
25-09-21 14:28:35.393 [restartedMain] INFO  o.a.coyote.http11.Http11NioProtocol - Starting ProtocolHandler ["http-nio-8080"] 
25-09-21 14:28:35.421 [restartedMain] INFO  o.s.b.w.e.tomcat.TomcatWebServer - Tomcat started on port 8080 (http) with context path '/' 
25-09-21 14:28:35.427 [restartedMain] INFO  c.v.vatManager.VatManagerApplication - Started VatManagerApplication in 3.748 seconds (process running for 4.748) 
25-09-21 14:30:13.495 [http-nio-8080-exec-1] INFO  o.a.c.c.C.[Tomcat].[localhost].[/] - Initializing Spring DispatcherServlet 'dispatcherServlet' 
25-09-21 14:30:13.495 [http-nio-8080-exec-1] INFO  o.s.web.servlet.DispatcherServlet - Initializing Servlet 'dispatcherServlet' 
25-09-21 14:30:13.496 [http-nio-8080-exec-1] INFO  o.s.web.servlet.DispatcherServlet - Completed initialization in 1 ms 
25-09-21 14:30:13.555 [http-nio-8080-exec-1] INFO  c.v.v.service.ClientServiceImpl - Getting all the Clients from the Database. 
25-09-21 14:34:33.500 [http-nio-8080-exec-4] INFO  c.v.v.service.ClientServiceImpl - Getting all the Clients from the Database. 
25-09-21 14:34:40.616 [http-nio-8080-exec-5] INFO  c.v.v.service.ClientServiceImpl - Getting all the Clients from the Database. 
25-09-21 14:34:46.806 [http-nio-8080-exec-6] INFO  c.v.v.service.ClientServiceImpl - Getting all the Clients from the Database. 
25-09-21 14:35:51.600 [File Watcher] INFO  o.s.b.d.a.LocalDevToolsAutoConfiguration$RestartingClassPathChangeChangedEventListener - Restarting due to 1 class path change (1 addition, 0 deletions, 0 modifications) 
25-09-21 14:35:51.603 [Thread-5] INFO  o.s.b.w.e.tomcat.GracefulShutdown - Commencing graceful shutdown. Waiting for active requests to complete 
25-09-21 14:35:51.604 [tomcat-shutdown] INFO  o.a.coyote.http11.Http11NioProtocol - Pausing ProtocolHandler ["http-nio-8080"] 
25-09-21 14:35:51.626 [tomcat-shutdown] INFO  o.s.b.w.e.tomcat.GracefulShutdown - Graceful shutdown complete 
25-09-21 14:35:51.626 [Thread-5] INFO  o.a.coyote.http11.Http11NioProtocol - Stopping ProtocolHandler ["http-nio-8080"] 
25-09-21 14:35:51.630 [Thread-5] INFO  o.s.o.j.LocalContainerEntityManagerFactoryBean - Closing JPA EntityManagerFactory for persistence unit 'default' 
25-09-21 14:35:51.633 [Thread-5] INFO  com.zaxxer.hikari.HikariDataSource - HikariPool-1 - Shutdown initiated... 
25-09-21 14:35:51.634 [Thread-5] INFO  com.zaxxer.hikari.HikariDataSource - HikariPool-1 - Shutdown completed. 
25-09-21 14:35:51.695 [restartedMain] INFO  c.v.vatManager.VatManagerApplication - Starting VatManagerApplication using Java 21.0.5 with PID 5792 (D:\SpringBoot  Projects\vatManager\target\classes started by neraz in D:\SpringBoot  Projects\vatManager) 
25-09-21 14:35:51.696 [restartedMain] INFO  c.v.vatManager.VatManagerApplication - No active profile set, falling back to 1 default profile: "default" 
25-09-21 14:35:51.829 [restartedMain] INFO  o.s.d.r.c.RepositoryConfigurationDelegate - Bootstrapping Spring Data JPA repositories in DEFAULT mode. 
25-09-21 14:35:51.839 [restartedMain] INFO  o.s.d.r.c.RepositoryConfigurationDelegate - Finished Spring Data repository scanning in 9 ms. Found 1 JPA repository interface. 
25-09-21 14:35:51.917 [restartedMain] INFO  o.s.b.w.e.tomcat.TomcatWebServer - Tomcat initialized with port 8080 (http) 
25-09-21 14:35:51.919 [restartedMain] INFO  o.a.coyote.http11.Http11NioProtocol - Initializing ProtocolHandler ["http-nio-8080"] 
25-09-21 14:35:51.919 [restartedMain] INFO  o.a.catalina.core.StandardService - Starting service [Tomcat] 
25-09-21 14:35:51.919 [restartedMain] INFO  o.a.catalina.core.StandardEngine - Starting Servlet engine: [Apache Tomcat/10.1.44] 
25-09-21 14:35:51.942 [restartedMain] INFO  o.a.c.c.C.[Tomcat].[localhost].[/] - Initializing Spring embedded WebApplicationContext 
25-09-21 14:35:51.942 [restartedMain] INFO  o.s.b.w.s.c.ServletWebServerApplicationContext - Root WebApplicationContext: initialization completed in 245 ms 
25-09-21 14:35:51.970 [restartedMain] INFO  o.h.jpa.internal.util.LogHelper - HHH000204: Processing PersistenceUnitInfo [name: default] 
25-09-21 14:35:51.973 [restartedMain] INFO  o.h.c.i.RegionFactoryInitiator - HHH000026: Second-level cache disabled 
25-09-21 14:35:51.979 [restartedMain] INFO  o.s.o.j.p.SpringPersistenceUnitInfo - No LoadTimeWeaver setup: ignoring JPA class transformer 
25-09-21 14:35:51.981 [restartedMain] INFO  com.zaxxer.hikari.HikariDataSource - HikariPool-2 - Starting... 
25-09-21 14:35:51.982 [restartedMain] INFO  com.zaxxer.hikari.pool.HikariPool - HikariPool-2 - Added connection org.sqlite.jdbc4.JDBC4Connection@1de10b8d 
25-09-21 14:35:51.983 [restartedMain] INFO  com.zaxxer.hikari.HikariDataSource - HikariPool-2 - Start completed. 
25-09-21 14:35:51.983 [restartedMain] INFO  o.hibernate.orm.connections.pooling - HHH10001005: Database info:
	Database JDBC URL [Connecting through datasource 'HikariDataSource (HikariPool-2)']
	Database driver: undefined/unknown
	Database version: 3.50.3
	Autocommit mode: undefined/unknown
	Isolation level: undefined/unknown
	Minimum pool size: undefined/unknown
	Maximum pool size: undefined/unknown 
25-09-21 14:35:52.020 [restartedMain] INFO  o.h.e.t.j.p.i.JtaPlatformInitiator - HHH000489: No JTA platform available (set 'hibernate.transaction.jta.platform' to enable JTA platform integration) 
25-09-21 14:35:52.022 [restartedMain] INFO  o.s.o.j.LocalContainerEntityManagerFactoryBean - Initialized JPA EntityManagerFactory for persistence unit 'default' 
25-09-21 14:35:52.076 [restartedMain] WARN  o.s.b.a.o.j.JpaBaseConfiguration$JpaWebConfiguration - spring.jpa.open-in-view is enabled by default. Therefore, database queries may be performed during view rendering. Explicitly configure spring.jpa.open-in-view to disable this warning 
25-09-21 14:35:52.179 [restartedMain] INFO  o.s.b.d.a.OptionalLiveReloadServer - LiveReload server is running on port 35729 
25-09-21 14:35:52.186 [restartedMain] INFO  o.a.coyote.http11.Http11NioProtocol - Starting ProtocolHandler ["http-nio-8080"] 
25-09-21 14:35:52.190 [restartedMain] INFO  o.s.b.w.e.tomcat.TomcatWebServer - Tomcat started on port 8080 (http) with context path '/' 
25-09-21 14:35:52.193 [restartedMain] INFO  c.v.vatManager.VatManagerApplication - Started VatManagerApplication in 0.523 seconds (process running for 441.513) 
25-09-21 14:35:52.195 [restartedMain] INFO  o.s.b.d.a.ConditionEvaluationDeltaLoggingListener - Condition evaluation unchanged 
25-09-21 14:35:55.594 [File Watcher] INFO  o.s.b.d.a.LocalDevToolsAutoConfiguration$RestartingClassPathChangeChangedEventListener - Restarting due to 1 class path change (0 additions, 0 deletions, 1 modification) 
25-09-21 14:35:55.595 [Thread-7] INFO  o.s.b.w.e.tomcat.GracefulShutdown - Commencing graceful shutdown. Waiting for active requests to complete 
25-09-21 14:35:55.595 [tomcat-shutdown] INFO  o.a.coyote.http11.Http11NioProtocol - Pausing ProtocolHandler ["http-nio-8080"] 
25-09-21 14:35:55.614 [tomcat-shutdown] INFO  o.s.b.w.e.tomcat.GracefulShutdown - Graceful shutdown complete 
25-09-21 14:35:55.615 [Thread-7] INFO  o.a.coyote.http11.Http11NioProtocol - Stopping ProtocolHandler ["http-nio-8080"] 
25-09-21 14:35:55.616 [Thread-7] INFO  o.s.o.j.LocalContainerEntityManagerFactoryBean - Closing JPA EntityManagerFactory for persistence unit 'default' 
25-09-21 14:35:55.616 [Thread-7] INFO  com.zaxxer.hikari.HikariDataSource - HikariPool-2 - Shutdown initiated... 
25-09-21 14:35:55.617 [Thread-7] INFO  com.zaxxer.hikari.HikariDataSource - HikariPool-2 - Shutdown completed. 
25-09-21 14:35:55.670 [restartedMain] INFO  c.v.vatManager.VatManagerApplication - Starting VatManagerApplication using Java 21.0.5 with PID 5792 (D:\SpringBoot  Projects\vatManager\target\classes started by neraz in D:\SpringBoot  Projects\vatManager) 
25-09-21 14:35:55.670 [restartedMain] INFO  c.v.vatManager.VatManagerApplication - No active profile set, falling back to 1 default profile: "default" 
25-09-21 14:35:55.785 [restartedMain] INFO  o.s.d.r.c.RepositoryConfigurationDelegate - Bootstrapping Spring Data JPA repositories in DEFAULT mode. 
25-09-21 14:35:55.793 [restartedMain] INFO  o.s.d.r.c.RepositoryConfigurationDelegate - Finished Spring Data repository scanning in 7 ms. Found 1 JPA repository interface. 
25-09-21 14:35:55.850 [restartedMain] INFO  o.s.b.w.e.tomcat.TomcatWebServer - Tomcat initialized with port 8080 (http) 
25-09-21 14:35:55.851 [restartedMain] INFO  o.a.coyote.http11.Http11NioProtocol - Initializing ProtocolHandler ["http-nio-8080"] 
25-09-21 14:35:55.851 [restartedMain] INFO  o.a.catalina.core.StandardService - Starting service [Tomcat] 
25-09-21 14:35:55.851 [restartedMain] INFO  o.a.catalina.core.StandardEngine - Starting Servlet engine: [Apache Tomcat/10.1.44] 
25-09-21 14:35:55.873 [restartedMain] INFO  o.a.c.c.C.[Tomcat].[localhost].[/] - Initializing Spring embedded WebApplicationContext 
25-09-21 14:35:55.873 [restartedMain] INFO  o.s.b.w.s.c.ServletWebServerApplicationContext - Root WebApplicationContext: initialization completed in 202 ms 
25-09-21 14:35:55.896 [restartedMain] INFO  o.h.jpa.internal.util.LogHelper - HHH000204: Processing PersistenceUnitInfo [name: default] 
25-09-21 14:35:55.899 [restartedMain] INFO  o.h.c.i.RegionFactoryInitiator - HHH000026: Second-level cache disabled 
25-09-21 14:35:55.905 [restartedMain] INFO  o.s.o.j.p.SpringPersistenceUnitInfo - No LoadTimeWeaver setup: ignoring JPA class transformer 
25-09-21 14:35:55.907 [restartedMain] INFO  com.zaxxer.hikari.HikariDataSource - HikariPool-3 - Starting... 
25-09-21 14:35:55.908 [restartedMain] INFO  com.zaxxer.hikari.pool.HikariPool - HikariPool-3 - Added connection org.sqlite.jdbc4.JDBC4Connection@6f2e9788 
25-09-21 14:35:55.908 [restartedMain] INFO  com.zaxxer.hikari.HikariDataSource - HikariPool-3 - Start completed. 
25-09-21 14:35:55.909 [restartedMain] INFO  o.hibernate.orm.connections.pooling - HHH10001005: Database info:
	Database JDBC URL [Connecting through datasource 'HikariDataSource (HikariPool-3)']
	Database driver: undefined/unknown
	Database version: 3.50.3
	Autocommit mode: undefined/unknown
	Isolation level: undefined/unknown
	Minimum pool size: undefined/unknown
	Maximum pool size: undefined/unknown 
25-09-21 14:35:55.938 [restartedMain] INFO  o.h.e.t.j.p.i.JtaPlatformInitiator - HHH000489: No JTA platform available (set 'hibernate.transaction.jta.platform' to enable JTA platform integration) 
25-09-21 14:35:55.940 [restartedMain] INFO  o.s.o.j.LocalContainerEntityManagerFactoryBean - Initialized JPA EntityManagerFactory for persistence unit 'default' 
25-09-21 14:35:55.989 [restartedMain] WARN  o.s.b.a.o.j.JpaBaseConfiguration$JpaWebConfiguration - spring.jpa.open-in-view is enabled by default. Therefore, database queries may be performed during view rendering. Explicitly configure spring.jpa.open-in-view to disable this warning 
25-09-21 14:35:56.071 [restartedMain] INFO  o.s.b.d.a.OptionalLiveReloadServer - LiveReload server is running on port 35729 
25-09-21 14:35:56.078 [restartedMain] INFO  o.a.coyote.http11.Http11NioProtocol - Starting ProtocolHandler ["http-nio-8080"] 
25-09-21 14:35:56.081 [restartedMain] INFO  o.s.b.w.e.tomcat.TomcatWebServer - Tomcat started on port 8080 (http) with context path '/' 
25-09-21 14:35:56.085 [restartedMain] INFO  c.v.vatManager.VatManagerApplication - Started VatManagerApplication in 0.436 seconds (process running for 445.405) 
25-09-21 14:35:56.086 [restartedMain] INFO  o.s.b.d.a.ConditionEvaluationDeltaLoggingListener - Condition evaluation unchanged 
25-09-21 14:36:44.829 [File Watcher] INFO  o.s.b.d.a.LocalDevToolsAutoConfiguration$RestartingClassPathChangeChangedEventListener - Restarting due to 1 class path change (0 additions, 0 deletions, 1 modification) 
25-09-21 14:36:44.830 [Thread-11] INFO  o.s.b.w.e.tomcat.GracefulShutdown - Commencing graceful shutdown. Waiting for active requests to complete 
25-09-21 14:36:44.830 [tomcat-shutdown] INFO  o.a.coyote.http11.Http11NioProtocol - Pausing ProtocolHandler ["http-nio-8080"] 
25-09-21 14:36:44.849 [tomcat-shutdown] INFO  o.s.b.w.e.tomcat.GracefulShutdown - Graceful shutdown complete 
25-09-21 14:36:44.850 [Thread-11] INFO  o.a.coyote.http11.Http11NioProtocol - Stopping ProtocolHandler ["http-nio-8080"] 
25-09-21 14:36:44.852 [Thread-11] INFO  o.s.o.j.LocalContainerEntityManagerFactoryBean - Closing JPA EntityManagerFactory for persistence unit 'default' 
25-09-21 14:36:44.852 [Thread-11] INFO  com.zaxxer.hikari.HikariDataSource - HikariPool-3 - Shutdown initiated... 
25-09-21 14:36:44.853 [Thread-11] INFO  com.zaxxer.hikari.HikariDataSource - HikariPool-3 - Shutdown completed. 
25-09-21 14:36:44.903 [restartedMain] INFO  c.v.vatManager.VatManagerApplication - Starting VatManagerApplication using Java 21.0.5 with PID 5792 (D:\SpringBoot  Projects\vatManager\target\classes started by neraz in D:\SpringBoot  Projects\vatManager) 
25-09-21 14:36:44.903 [restartedMain] INFO  c.v.vatManager.VatManagerApplication - No active profile set, falling back to 1 default profile: "default" 
25-09-21 14:36:45.028 [restartedMain] INFO  o.s.d.r.c.RepositoryConfigurationDelegate - Bootstrapping Spring Data JPA repositories in DEFAULT mode. 
25-09-21 14:36:45.037 [restartedMain] INFO  o.s.d.r.c.RepositoryConfigurationDelegate - Finished Spring Data repository scanning in 7 ms. Found 1 JPA repository interface. 
25-09-21 14:36:45.153 [restartedMain] INFO  o.s.b.w.e.tomcat.TomcatWebServer - Tomcat initialized with port 8080 (http) 
25-09-21 14:36:45.153 [restartedMain] INFO  o.a.coyote.http11.Http11NioProtocol - Initializing ProtocolHandler ["http-nio-8080"] 
25-09-21 14:36:45.153 [restartedMain] INFO  o.a.catalina.core.StandardService - Starting service [Tomcat] 
25-09-21 14:36:45.153 [restartedMain] INFO  o.a.catalina.core.StandardEngine - Starting Servlet engine: [Apache Tomcat/10.1.44] 
25-09-21 14:36:45.175 [restartedMain] INFO  o.a.c.c.C.[Tomcat].[localhost].[/] - Initializing Spring embedded WebApplicationContext 
25-09-21 14:36:45.175 [restartedMain] INFO  o.s.b.w.s.c.ServletWebServerApplicationContext - Root WebApplicationContext: initialization completed in 270 ms 
25-09-21 14:36:45.198 [restartedMain] INFO  o.h.jpa.internal.util.LogHelper - HHH000204: Processing PersistenceUnitInfo [name: default] 
25-09-21 14:36:45.201 [restartedMain] INFO  o.h.c.i.RegionFactoryInitiator - HHH000026: Second-level cache disabled 
25-09-21 14:36:45.205 [restartedMain] INFO  o.s.o.j.p.SpringPersistenceUnitInfo - No LoadTimeWeaver setup: ignoring JPA class transformer 
25-09-21 14:36:45.207 [restartedMain] INFO  com.zaxxer.hikari.HikariDataSource - HikariPool-4 - Starting... 
25-09-21 14:36:45.208 [restartedMain] INFO  com.zaxxer.hikari.pool.HikariPool - HikariPool-4 - Added connection org.sqlite.jdbc4.JDBC4Connection@635153f5 
25-09-21 14:36:45.208 [restartedMain] INFO  com.zaxxer.hikari.HikariDataSource - HikariPool-4 - Start completed. 
25-09-21 14:36:45.209 [restartedMain] INFO  o.hibernate.orm.connections.pooling - HHH10001005: Database info:
	Database JDBC URL [Connecting through datasource 'HikariDataSource (HikariPool-4)']
	Database driver: undefined/unknown
	Database version: 3.50.3
	Autocommit mode: undefined/unknown
	Isolation level: undefined/unknown
	Minimum pool size: undefined/unknown
	Maximum pool size: undefined/unknown 
25-09-21 14:36:45.239 [restartedMain] INFO  o.h.e.t.j.p.i.JtaPlatformInitiator - HHH000489: No JTA platform available (set 'hibernate.transaction.jta.platform' to enable JTA platform integration) 
25-09-21 14:36:45.241 [restartedMain] INFO  o.s.o.j.LocalContainerEntityManagerFactoryBean - Initialized JPA EntityManagerFactory for persistence unit 'default' 
25-09-21 14:36:45.279 [restartedMain] WARN  o.s.b.w.s.c.AnnotationConfigServletWebServerApplicationContext - Exception encountered during context initialization - cancelling refresh attempt: org.springframework.beans.factory.BeanCreationException: Error creating bean with name 'corsConfigurer' defined in class path resource [com/vatManager/vatManager/config/CorsConfig.class]: Failed to instantiate [org.springframework.web.servlet.config.annotation.WebMvcConfigurer]: Factory method 'corsConfigurer' threw exception with message: Unresolved compilation problem: 
	Syntax error on tokens, RecordHeaderName expected instead
 
25-09-21 14:36:45.279 [restartedMain] INFO  o.s.o.j.LocalContainerEntityManagerFactoryBean - Closing JPA EntityManagerFactory for persistence unit 'default' 
25-09-21 14:36:45.280 [restartedMain] INFO  com.zaxxer.hikari.HikariDataSource - HikariPool-4 - Shutdown initiated... 
25-09-21 14:36:45.280 [restartedMain] INFO  com.zaxxer.hikari.HikariDataSource - HikariPool-4 - Shutdown completed. 
25-09-21 14:36:45.280 [restartedMain] INFO  o.a.catalina.core.StandardService - Stopping service [Tomcat] 
25-09-21 14:36:45.284 [restartedMain] INFO  o.s.b.a.l.ConditionEvaluationReportLogger - 

Error starting ApplicationContext. To display the condition evaluation report re-run your application with 'debug' enabled. 
25-09-21 14:36:45.302 [restartedMain] ERROR o.s.boot.SpringApplication - Application run failed 
org.springframework.beans.factory.BeanCreationException: Error creating bean with name 'corsConfigurer' defined in class path resource [com/vatManager/vatManager/config/CorsConfig.class]: Failed to instantiate [org.springframework.web.servlet.config.annotation.WebMvcConfigurer]: Factory method 'corsConfigurer' threw exception with message: Unresolved compilation problem: 
	Syntax error on tokens, RecordHeaderName expected instead

	at org.springframework.beans.factory.support.ConstructorResolver.instantiate(ConstructorResolver.java:657)
	at org.springframework.beans.factory.support.ConstructorResolver.instantiateUsingFactoryMethod(ConstructorResolver.java:489)
	at org.springframework.beans.factory.support.AbstractAutowireCapableBeanFactory.instantiateUsingFactoryMethod(AbstractAutowireCapableBeanFactory.java:1375)
	at org.springframework.beans.factory.support.AbstractAutowireCapableBeanFactory.createBeanInstance(AbstractAutowireCapableBeanFactory.java:1205)
	at org.springframework.beans.factory.support.AbstractAutowireCapableBeanFactory.doCreateBean(AbstractAutowireCapableBeanFactory.java:569)
	at org.springframework.beans.factory.support.AbstractAutowireCapableBeanFactory.createBean(AbstractAutowireCapableBeanFactory.java:529)
	at org.springframework.beans.factory.support.AbstractBeanFactory.lambda$doGetBean$0(AbstractBeanFactory.java:339)
	at org.springframework.beans.factory.support.DefaultSingletonBeanRegistry.getSingleton(DefaultSingletonBeanRegistry.java:373)
	at org.springframework.beans.factory.support.AbstractBeanFactory.doGetBean(AbstractBeanFactory.java:337)
	at org.springframework.beans.factory.support.AbstractBeanFactory.getBean(AbstractBeanFactory.java:202)
	at org.springframework.beans.factory.support.DefaultListableBeanFactory.instantiateSingleton(DefaultListableBeanFactory.java:1222)
	at org.springframework.beans.factory.support.DefaultListableBeanFactory.preInstantiateSingleton(DefaultListableBeanFactory.java:1188)
	at org.springframework.beans.factory.support.DefaultListableBeanFactory.preInstantiateSingletons(DefaultListableBeanFactory.java:1123)
	at org.springframework.context.support.AbstractApplicationContext.finishBeanFactoryInitialization(AbstractApplicationContext.java:987)
	at org.springframework.context.support.AbstractApplicationContext.refresh(AbstractApplicationContext.java:627)
	at org.springframework.boot.web.servlet.context.ServletWebServerApplicationContext.refresh(ServletWebServerApplicationContext.java:146)
	at org.springframework.boot.SpringApplication.refresh(SpringApplication.java:752)
	at org.springframework.boot.SpringApplication.refreshContext(SpringApplication.java:439)
	at org.springframework.boot.SpringApplication.run(SpringApplication.java:318)
	at org.springframework.boot.SpringApplication.run(SpringApplication.java:1361)
	at org.springframework.boot.SpringApplication.run(SpringApplication.java:1350)
	at com.vatManager.vatManager.VatManagerApplication.main(VatManagerApplication.java:10)
	at java.base/jdk.internal.reflect.DirectMethodHandleAccessor.invoke(DirectMethodHandleAccessor.java:103)
	at java.base/java.lang.reflect.Method.invoke(Method.java:580)
	at org.springframework.boot.devtools.restart.RestartLauncher.run(RestartLauncher.java:50)
Caused by: org.springframework.beans.BeanInstantiationException: Failed to instantiate [org.springframework.web.servlet.config.annotation.WebMvcConfigurer]: Factory method 'corsConfigurer' threw exception with message: Unresolved compilation problem: 
	Syntax error on tokens, RecordHeaderName expected instead

	at org.springframework.beans.factory.support.SimpleInstantiationStrategy.lambda$instantiate$0(SimpleInstantiationStrategy.java:200)
	at org.springframework.beans.factory.support.SimpleInstantiationStrategy.instantiateWithFactoryMethod(SimpleInstantiationStrategy.java:89)
	at org.springframework.beans.factory.support.SimpleInstantiationStrategy.instantiate(SimpleInstantiationStrategy.java:169)
	at org.springframework.beans.factory.support.ConstructorResolver.instantiate(ConstructorResolver.java:653)
	... 24 common frames omitted
Caused by: java.lang.Error: Unresolved compilation problem: 
	Syntax error on tokens, RecordHeaderName expected instead

	at com.vatManager.vatManager.config.CorsConfig.corsConfigurer(CorsConfig.java:18)
	at com.vatManager.vatManager.config.CorsConfig$$SpringCGLIB$$0.CGLIB$corsConfigurer$0(<generated>)
	at com.vatManager.vatManager.config.CorsConfig$$SpringCGLIB$$FastClass$$1.invoke(<generated>)
	at org.springframework.cglib.proxy.MethodProxy.invokeSuper(MethodProxy.java:258)
	at org.springframework.context.annotation.ConfigurationClassEnhancer$BeanMethodInterceptor.intercept(ConfigurationClassEnhancer.java:400)
	at com.vatManager.vatManager.config.CorsConfig$$SpringCGLIB$$0.corsConfigurer(<generated>)
	at java.base/jdk.internal.reflect.DirectMethodHandleAccessor.invoke(DirectMethodHandleAccessor.java:103)
	at java.base/java.lang.reflect.Method.invoke(Method.java:580)
	at org.springframework.beans.factory.support.SimpleInstantiationStrategy.lambda$instantiate$0(SimpleInstantiationStrategy.java:172)
	... 27 common frames omitted
25-09-21 14:37:04.990 [restartedMain] INFO  c.v.vatManager.VatManagerApplication - Starting VatManagerApplication using Java 21.0.5 with PID 5792 (D:\SpringBoot  Projects\vatManager\target\classes started by neraz in D:\SpringBoot  Projects\vatManager) 
25-09-21 14:37:04.990 [restartedMain] INFO  c.v.vatManager.VatManagerApplication - No active profile set, falling back to 1 default profile: "default" 
25-09-21 14:37:05.118 [restartedMain] INFO  o.s.d.r.c.RepositoryConfigurationDelegate - Bootstrapping Spring Data JPA repositories in DEFAULT mode. 
25-09-21 14:37:05.126 [restartedMain] INFO  o.s.d.r.c.RepositoryConfigurationDelegate - Finished Spring Data repository scanning in 6 ms. Found 1 JPA repository interface. 
25-09-21 14:37:05.187 [restartedMain] INFO  o.s.b.w.e.tomcat.TomcatWebServer - Tomcat initialized with port 8080 (http) 
25-09-21 14:37:05.187 [restartedMain] INFO  o.a.coyote.http11.Http11NioProtocol - Initializing ProtocolHandler ["http-nio-8080"] 
25-09-21 14:37:05.188 [restartedMain] INFO  o.a.catalina.core.StandardService - Starting service [Tomcat] 
25-09-21 14:37:05.188 [restartedMain] INFO  o.a.catalina.core.StandardEngine - Starting Servlet engine: [Apache Tomcat/10.1.44] 
25-09-21 14:37:05.211 [restartedMain] INFO  o.a.c.c.C.[Tomcat-1].[localhost].[/] - Initializing Spring embedded WebApplicationContext 
25-09-21 14:37:05.211 [restartedMain] INFO  o.s.b.w.s.c.ServletWebServerApplicationContext - Root WebApplicationContext: initialization completed in 220 ms 
25-09-21 14:37:05.232 [restartedMain] INFO  o.h.jpa.internal.util.LogHelper - HHH000204: Processing PersistenceUnitInfo [name: default] 
25-09-21 14:37:05.235 [restartedMain] INFO  o.h.c.i.RegionFactoryInitiator - HHH000026: Second-level cache disabled 
25-09-21 14:37:05.240 [restartedMain] INFO  o.s.o.j.p.SpringPersistenceUnitInfo - No LoadTimeWeaver setup: ignoring JPA class transformer 
25-09-21 14:37:05.242 [restartedMain] INFO  com.zaxxer.hikari.HikariDataSource - HikariPool-5 - Starting... 
25-09-21 14:37:05.243 [restartedMain] INFO  com.zaxxer.hikari.pool.HikariPool - HikariPool-5 - Added connection org.sqlite.jdbc4.JDBC4Connection@601d1a78 
25-09-21 14:37:05.243 [restartedMain] INFO  com.zaxxer.hikari.HikariDataSource - HikariPool-5 - Start completed. 
25-09-21 14:37:05.243 [restartedMain] INFO  o.hibernate.orm.connections.pooling - HHH10001005: Database info:
	Database JDBC URL [Connecting through datasource 'HikariDataSource (HikariPool-5)']
	Database driver: undefined/unknown
	Database version: 3.50.3
	Autocommit mode: undefined/unknown
	Isolation level: undefined/unknown
	Minimum pool size: undefined/unknown
	Maximum pool size: undefined/unknown 
25-09-21 14:37:05.267 [restartedMain] INFO  o.h.e.t.j.p.i.JtaPlatformInitiator - HHH000489: No JTA platform available (set 'hibernate.transaction.jta.platform' to enable JTA platform integration) 
25-09-21 14:37:05.269 [restartedMain] INFO  o.s.o.j.LocalContainerEntityManagerFactoryBean - Initialized JPA EntityManagerFactory for persistence unit 'default' 
25-09-21 14:37:05.304 [restartedMain] WARN  o.s.b.w.s.c.AnnotationConfigServletWebServerApplicationContext - Exception encountered during context initialization - cancelling refresh attempt: org.springframework.beans.factory.BeanCreationException: Error creating bean with name 'corsConfigurer' defined in class path resource [com/vatManager/vatManager/config/CorsConfig.class]: Failed to instantiate [org.springframework.web.servlet.config.annotation.WebMvcConfigurer]: Factory method 'corsConfigurer' threw exception with message: Unresolved compilation problem: 
	Syntax error on tokens, RecordHeaderName expected instead
 
25-09-21 14:37:05.304 [restartedMain] INFO  o.s.o.j.LocalContainerEntityManagerFactoryBean - Closing JPA EntityManagerFactory for persistence unit 'default' 
25-09-21 14:37:05.305 [restartedMain] INFO  com.zaxxer.hikari.HikariDataSource - HikariPool-5 - Shutdown initiated... 
25-09-21 14:37:05.305 [restartedMain] INFO  com.zaxxer.hikari.HikariDataSource - HikariPool-5 - Shutdown completed. 
25-09-21 14:37:05.306 [restartedMain] INFO  o.a.catalina.core.StandardService - Stopping service [Tomcat] 
25-09-21 14:37:05.309 [restartedMain] INFO  o.s.b.a.l.ConditionEvaluationReportLogger - 

Error starting ApplicationContext. To display the condition evaluation report re-run your application with 'debug' enabled. 
25-09-21 14:37:05.310 [restartedMain] ERROR o.s.boot.SpringApplication - Application run failed 
org.springframework.beans.factory.BeanCreationException: Error creating bean with name 'corsConfigurer' defined in class path resource [com/vatManager/vatManager/config/CorsConfig.class]: Failed to instantiate [org.springframework.web.servlet.config.annotation.WebMvcConfigurer]: Factory method 'corsConfigurer' threw exception with message: Unresolved compilation problem: 
	Syntax error on tokens, RecordHeaderName expected instead

	at org.springframework.beans.factory.support.ConstructorResolver.instantiate(ConstructorResolver.java:657)
	at org.springframework.beans.factory.support.ConstructorResolver.instantiateUsingFactoryMethod(ConstructorResolver.java:489)
	at org.springframework.beans.factory.support.AbstractAutowireCapableBeanFactory.instantiateUsingFactoryMethod(AbstractAutowireCapableBeanFactory.java:1375)
	at org.springframework.beans.factory.support.AbstractAutowireCapableBeanFactory.createBeanInstance(AbstractAutowireCapableBeanFactory.java:1205)
	at org.springframework.beans.factory.support.AbstractAutowireCapableBeanFactory.doCreateBean(AbstractAutowireCapableBeanFactory.java:569)
	at org.springframework.beans.factory.support.AbstractAutowireCapableBeanFactory.createBean(AbstractAutowireCapableBeanFactory.java:529)
	at org.springframework.beans.factory.support.AbstractBeanFactory.lambda$doGetBean$0(AbstractBeanFactory.java:339)
	at org.springframework.beans.factory.support.DefaultSingletonBeanRegistry.getSingleton(DefaultSingletonBeanRegistry.java:373)
	at org.springframework.beans.factory.support.AbstractBeanFactory.doGetBean(AbstractBeanFactory.java:337)
	at org.springframework.beans.factory.support.AbstractBeanFactory.getBean(AbstractBeanFactory.java:202)
	at org.springframework.beans.factory.support.DefaultListableBeanFactory.instantiateSingleton(DefaultListableBeanFactory.java:1222)
	at org.springframework.beans.factory.support.DefaultListableBeanFactory.preInstantiateSingleton(DefaultListableBeanFactory.java:1188)
	at org.springframework.beans.factory.support.DefaultListableBeanFactory.preInstantiateSingletons(DefaultListableBeanFactory.java:1123)
	at org.springframework.context.support.AbstractApplicationContext.finishBeanFactoryInitialization(AbstractApplicationContext.java:987)
	at org.springframework.context.support.AbstractApplicationContext.refresh(AbstractApplicationContext.java:627)
	at org.springframework.boot.web.servlet.context.ServletWebServerApplicationContext.refresh(ServletWebServerApplicationContext.java:146)
	at org.springframework.boot.SpringApplication.refresh(SpringApplication.java:752)
	at org.springframework.boot.SpringApplication.refreshContext(SpringApplication.java:439)
	at org.springframework.boot.SpringApplication.run(SpringApplication.java:318)
	at org.springframework.boot.SpringApplication.run(SpringApplication.java:1361)
	at org.springframework.boot.SpringApplication.run(SpringApplication.java:1350)
	at com.vatManager.vatManager.VatManagerApplication.main(VatManagerApplication.java:10)
	at java.base/jdk.internal.reflect.DirectMethodHandleAccessor.invoke(DirectMethodHandleAccessor.java:103)
	at java.base/java.lang.reflect.Method.invoke(Method.java:580)
	at org.springframework.boot.devtools.restart.RestartLauncher.run(RestartLauncher.java:50)
Caused by: org.springframework.beans.BeanInstantiationException: Failed to instantiate [org.springframework.web.servlet.config.annotation.WebMvcConfigurer]: Factory method 'corsConfigurer' threw exception with message: Unresolved compilation problem: 
	Syntax error on tokens, RecordHeaderName expected instead

	at org.springframework.beans.factory.support.SimpleInstantiationStrategy.lambda$instantiate$0(SimpleInstantiationStrategy.java:200)
	at org.springframework.beans.factory.support.SimpleInstantiationStrategy.instantiateWithFactoryMethod(SimpleInstantiationStrategy.java:89)
	at org.springframework.beans.factory.support.SimpleInstantiationStrategy.instantiate(SimpleInstantiationStrategy.java:169)
	at org.springframework.beans.factory.support.ConstructorResolver.instantiate(ConstructorResolver.java:653)
	... 24 common frames omitted
Caused by: java.lang.Error: Unresolved compilation problem: 
	Syntax error on tokens, RecordHeaderName expected instead

	at com.vatManager.vatManager.config.CorsConfig.corsConfigurer(CorsConfig.java:20)
	at com.vatManager.vatManager.config.CorsConfig$$SpringCGLIB$$0.CGLIB$corsConfigurer$0(<generated>)
	at com.vatManager.vatManager.config.CorsConfig$$SpringCGLIB$$FastClass$$1.invoke(<generated>)
	at org.springframework.cglib.proxy.MethodProxy.invokeSuper(MethodProxy.java:258)
	at org.springframework.context.annotation.ConfigurationClassEnhancer$BeanMethodInterceptor.intercept(ConfigurationClassEnhancer.java:400)
	at com.vatManager.vatManager.config.CorsConfig$$SpringCGLIB$$0.corsConfigurer(<generated>)
	at java.base/jdk.internal.reflect.DirectMethodHandleAccessor.invoke(DirectMethodHandleAccessor.java:103)
	at java.base/java.lang.reflect.Method.invoke(Method.java:580)
	at org.springframework.beans.factory.support.SimpleInstantiationStrategy.lambda$instantiate$0(SimpleInstantiationStrategy.java:172)
	... 27 common frames omitted
25-09-21 14:38:32.997 [restartedMain] INFO  c.v.vatManager.VatManagerApplication - Starting VatManagerApplication using Java 21.0.5 with PID 5792 (D:\SpringBoot  Projects\vatManager\target\classes started by neraz in D:\SpringBoot  Projects\vatManager) 
25-09-21 14:38:32.998 [restartedMain] INFO  c.v.vatManager.VatManagerApplication - No active profile set, falling back to 1 default profile: "default" 
25-09-21 14:38:33.124 [restartedMain] INFO  o.s.d.r.c.RepositoryConfigurationDelegate - Bootstrapping Spring Data JPA repositories in DEFAULT mode. 
25-09-21 14:38:33.130 [restartedMain] INFO  o.s.d.r.c.RepositoryConfigurationDelegate - Finished Spring Data repository scanning in 5 ms. Found 1 JPA repository interface. 
25-09-21 14:38:33.188 [restartedMain] INFO  o.s.b.w.e.tomcat.TomcatWebServer - Tomcat initialized with port 8080 (http) 
25-09-21 14:38:33.189 [restartedMain] INFO  o.a.coyote.http11.Http11NioProtocol - Initializing ProtocolHandler ["http-nio-8080"] 
25-09-21 14:38:33.189 [restartedMain] INFO  o.a.catalina.core.StandardService - Starting service [Tomcat] 
25-09-21 14:38:33.189 [restartedMain] INFO  o.a.catalina.core.StandardEngine - Starting Servlet engine: [Apache Tomcat/10.1.44] 
25-09-21 14:38:33.210 [restartedMain] INFO  o.a.c.c.C.[Tomcat-2].[localhost].[/] - Initializing Spring embedded WebApplicationContext 
25-09-21 14:38:33.210 [restartedMain] INFO  o.s.b.w.s.c.ServletWebServerApplicationContext - Root WebApplicationContext: initialization completed in 211 ms 
25-09-21 14:38:33.230 [restartedMain] INFO  o.h.jpa.internal.util.LogHelper - HHH000204: Processing PersistenceUnitInfo [name: default] 
25-09-21 14:38:33.233 [restartedMain] INFO  o.h.c.i.RegionFactoryInitiator - HHH000026: Second-level cache disabled 
25-09-21 14:38:33.238 [restartedMain] INFO  o.s.o.j.p.SpringPersistenceUnitInfo - No LoadTimeWeaver setup: ignoring JPA class transformer 
25-09-21 14:38:33.239 [restartedMain] INFO  com.zaxxer.hikari.HikariDataSource - HikariPool-6 - Starting... 
25-09-21 14:38:33.240 [restartedMain] INFO  com.zaxxer.hikari.pool.HikariPool - HikariPool-6 - Added connection org.sqlite.jdbc4.JDBC4Connection@16c412eb 
25-09-21 14:38:33.241 [restartedMain] INFO  com.zaxxer.hikari.HikariDataSource - HikariPool-6 - Start completed. 
25-09-21 14:38:33.241 [restartedMain] INFO  o.hibernate.orm.connections.pooling - HHH10001005: Database info:
	Database JDBC URL [Connecting through datasource 'HikariDataSource (HikariPool-6)']
	Database driver: undefined/unknown
	Database version: 3.50.3
	Autocommit mode: undefined/unknown
	Isolation level: undefined/unknown
	Minimum pool size: undefined/unknown
	Maximum pool size: undefined/unknown 
25-09-21 14:38:33.268 [restartedMain] INFO  o.h.e.t.j.p.i.JtaPlatformInitiator - HHH000489: No JTA platform available (set 'hibernate.transaction.jta.platform' to enable JTA platform integration) 
25-09-21 14:38:33.270 [restartedMain] INFO  o.s.o.j.LocalContainerEntityManagerFactoryBean - Initialized JPA EntityManagerFactory for persistence unit 'default' 
25-09-21 14:38:33.312 [restartedMain] WARN  o.s.b.a.o.j.JpaBaseConfiguration$JpaWebConfiguration - spring.jpa.open-in-view is enabled by default. Therefore, database queries may be performed during view rendering. Explicitly configure spring.jpa.open-in-view to disable this warning 
25-09-21 14:38:33.385 [restartedMain] INFO  o.s.b.d.a.OptionalLiveReloadServer - LiveReload server is running on port 35729 
25-09-21 14:38:33.390 [restartedMain] INFO  o.a.coyote.http11.Http11NioProtocol - Starting ProtocolHandler ["http-nio-8080"] 
25-09-21 14:38:33.394 [restartedMain] INFO  o.s.b.w.e.tomcat.TomcatWebServer - Tomcat started on port 8080 (http) with context path '/' 
25-09-21 14:38:33.396 [restartedMain] INFO  c.v.vatManager.VatManagerApplication - Started VatManagerApplication in 0.415 seconds (process running for 602.717) 
25-09-21 14:38:33.397 [restartedMain] INFO  o.s.b.d.a.ConditionEvaluationDeltaLoggingListener - Condition evaluation unchanged 
25-09-21 14:38:40.007 [RMI TCP Connection(25)-127.0.0.1] INFO  o.s.b.a.SpringApplicationAdminMXBeanRegistrar$SpringApplicationAdmin - Application shutdown requested. 
25-09-21 14:38:40.008 [RMI TCP Connection(25)-127.0.0.1] INFO  o.s.b.w.e.tomcat.GracefulShutdown - Commencing graceful shutdown. Waiting for active requests to complete 
25-09-21 14:38:40.008 [tomcat-shutdown] INFO  o.a.coyote.http11.Http11NioProtocol - Pausing ProtocolHandler ["http-nio-8080"] 
25-09-21 14:38:40.026 [tomcat-shutdown] INFO  o.s.b.w.e.tomcat.GracefulShutdown - Graceful shutdown complete 
25-09-21 14:38:40.026 [RMI TCP Connection(25)-127.0.0.1] INFO  o.a.coyote.http11.Http11NioProtocol - Stopping ProtocolHandler ["http-nio-8080"] 
25-09-21 14:38:40.027 [RMI TCP Connection(25)-127.0.0.1] INFO  o.s.o.j.LocalContainerEntityManagerFactoryBean - Closing JPA EntityManagerFactory for persistence unit 'default' 
25-09-21 14:38:40.027 [RMI TCP Connection(25)-127.0.0.1] INFO  com.zaxxer.hikari.HikariDataSource - HikariPool-6 - Shutdown initiated... 
25-09-21 14:38:40.028 [RMI TCP Connection(25)-127.0.0.1] INFO  com.zaxxer.hikari.HikariDataSource - HikariPool-6 - Shutdown completed. 
25-09-21 14:38:42.145 [background-preinit] INFO  o.h.validator.internal.util.Version - HV000001: Hibernate Validator 8.0.3.Final 
25-09-21 14:38:42.190 [restartedMain] INFO  c.v.vatManager.VatManagerApplication - Starting VatManagerApplication using Java 21.0.5 with PID 23348 (D:\SpringBoot  Projects\vatManager\target\classes started by neraz in D:\SpringBoot  Projects\vatManager) 
25-09-21 14:38:42.191 [restartedMain] INFO  c.v.vatManager.VatManagerApplication - No active profile set, falling back to 1 default profile: "default" 
25-09-21 14:38:42.226 [restartedMain] INFO  o.s.b.d.e.DevToolsPropertyDefaultsPostProcessor - Devtools property defaults active! Set 'spring.devtools.add-properties' to 'false' to disable 
25-09-21 14:38:42.226 [restartedMain] INFO  o.s.b.d.e.DevToolsPropertyDefaultsPostProcessor - For additional web related logging consider setting the 'logging.level.web' property to 'DEBUG' 
25-09-21 14:38:42.768 [restartedMain] INFO  o.s.d.r.c.RepositoryConfigurationDelegate - Bootstrapping Spring Data JPA repositories in DEFAULT mode. 
25-09-21 14:38:42.813 [restartedMain] INFO  o.s.d.r.c.RepositoryConfigurationDelegate - Finished Spring Data repository scanning in 37 ms. Found 1 JPA repository interface. 
25-09-21 14:38:43.220 [restartedMain] INFO  o.s.b.w.e.tomcat.TomcatWebServer - Tomcat initialized with port 8080 (http) 
25-09-21 14:38:43.229 [restartedMain] INFO  o.a.coyote.http11.Http11NioProtocol - Initializing ProtocolHandler ["http-nio-8080"] 
25-09-21 14:38:43.230 [restartedMain] INFO  o.a.catalina.core.StandardService - Starting service [Tomcat] 
25-09-21 14:38:43.231 [restartedMain] INFO  o.a.catalina.core.StandardEngine - Starting Servlet engine: [Apache Tomcat/10.1.44] 
25-09-21 14:38:43.275 [restartedMain] INFO  o.a.c.c.C.[Tomcat].[localhost].[/] - Initializing Spring embedded WebApplicationContext 
25-09-21 14:38:43.275 [restartedMain] INFO  o.s.b.w.s.c.ServletWebServerApplicationContext - Root WebApplicationContext: initialization completed in 1049 ms 
25-09-21 14:38:43.419 [restartedMain] INFO  o.h.jpa.internal.util.LogHelper - HHH000204: Processing PersistenceUnitInfo [name: default] 
25-09-21 14:38:43.460 [restartedMain] INFO  org.hibernate.Version - HHH000412: Hibernate ORM core version 6.6.26.Final 
25-09-21 14:38:43.485 [restartedMain] INFO  o.h.c.i.RegionFactoryInitiator - HHH000026: Second-level cache disabled 
25-09-21 14:38:43.683 [restartedMain] INFO  o.s.o.j.p.SpringPersistenceUnitInfo - No LoadTimeWeaver setup: ignoring JPA class transformer 
25-09-21 14:38:43.709 [restartedMain] INFO  com.zaxxer.hikari.HikariDataSource - HikariPool-1 - Starting... 
25-09-21 14:38:43.901 [restartedMain] INFO  com.zaxxer.hikari.pool.HikariPool - HikariPool-1 - Added connection org.sqlite.jdbc4.JDBC4Connection@6fadd9eb 
25-09-21 14:38:43.904 [restartedMain] INFO  com.zaxxer.hikari.HikariDataSource - HikariPool-1 - Start completed. 
25-09-21 14:38:43.937 [restartedMain] INFO  o.hibernate.orm.connections.pooling - HHH10001005: Database info:
	Database JDBC URL [Connecting through datasource 'HikariDataSource (HikariPool-1)']
	Database driver: undefined/unknown
	Database version: 3.50.3
	Autocommit mode: undefined/unknown
	Isolation level: undefined/unknown
	Minimum pool size: undefined/unknown
	Maximum pool size: undefined/unknown 
25-09-21 14:38:44.539 [restartedMain] INFO  o.h.e.t.j.p.i.JtaPlatformInitiator - HHH000489: No JTA platform available (set 'hibernate.transaction.jta.platform' to enable JTA platform integration) 
25-09-21 14:38:44.566 [restartedMain] INFO  o.s.o.j.LocalContainerEntityManagerFactoryBean - Initialized JPA EntityManagerFactory for persistence unit 'default' 
25-09-21 14:38:44.752 [restartedMain] WARN  o.s.b.a.o.j.JpaBaseConfiguration$JpaWebConfiguration - spring.jpa.open-in-view is enabled by default. Therefore, database queries may be performed during view rendering. Explicitly configure spring.jpa.open-in-view to disable this warning 
25-09-21 14:38:45.086 [restartedMain] INFO  o.s.b.d.a.OptionalLiveReloadServer - LiveReload server is running on port 35729 
25-09-21 14:38:45.104 [restartedMain] INFO  o.a.coyote.http11.Http11NioProtocol - Starting ProtocolHandler ["http-nio-8080"] 
25-09-21 14:38:45.122 [restartedMain] INFO  o.s.b.w.e.tomcat.TomcatWebServer - Tomcat started on port 8080 (http) with context path '/' 
25-09-21 14:38:45.129 [restartedMain] INFO  c.v.vatManager.VatManagerApplication - Started VatManagerApplication in 3.237 seconds (process running for 3.952) 
25-09-21 14:39:02.186 [http-nio-8080-exec-1] INFO  o.a.c.c.C.[Tomcat].[localhost].[/] - Initializing Spring DispatcherServlet 'dispatcherServlet' 
25-09-21 14:39:02.187 [http-nio-8080-exec-1] INFO  o.s.web.servlet.DispatcherServlet - Initializing Servlet 'dispatcherServlet' 
25-09-21 14:39:02.188 [http-nio-8080-exec-1] INFO  o.s.web.servlet.DispatcherServlet - Completed initialization in 1 ms 
25-09-21 14:39:02.278 [http-nio-8080-exec-1] INFO  c.v.v.service.ClientServiceImpl - Getting all the Clients from the Database. 
25-09-21 15:30:48.676 [HikariPool-1:housekeeper] WARN  com.zaxxer.hikari.pool.HikariPool - HikariPool-1 - Thread starvation or clock leap detected (housekeeper delta=14m4s106ms809µs600ns). 
25-09-21 15:55:00.274 [http-nio-8080-exec-3] INFO  c.v.v.service.ClientServiceImpl - Getting all the Clients from the Database. 
25-09-21 15:56:26.936 [http-nio-8080-exec-5] INFO  c.v.v.service.ClientServiceImpl - Getting all the Clients from the Database. 
25-09-21 15:56:36.301 [http-nio-8080-exec-6] INFO  c.v.v.service.ClientServiceImpl - Getting all the Clients from the Database. 
25-09-21 15:56:39.112 [http-nio-8080-exec-7] INFO  c.v.v.service.ClientServiceImpl - Getting all the Clients from the Database. 
25-09-21 15:57:08.583 [http-nio-8080-exec-8] INFO  c.v.v.service.ClientServiceImpl - Getting all the Clients from the Database. 
25-09-21 16:00:23.196 [http-nio-8080-exec-10] INFO  c.v.v.service.ClientServiceImpl - Getting all the Clients from the Database. 
25-09-21 16:00:42.849 [http-nio-8080-exec-1] INFO  c.v.v.service.ClientServiceImpl - Getting all the Clients from the Database. 
25-09-21 16:01:04.109 [http-nio-8080-exec-2] INFO  c.v.v.service.ClientServiceImpl - Getting all the Clients from the Database. 
25-09-21 16:01:10.676 [http-nio-8080-exec-3] INFO  c.v.v.service.ClientServiceImpl - Getting all the Clients from the Database. 
25-09-21 16:01:30.682 [http-nio-8080-exec-5] INFO  c.v.v.service.ClientServiceImpl - Getting all the Clients from the Database. 
25-09-21 16:02:24.682 [http-nio-8080-exec-7] INFO  c.v.v.service.ClientServiceImpl - Getting all the Clients from the Database. 
25-09-21 16:03:07.593 [http-nio-8080-exec-9] INFO  c.v.v.service.ClientServiceImpl - Getting all the Clients from the Database. 
25-09-21 16:03:32.252 [http-nio-8080-exec-1] INFO  c.v.v.service.ClientServiceImpl - Getting all the Clients from the Database. 
25-09-21 16:03:40.810 [http-nio-8080-exec-2] INFO  c.v.v.service.ClientServiceImpl - Getting all the Clients from the Database. 
25-09-21 16:05:20.127 [http-nio-8080-exec-7] INFO  c.v.v.service.ClientServiceImpl - Getting all the Clients from the Database. 
25-09-21 16:05:25.873 [http-nio-8080-exec-8] INFO  c.v.v.service.ClientServiceImpl - Getting all the Clients from the Database. 
25-09-21 16:05:31.972 [http-nio-8080-exec-9] INFO  c.v.v.service.ClientServiceImpl - Getting all the Clients from the Database. 
25-09-21 16:05:39.735 [http-nio-8080-exec-10] INFO  c.v.v.service.ClientServiceImpl - Getting all the Clients from the Database. 
25-09-21 16:05:46.136 [http-nio-8080-exec-1] INFO  c.v.v.service.ClientServiceImpl - Getting all the Clients from the Database. 
25-09-21 16:05:48.760 [http-nio-8080-exec-2] INFO  c.v.v.service.ClientServiceImpl - Getting all the Clients from the Database. 
25-09-21 16:05:50.349 [http-nio-8080-exec-3] INFO  c.v.v.service.ClientServiceImpl - Getting all the Clients from the Database. 
25-09-21 16:05:53.132 [http-nio-8080-exec-4] INFO  c.v.v.service.ClientServiceImpl - Getting all the Clients from the Database. 
25-09-21 16:06:10.647 [http-nio-8080-exec-5] INFO  c.v.v.service.ClientServiceImpl - Getting all the Clients from the Database. 
25-09-21 16:06:31.815 [http-nio-8080-exec-6] INFO  c.v.v.service.ClientServiceImpl - Getting all the Clients from the Database. 
25-09-21 16:06:38.174 [http-nio-8080-exec-7] INFO  c.v.v.service.ClientServiceImpl - Getting all the Clients from the Database. 
25-09-21 16:06:41.633 [http-nio-8080-exec-8] INFO  c.v.v.service.ClientServiceImpl - Getting all the Clients from the Database. 
25-09-21 16:08:19.809 [http-nio-8080-exec-10] INFO  c.v.v.service.ClientServiceImpl - Getting all the Clients from the Database. 
25-09-21 16:08:50.483 [http-nio-8080-exec-1] INFO  c.v.v.service.ClientServiceImpl - Getting all the Clients from the Database. 
25-09-21 16:13:57.330 [http-nio-8080-exec-3] INFO  c.v.v.service.ClientServiceImpl - Getting all the Clients from the Database. 
25-09-21 16:14:18.974 [http-nio-8080-exec-4] INFO  c.v.v.service.ClientServiceImpl - Getting all the Clients from the Database. 
25-09-21 16:15:42.927 [http-nio-8080-exec-7] INFO  c.v.v.service.ClientServiceImpl - Getting all the Clients from the Database. 
25-09-21 16:26:48.530 [http-nio-8080-exec-1] INFO  c.v.v.service.ClientServiceImpl - Getting all the Clients from the Database. 
25-09-21 16:27:03.238 [http-nio-8080-exec-3] INFO  c.v.v.service.ClientServiceImpl - Getting all the Clients from the Database. 
25-09-21 16:27:24.568 [http-nio-8080-exec-5] INFO  c.v.v.service.ClientServiceImpl - Getting all the Clients from the Database. 
25-09-21 16:29:15.627 [http-nio-8080-exec-8] INFO  c.v.v.service.ClientServiceImpl - Getting all the Clients from the Database. 
25-09-21 16:29:34.700 [http-nio-8080-exec-9] INFO  c.v.v.service.ClientServiceImpl - Getting all the Clients from the Database. 
25-09-21 16:30:19.313 [http-nio-8080-exec-10] INFO  c.v.v.service.ClientServiceImpl - Getting all the Clients from the Database. 
25-09-21 16:30:21.072 [http-nio-8080-exec-1] INFO  c.v.v.service.ClientServiceImpl - Getting all the Clients from the Database. 
25-09-21 16:30:22.382 [http-nio-8080-exec-2] INFO  c.v.v.service.ClientServiceImpl - Getting all the Clients from the Database. 
25-09-21 16:31:20.362 [http-nio-8080-exec-3] INFO  c.v.v.service.ClientServiceImpl - Getting all the Clients from the Database. 
25-09-21 16:33:33.198 [http-nio-8080-exec-5] INFO  c.v.v.service.ClientServiceImpl - Getting all the Clients from the Database. 
25-09-21 16:33:48.921 [http-nio-8080-exec-6] INFO  c.v.v.service.ClientServiceImpl - Getting all the Clients from the Database. 
25-09-21 16:33:52.528 [http-nio-8080-exec-7] INFO  c.v.v.service.ClientServiceImpl - Getting all the Clients from the Database. 
25-09-21 16:33:56.613 [http-nio-8080-exec-8] INFO  c.v.v.service.ClientServiceImpl - Getting all the Clients from the Database. 
25-09-21 16:34:14.836 [http-nio-8080-exec-9] INFO  c.v.v.service.ClientServiceImpl - Getting all the Clients from the Database. 
25-09-21 16:34:23.464 [http-nio-8080-exec-10] INFO  c.v.v.service.ClientServiceImpl - Getting all the Clients from the Database. 
25-09-21 16:34:26.262 [http-nio-8080-exec-1] INFO  c.v.v.service.ClientServiceImpl - Getting all the Clients from the Database. 
25-09-21 16:34:37.580 [http-nio-8080-exec-2] INFO  c.v.v.service.ClientServiceImpl - Getting all the Clients from the Database. 
25-09-21 16:34:39.734 [http-nio-8080-exec-3] INFO  c.v.v.service.ClientServiceImpl - Getting all the Clients from the Database. 
25-09-21 16:34:46.250 [http-nio-8080-exec-4] INFO  c.v.v.service.ClientServiceImpl - Getting all the Clients from the Database. 
25-09-21 16:35:30.069 [http-nio-8080-exec-5] INFO  c.v.v.service.ClientServiceImpl - Getting all the Clients from the Database. 
25-09-21 16:36:33.559 [http-nio-8080-exec-7] INFO  c.v.v.service.ClientServiceImpl - Getting all the Clients from the Database. 
25-09-21 16:37:26.588 [http-nio-8080-exec-8] INFO  c.v.v.service.ClientServiceImpl - Getting all the Clients from the Database. 
25-09-21 16:37:39.220 [http-nio-8080-exec-9] INFO  c.v.v.service.ClientServiceImpl - Getting all the Clients from the Database. 
25-09-21 16:37:47.069 [http-nio-8080-exec-10] INFO  c.v.v.service.ClientServiceImpl - Getting all the Clients from the Database. 
25-09-21 16:37:56.300 [http-nio-8080-exec-1] INFO  c.v.v.service.ClientServiceImpl - Getting all the Clients from the Database. 
25-09-21 16:37:58.427 [http-nio-8080-exec-2] INFO  c.v.v.service.ClientServiceImpl - Getting all the Clients from the Database. 
25-09-21 16:38:02.585 [http-nio-8080-exec-3] INFO  c.v.v.service.ClientServiceImpl - Getting all the Clients from the Database. 
25-09-21 16:38:23.631 [http-nio-8080-exec-4] INFO  c.v.v.service.ClientServiceImpl - Getting all the Clients from the Database. 
25-09-21 16:38:54.845 [http-nio-8080-exec-5] INFO  c.v.v.service.ClientServiceImpl - Getting all the Clients from the Database. 
25-09-21 16:38:56.546 [http-nio-8080-exec-6] INFO  c.v.v.service.ClientServiceImpl - Getting all the Clients from the Database. 
25-09-21 16:40:02.461 [http-nio-8080-exec-8] INFO  c.v.v.service.ClientServiceImpl - Getting all the Clients from the Database. 
25-09-21 16:40:04.736 [http-nio-8080-exec-9] INFO  c.v.v.service.ClientServiceImpl - Getting all the Clients from the Database. 
25-09-21 16:40:05.880 [http-nio-8080-exec-10] INFO  c.v.v.service.ClientServiceImpl - Getting all the Clients from the Database. 
25-09-21 16:40:07.554 [http-nio-8080-exec-1] INFO  c.v.v.service.ClientServiceImpl - Getting all the Clients from the Database. 
25-09-21 16:41:04.831 [http-nio-8080-exec-2] INFO  c.v.v.service.ClientServiceImpl - Getting all the Clients from the Database. 
25-09-21 16:41:05.999 [http-nio-8080-exec-3] INFO  c.v.v.service.ClientServiceImpl - Getting all the Clients from the Database. 
25-09-21 16:41:23.303 [http-nio-8080-exec-4] INFO  c.v.v.service.ClientServiceImpl - Getting all the Clients from the Database. 
25-09-21 16:41:25.051 [http-nio-8080-exec-5] INFO  c.v.v.service.ClientServiceImpl - Getting all the Clients from the Database. 
25-09-21 16:41:27.562 [http-nio-8080-exec-6] INFO  c.v.v.service.ClientServiceImpl - Getting all the Clients from the Database. 
25-09-21 16:41:37.657 [http-nio-8080-exec-7] INFO  c.v.v.service.ClientServiceImpl - Getting all the Clients from the Database. 
25-09-21 16:41:47.629 [http-nio-8080-exec-8] INFO  c.v.v.service.ClientServiceImpl - Getting all the Clients from the Database. 
25-09-21 16:41:49.337 [http-nio-8080-exec-9] INFO  c.v.v.service.ClientServiceImpl - Getting all the Clients from the Database. 
25-09-21 16:42:25.179 [http-nio-8080-exec-10] INFO  c.v.v.service.ClientServiceImpl - Getting all the Clients from the Database. 
25-09-21 16:42:54.531 [http-nio-8080-exec-1] INFO  c.v.v.service.ClientServiceImpl - Getting all the Clients from the Database. 
25-09-21 16:43:32.254 [http-nio-8080-exec-2] INFO  c.v.v.service.ClientServiceImpl - Getting all the Clients from the Database. 
25-09-21 16:44:15.782 [http-nio-8080-exec-3] INFO  c.v.v.service.ClientServiceImpl - Getting all the Clients from the Database. 
25-09-21 16:44:19.726 [http-nio-8080-exec-4] INFO  c.v.v.service.ClientServiceImpl - Getting all the Clients from the Database. 
25-09-21 16:44:22.781 [http-nio-8080-exec-5] INFO  c.v.v.service.ClientServiceImpl - Getting all the Clients from the Database. 
25-09-21 16:44:25.832 [http-nio-8080-exec-6] INFO  c.v.v.service.ClientServiceImpl - Getting all the Clients from the Database. 
25-09-21 16:44:29.647 [http-nio-8080-exec-7] INFO  c.v.v.service.ClientServiceImpl - Getting all the Clients from the Database. 
25-09-21 16:44:42.255 [http-nio-8080-exec-10] INFO  c.v.v.service.ClientServiceImpl - Getting all the Clients from the Database. 
25-09-21 16:45:21.819 [http-nio-8080-exec-1] INFO  c.v.v.service.ClientServiceImpl - Getting all the Clients from the Database. 
25-09-21 16:45:23.804 [http-nio-8080-exec-2] INFO  c.v.v.service.ClientServiceImpl - Getting all the Clients from the Database. 
25-09-21 16:45:52.434 [http-nio-8080-exec-3] INFO  c.v.v.service.ClientServiceImpl - Getting all the Clients from the Database. 
25-09-21 16:46:03.345 [http-nio-8080-exec-4] INFO  c.v.v.service.ClientServiceImpl - Getting all the Clients from the Database. 
25-09-21 16:46:19.352 [http-nio-8080-exec-5] INFO  c.v.v.service.ClientServiceImpl - Getting all the Clients from the Database. 
25-09-21 16:46:26.795 [http-nio-8080-exec-6] INFO  c.v.v.service.ClientServiceImpl - Getting all the Clients from the Database. 
25-09-21 16:46:29.877 [http-nio-8080-exec-7] INFO  c.v.v.service.ClientServiceImpl - Getting all the Clients from the Database. 
25-09-21 16:46:37.516 [http-nio-8080-exec-8] INFO  c.v.v.service.ClientServiceImpl - Getting all the Clients from the Database. 
25-09-21 16:48:53.272 [http-nio-8080-exec-10] INFO  c.v.v.service.ClientServiceImpl - Getting all the Clients from the Database. 
25-09-21 16:49:02.568 [http-nio-8080-exec-1] INFO  c.v.v.service.ClientServiceImpl - Getting all the Clients from the Database. 
25-09-21 16:50:40.164 [http-nio-8080-exec-3] INFO  c.v.v.service.ClientServiceImpl - Getting all the Clients from the Database. 
25-09-21 16:50:40.187 [http-nio-8080-exec-4] INFO  c.v.v.service.ClientServiceImpl - Getting all the Clients from the Database. 
25-09-21 16:50:48.012 [http-nio-8080-exec-5] INFO  c.v.v.service.ClientServiceImpl - Getting all the Clients from the Database. 
25-09-21 16:51:02.965 [http-nio-8080-exec-6] INFO  c.v.v.service.ClientServiceImpl - Getting all the Clients from the Database. 
25-09-21 16:51:02.999 [http-nio-8080-exec-7] INFO  c.v.v.service.ClientServiceImpl - Getting all the Clients from the Database. 
25-09-21 16:51:22.765 [http-nio-8080-exec-8] INFO  c.v.v.service.ClientServiceImpl - Getting all the Clients from the Database. 
25-09-21 16:51:48.122 [http-nio-8080-exec-9] INFO  c.v.v.service.ClientServiceImpl - Getting all the Clients from the Database. 
25-09-21 16:51:48.124 [http-nio-8080-exec-10] INFO  c.v.v.service.ClientServiceImpl - Getting all the Clients from the Database. 
25-09-21 16:51:51.046 [http-nio-8080-exec-1] INFO  c.v.v.service.ClientServiceImpl - Getting all the Clients from the Database. 
25-09-21 16:51:51.046 [http-nio-8080-exec-2] INFO  c.v.v.service.ClientServiceImpl - Getting all the Clients from the Database. 
25-09-21 16:52:05.635 [http-nio-8080-exec-3] INFO  c.v.v.service.ClientServiceImpl - Getting all the Clients from the Database. 
25-09-21 16:52:07.223 [http-nio-8080-exec-4] INFO  c.v.v.service.ClientServiceImpl - Getting all the Clients from the Database. 
25-09-21 16:52:07.226 [http-nio-8080-exec-5] INFO  c.v.v.service.ClientServiceImpl - Getting all the Clients from the Database. 
25-09-21 17:52:45.898 [HikariPool-1:housekeeper] WARN  com.zaxxer.hikari.pool.HikariPool - HikariPool-1 - Thread starvation or clock leap detected (housekeeper delta=39m55s675ms823µs300ns). 
25-09-21 17:55:13.353 [http-nio-8080-exec-8] INFO  c.v.v.service.ClientServiceImpl - Getting all the Clients from the Database. 
25-09-21 17:56:33.356 [http-nio-8080-exec-10] INFO  c.v.v.service.ClientServiceImpl - Getting all the Clients from the Database. 
25-09-21 17:57:29.678 [http-nio-8080-exec-1] INFO  c.v.v.service.ClientServiceImpl - Getting all the Clients from the Database. 
25-09-21 17:57:31.946 [http-nio-8080-exec-2] INFO  c.v.v.service.ClientServiceImpl - Getting all the Clients from the Database. 
25-09-21 17:57:41.661 [http-nio-8080-exec-3] INFO  c.v.v.service.ClientServiceImpl - Getting all the Clients from the Database. 
25-09-21 17:58:06.234 [http-nio-8080-exec-6] INFO  c.v.v.service.ClientServiceImpl - Initiating Updating Client By ID: 1  
25-09-21 17:58:06.272 [http-nio-8080-exec-6] INFO  c.v.v.service.ClientServiceImpl - Client TDS Updated successfully.  
25-09-21 17:58:18.276 [http-nio-8080-exec-7] INFO  c.v.v.service.ClientServiceImpl - Getting all the Clients from the Database. 
25-09-21 17:58:32.550 [http-nio-8080-exec-9] INFO  c.v.v.service.ClientServiceImpl - Initiating Updating Client By ID: 1  
25-09-21 17:58:32.559 [http-nio-8080-exec-9] INFO  c.v.v.service.ClientServiceImpl - Client TDS Updated successfully.  
25-09-21 18:00:04.331 [http-nio-8080-exec-1] INFO  c.v.v.service.ClientServiceImpl - Getting all the Clients from the Database. 
25-09-21 18:00:17.365 [http-nio-8080-exec-2] INFO  c.v.v.service.ClientServiceImpl - Getting all the Clients from the Database. 
25-09-21 18:00:19.574 [http-nio-8080-exec-3] INFO  c.v.v.service.ClientServiceImpl - Getting all the Clients from the Database. 
25-09-21 18:00:34.962 [http-nio-8080-exec-5] INFO  c.v.v.service.ClientServiceImpl - Initiating Updating Client By ID: 1  
25-09-21 18:00:34.972 [http-nio-8080-exec-5] INFO  c.v.v.service.ClientServiceImpl - Client TDS Updated successfully.  
25-09-21 18:01:04.496 [http-nio-8080-exec-7] INFO  c.v.v.service.ClientServiceImpl - Getting all the Clients from the Database. 
25-09-21 18:01:07.886 [http-nio-8080-exec-9] INFO  c.v.v.service.ClientServiceImpl - Initiating Updating Client By ID: 1  
25-09-21 18:01:07.902 [http-nio-8080-exec-9] INFO  c.v.v.service.ClientServiceImpl - Client TDS Updated successfully.  
25-09-21 18:01:20.840 [http-nio-8080-exec-1] INFO  c.v.v.service.ClientServiceImpl - Getting all the Clients from the Database. 
25-09-21 18:20:47.007 [http-nio-8080-exec-7] INFO  c.v.v.service.ClientServiceImpl - Initiating Updating Client By ID: 1  
25-09-21 18:20:47.020 [http-nio-8080-exec-7] INFO  c.v.v.service.ClientServiceImpl - Client TDS Updated successfully.  
25-09-21 18:27:42.671 [http-nio-8080-exec-10] INFO  c.v.v.service.ClientServiceImpl - Getting all the Clients from the Database. 
25-09-21 18:27:48.358 [http-nio-8080-exec-2] INFO  c.v.v.service.ClientServiceImpl - Initiating Updating Client By ID: 1  
25-09-21 18:27:48.367 [http-nio-8080-exec-2] INFO  c.v.v.service.ClientServiceImpl - Client TDS Updated successfully.  
25-09-21 18:28:22.137 [http-nio-8080-exec-4] INFO  c.v.v.service.ClientServiceImpl - Getting all the Clients from the Database. 
25-09-21 18:28:54.910 [http-nio-8080-exec-5] INFO  c.v.v.service.ClientServiceImpl - Getting all the Clients from the Database. 
25-09-21 18:29:01.129 [http-nio-8080-exec-6] INFO  c.v.v.service.ClientServiceImpl - Getting all the Clients from the Database. 
25-09-21 18:29:05.890 [http-nio-8080-exec-7] INFO  c.v.v.service.ClientServiceImpl - Getting all the Clients from the Database. 
25-09-21 18:29:09.483 [http-nio-8080-exec-10] INFO  c.v.v.service.ClientServiceImpl - Initiating Updating Client By ID: 1  
25-09-21 18:29:09.491 [http-nio-8080-exec-10] INFO  c.v.v.service.ClientServiceImpl - Client TDS Updated successfully.  
25-09-21 18:30:07.914 [http-nio-8080-exec-1] INFO  c.v.v.service.ClientServiceImpl - Getting all the Clients from the Database. 
25-09-21 18:31:54.968 [http-nio-8080-exec-3] INFO  c.v.v.service.ClientServiceImpl - Getting all the Clients from the Database. 
25-09-21 18:32:28.550 [http-nio-8080-exec-4] INFO  c.v.v.service.ClientServiceImpl - Getting all the Clients from the Database. 
25-09-21 18:32:39.766 [http-nio-8080-exec-5] INFO  c.v.v.service.ClientServiceImpl - Getting all the Clients from the Database. 
25-09-21 18:33:00.974 [http-nio-8080-exec-6] INFO  c.v.v.service.ClientServiceImpl - Getting all the Clients from the Database. 
25-09-21 18:33:17.975 [http-nio-8080-exec-7] INFO  c.v.v.service.ClientServiceImpl - Getting all the Clients from the Database. 
25-09-21 18:34:38.904 [http-nio-8080-exec-9] INFO  c.v.v.service.ClientServiceImpl - Getting all the Clients from the Database. 
25-09-21 18:34:46.656 [http-nio-8080-exec-10] INFO  c.v.v.service.ClientServiceImpl - Getting all the Clients from the Database. 
25-09-21 18:35:11.282 [http-nio-8080-exec-1] INFO  c.v.v.service.ClientServiceImpl - Getting all the Clients from the Database. 
25-09-21 18:35:12.634 [http-nio-8080-exec-2] INFO  c.v.v.service.ClientServiceImpl - Getting all the Clients from the Database. 
25-09-21 18:35:29.019 [http-nio-8080-exec-3] INFO  c.v.v.service.ClientServiceImpl - Getting all the Clients from the Database. 
25-09-21 18:35:59.886 [http-nio-8080-exec-4] INFO  c.v.v.service.ClientServiceImpl - Getting all the Clients from the Database. 
25-09-21 18:36:10.980 [http-nio-8080-exec-5] INFO  c.v.v.service.ClientServiceImpl - Getting all the Clients from the Database. 
25-09-21 18:36:21.130 [http-nio-8080-exec-6] INFO  c.v.v.service.ClientServiceImpl - Getting all the Clients from the Database. 
25-09-21 18:36:25.629 [http-nio-8080-exec-7] INFO  c.v.v.service.ClientServiceImpl - Getting all the Clients from the Database. 
25-09-21 18:36:28.970 [http-nio-8080-exec-8] INFO  c.v.v.service.ClientServiceImpl - Getting all the Clients from the Database. 
25-09-21 18:36:51.408 [http-nio-8080-exec-9] INFO  c.v.v.service.ClientServiceImpl - Getting all the Clients from the Database. 
25-09-21 18:37:05.549 [http-nio-8080-exec-10] INFO  c.v.v.service.ClientServiceImpl - Getting all the Clients from the Database. 
25-09-21 18:37:10.271 [http-nio-8080-exec-1] INFO  c.v.v.service.ClientServiceImpl - Getting all the Clients from the Database. 
25-09-21 18:37:17.610 [http-nio-8080-exec-2] INFO  c.v.v.service.ClientServiceImpl - Getting all the Clients from the Database. 
25-09-21 18:37:23.921 [http-nio-8080-exec-4] INFO  c.v.v.service.ClientServiceImpl - Initiating Updating Client By ID: 1  
25-09-21 18:37:23.930 [http-nio-8080-exec-4] INFO  c.v.v.service.ClientServiceImpl - Client TDS Updated successfully.  
25-09-21 18:37:23.944 [http-nio-8080-exec-5] INFO  c.v.v.service.ClientServiceImpl - Getting all the Clients from the Database. 
25-09-21 18:37:29.381 [http-nio-8080-exec-7] INFO  c.v.v.service.ClientServiceImpl - Initiating Updating Client By ID: 1  
25-09-21 18:37:29.398 [http-nio-8080-exec-7] INFO  c.v.v.service.ClientServiceImpl - Client TDS Updated successfully.  
25-09-21 18:37:29.426 [http-nio-8080-exec-8] INFO  c.v.v.service.ClientServiceImpl - Getting all the Clients from the Database. 
25-09-21 18:38:50.052 [http-nio-8080-exec-10] INFO  c.v.v.service.ClientServiceImpl - Getting all the Clients from the Database. 
25-09-21 18:38:52.672 [http-nio-8080-exec-2] INFO  c.v.v.service.ClientServiceImpl - Initiating Updating Client By ID: 1  
25-09-21 18:38:52.687 [http-nio-8080-exec-2] INFO  c.v.v.service.ClientServiceImpl - Client TDS Updated successfully.  
25-09-21 18:38:52.699 [http-nio-8080-exec-3] INFO  c.v.v.service.ClientServiceImpl - Getting all the Clients from the Database. 
25-09-21 18:39:03.434 [http-nio-8080-exec-4] INFO  c.v.v.service.ClientServiceImpl - Getting all the Clients from the Database. 
25-09-21 18:40:18.935 [http-nio-8080-exec-6] INFO  c.v.v.service.ClientServiceImpl - Getting all the Clients from the Database. 
25-09-21 18:40:22.094 [http-nio-8080-exec-7] INFO  c.v.v.service.ClientServiceImpl - Getting all the Clients from the Database. 
25-09-21 18:40:26.184 [http-nio-8080-exec-9] INFO  c.v.v.service.ClientServiceImpl - Initiating Updating Client By ID: 1  
25-09-21 18:40:26.197 [http-nio-8080-exec-9] INFO  c.v.v.service.ClientServiceImpl - Client TDS Updated successfully.  
25-09-21 18:40:26.214 [http-nio-8080-exec-10] INFO  c.v.v.service.ClientServiceImpl - Getting all the Clients from the Database. 
25-09-21 18:40:33.079 [http-nio-8080-exec-1] INFO  c.v.v.service.ClientServiceImpl - Getting all the Clients from the Database. 
25-09-21 18:42:00.884 [http-nio-8080-exec-3] INFO  c.v.v.service.ClientServiceImpl - Getting all the Clients from the Database. 
25-09-21 18:43:12.062 [http-nio-8080-exec-6] INFO  c.v.v.service.ClientServiceImpl - Initiating Updating Client By ID: 1  
25-09-21 18:43:12.078 [http-nio-8080-exec-6] INFO  c.v.v.service.ClientServiceImpl - Client TDS Updated successfully.  
25-09-21 18:43:12.105 [http-nio-8080-exec-7] INFO  c.v.v.service.ClientServiceImpl - Getting all the Clients from the Database. 
25-09-21 18:43:30.754 [http-nio-8080-exec-8] INFO  c.v.v.service.ClientServiceImpl - Getting all the Clients from the Database. 
25-09-21 18:43:33.976 [http-nio-8080-exec-10] INFO  c.v.v.service.ClientServiceImpl - Initiating Updating Client By ID: 1  
25-09-21 18:43:33.986 [http-nio-8080-exec-10] INFO  c.v.v.service.ClientServiceImpl - Client TDS Updated successfully.  
25-09-21 18:43:33.995 [http-nio-8080-exec-1] INFO  c.v.v.service.ClientServiceImpl - Getting all the Clients from the Database. 
25-09-21 18:43:50.909 [http-nio-8080-exec-2] INFO  c.v.v.service.ClientServiceImpl - Getting all the Clients from the Database. 
25-09-21 18:52:45.670 [http-nio-8080-exec-6] INFO  c.v.v.service.ClientServiceImpl - Getting all the Clients from the Database. 
25-09-21 18:52:57.297 [http-nio-8080-exec-7] INFO  c.v.v.service.ClientServiceImpl - Getting all the Clients from the Database. 
25-09-21 18:53:01.924 [http-nio-8080-exec-8] INFO  c.v.v.service.ClientServiceImpl - Getting all the Clients from the Database. 
25-09-21 18:55:05.204 [http-nio-8080-exec-10] INFO  c.v.v.service.ClientServiceImpl - Getting all the Clients from the Database. 
25-09-21 18:55:06.590 [http-nio-8080-exec-1] INFO  c.v.v.service.ClientServiceImpl - Getting all the Clients from the Database. 
25-09-21 18:56:34.328 [http-nio-8080-exec-3] INFO  c.v.v.service.ClientServiceImpl - Getting all the Clients from the Database. 
25-09-21 18:56:42.547 [http-nio-8080-exec-4] INFO  c.v.v.service.ClientServiceImpl - Getting all the Clients from the Database. 
25-09-21 18:56:53.618 [http-nio-8080-exec-5] INFO  c.v.v.service.ClientServiceImpl - Getting all the Clients from the Database. 
25-09-21 18:57:12.844 [http-nio-8080-exec-6] INFO  c.v.v.service.ClientServiceImpl - Getting all the Clients from the Database. 
25-09-21 18:57:40.247 [http-nio-8080-exec-7] INFO  c.v.v.service.ClientServiceImpl - Getting all the Clients from the Database. 
25-09-21 18:57:46.739 [http-nio-8080-exec-8] INFO  c.v.v.service.ClientServiceImpl - Getting all the Clients from the Database. 
25-09-21 18:57:59.251 [http-nio-8080-exec-9] INFO  c.v.v.service.ClientServiceImpl - Getting all the Clients from the Database. 
25-09-21 18:58:05.605 [http-nio-8080-exec-10] INFO  c.v.v.service.ClientServiceImpl - Getting all the Clients from the Database. 
25-09-21 18:58:10.194 [http-nio-8080-exec-1] INFO  c.v.v.service.ClientServiceImpl - Getting all the Clients from the Database. 
25-09-21 18:58:22.726 [http-nio-8080-exec-2] INFO  c.v.v.service.ClientServiceImpl - Getting all the Clients from the Database. 
25-09-21 19:00:05.171 [http-nio-8080-exec-4] INFO  c.v.v.service.ClientServiceImpl - Getting all the Clients from the Database. 
25-09-21 19:00:38.955 [http-nio-8080-exec-5] INFO  c.v.v.service.ClientServiceImpl - Getting all the Clients from the Database. 
25-09-21 19:02:10.812 [http-nio-8080-exec-7] INFO  c.v.v.service.ClientServiceImpl - Getting all the Clients from the Database. 
25-09-21 19:04:59.216 [http-nio-8080-exec-9] INFO  c.v.v.service.ClientServiceImpl - Getting all the Clients from the Database. 
25-09-21 19:05:18.018 [http-nio-8080-exec-10] INFO  c.v.v.service.ClientServiceImpl - Getting all the Clients from the Database. 
25-09-21 19:05:28.906 [http-nio-8080-exec-1] INFO  c.v.v.service.ClientServiceImpl - Getting all the Clients from the Database. 
25-09-21 19:07:48.538 [http-nio-8080-exec-3] INFO  c.v.v.service.ClientServiceImpl - Getting all the Clients from the Database. 
25-09-21 19:13:34.125 [http-nio-8080-exec-6] INFO  c.v.v.service.ClientServiceImpl - Getting all the Clients from the Database. 
25-09-21 19:13:45.840 [http-nio-8080-exec-7] INFO  c.v.v.service.ClientServiceImpl - Getting all the Clients from the Database. 
25-09-21 19:14:47.049 [http-nio-8080-exec-9] INFO  c.v.v.service.ClientServiceImpl - Getting all the Clients from the Database. 
25-09-21 19:14:57.317 [http-nio-8080-exec-10] INFO  c.v.v.service.ClientServiceImpl - Getting all the Clients from the Database. 
25-09-21 19:15:49.470 [http-nio-8080-exec-1] INFO  c.v.v.service.ClientServiceImpl - Getting all the Clients from the Database. 
25-09-21 19:16:25.846 [http-nio-8080-exec-2] INFO  c.v.v.service.ClientServiceImpl - Getting all the Clients from the Database. 
25-09-21 19:16:44.410 [http-nio-8080-exec-3] INFO  c.v.v.service.ClientServiceImpl - Getting all the Clients from the Database. 
25-09-21 19:16:44.417 [http-nio-8080-exec-4] INFO  c.v.v.service.ClientServiceImpl - Getting all the Clients from the Database. 
25-09-21 19:20:36.482 [http-nio-8080-exec-6] INFO  c.v.v.service.ClientServiceImpl - Getting all the Clients from the Database. 
25-09-21 19:20:36.490 [http-nio-8080-exec-7] INFO  c.v.v.service.ClientServiceImpl - Getting all the Clients from the Database. 
25-09-21 19:23:36.978 [http-nio-8080-exec-9] INFO  c.v.v.service.ClientServiceImpl - Getting all the Clients from the Database. 
25-09-21 19:23:36.981 [http-nio-8080-exec-10] INFO  c.v.v.service.ClientServiceImpl - Getting all the Clients from the Database. 
25-09-21 19:34:36.897 [http-nio-8080-exec-3] INFO  c.v.v.service.ClientServiceImpl - Getting all the Clients from the Database. 
25-09-21 19:34:36.906 [http-nio-8080-exec-4] INFO  c.v.v.service.ClientServiceImpl - Getting all the Clients from the Database. 
25-09-21 19:38:27.702 [http-nio-8080-exec-6] INFO  c.v.v.service.ClientServiceImpl - Getting all the Clients from the Database. 
25-09-21 19:38:27.709 [http-nio-8080-exec-7] INFO  c.v.v.service.ClientServiceImpl - Getting all the Clients from the Database. 
25-09-21 19:39:50.420 [http-nio-8080-exec-9] INFO  c.v.v.service.ClientServiceImpl - Getting all the Clients from the Database. 
25-09-21 19:39:50.427 [http-nio-8080-exec-10] INFO  c.v.v.service.ClientServiceImpl - Getting all the Clients from the Database. 
25-09-21 19:42:02.757 [http-nio-8080-exec-3] INFO  c.v.v.service.ClientServiceImpl - Getting all the Clients from the Database. 
25-09-21 19:42:02.757 [http-nio-8080-exec-1] INFO  c.v.v.service.ClientServiceImpl - Getting all the Clients from the Database. 
25-09-21 19:43:32.552 [http-nio-8080-exec-6] INFO  c.v.v.service.ClientServiceImpl - Getting all the Clients from the Database. 
25-09-21 19:48:25.590 [http-nio-8080-exec-10] INFO  c.v.v.service.ClientServiceImpl - Getting all the Clients from the Database. 
25-09-21 19:48:26.013 [http-nio-8080-exec-2] INFO  c.v.v.service.ClientServiceImpl - Getting all the Clients from the Database. 
25-09-21 19:48:32.518 [http-nio-8080-exec-1] INFO  c.v.v.service.ClientServiceImpl - Getting all the Clients from the Database. 
25-09-21 19:48:32.520 [http-nio-8080-exec-3] INFO  c.v.v.service.ClientServiceImpl - Getting all the Clients from the Database. 
25-09-21 19:48:46.151 [http-nio-8080-exec-5] INFO  c.v.v.service.ClientServiceImpl - Getting all the Clients from the Database. 
25-09-21 19:48:46.153 [http-nio-8080-exec-4] INFO  c.v.v.service.ClientServiceImpl - Getting all the Clients from the Database. 
25-09-21 19:48:49.284 [http-nio-8080-exec-6] INFO  c.v.v.service.ClientServiceImpl - Getting all the Clients from the Database. 
25-09-21 19:48:50.144 [http-nio-8080-exec-7] INFO  c.v.v.service.ClientServiceImpl - Getting all the Clients from the Database. 
25-09-21 19:48:50.350 [http-nio-8080-exec-8] INFO  c.v.v.service.ClientServiceImpl - Getting all the Clients from the Database. 
25-09-21 19:48:51.007 [http-nio-8080-exec-9] INFO  c.v.v.service.ClientServiceImpl - Getting all the Clients from the Database. 
25-09-21 19:48:52.049 [http-nio-8080-exec-10] INFO  c.v.v.service.ClientServiceImpl - Getting all the Clients from the Database. 
25-09-21 19:49:33.042 [http-nio-8080-exec-1] INFO  c.v.v.service.ClientServiceImpl - Getting all the Clients from the Database. 
25-09-21 19:49:33.042 [http-nio-8080-exec-2] INFO  c.v.v.service.ClientServiceImpl - Getting all the Clients from the Database. 
25-09-21 19:49:41.965 [http-nio-8080-exec-3] INFO  c.v.v.service.ClientServiceImpl - Getting all the Clients from the Database. 
25-09-21 19:49:42.068 [http-nio-8080-exec-5] INFO  c.v.v.service.ClientServiceImpl - Getting all the Clients from the Database. 
25-09-21 19:49:46.814 [http-nio-8080-exec-4] INFO  c.v.v.service.ClientServiceImpl - Getting all the Clients from the Database. 
25-09-21 19:49:47.787 [http-nio-8080-exec-6] INFO  c.v.v.service.ClientServiceImpl - Getting all the Clients from the Database. 
25-09-21 19:49:50.450 [http-nio-8080-exec-7] INFO  c.v.v.service.ClientServiceImpl - Getting all the Clients from the Database. 
25-09-21 19:49:51.001 [http-nio-8080-exec-8] INFO  c.v.v.service.ClientServiceImpl - Getting all the Clients from the Database. 
25-09-21 19:49:53.993 [http-nio-8080-exec-9] INFO  c.v.v.service.ClientServiceImpl - Getting all the Clients from the Database. 
25-09-21 19:49:55.289 [http-nio-8080-exec-10] INFO  c.v.v.service.ClientServiceImpl - Getting all the Clients from the Database. 
25-09-21 19:49:55.290 [http-nio-8080-exec-2] INFO  c.v.v.service.ClientServiceImpl - Getting all the Clients from the Database. 
25-09-21 19:49:57.615 [http-nio-8080-exec-1] INFO  c.v.v.service.ClientServiceImpl - Getting all the Clients from the Database. 
25-09-21 19:49:57.647 [http-nio-8080-exec-3] INFO  c.v.v.service.ClientServiceImpl - Getting all the Clients from the Database. 
25-09-21 19:55:44.048 [http-nio-8080-exec-6] INFO  c.v.v.service.ClientServiceImpl - Getting all the Clients from the Database. 
25-09-21 19:56:02.729 [http-nio-8080-exec-7] INFO  c.v.v.service.ClientServiceImpl - Getting all the Clients from the Database. 
25-09-21 19:56:03.369 [http-nio-8080-exec-8] INFO  c.v.v.service.ClientServiceImpl - Getting all the Clients from the Database. 
25-09-21 19:56:07.224 [http-nio-8080-exec-9] INFO  c.v.v.service.ClientServiceImpl - Getting all the Clients from the Database. 
25-09-21 19:56:07.224 [http-nio-8080-exec-10] INFO  c.v.v.service.ClientServiceImpl - Getting all the Clients from the Database. 
25-09-21 19:57:14.571 [http-nio-8080-exec-3] INFO  c.v.v.service.ClientServiceImpl - Getting all the Clients from the Database. 
25-09-21 19:57:15.293 [http-nio-8080-exec-5] INFO  c.v.v.service.ClientServiceImpl - Getting all the Clients from the Database. 
25-09-21 19:57:16.748 [http-nio-8080-exec-4] INFO  c.v.v.service.ClientServiceImpl - Getting all the Clients from the Database. 
25-09-21 19:57:18.622 [http-nio-8080-exec-6] INFO  c.v.v.service.ClientServiceImpl - Getting all the Clients from the Database. 
25-09-21 19:57:26.937 [http-nio-8080-exec-8] INFO  c.v.v.service.ClientServiceImpl - Initiating delete Of Client of ID : 2 
25-09-21 19:57:26.948 [http-nio-8080-exec-9] INFO  c.v.v.service.ClientServiceImpl - Getting all the Clients from the Database. 
25-09-21 19:57:30.949 [http-nio-8080-exec-10] INFO  c.v.v.service.ClientServiceImpl - Getting all the Clients from the Database. 
25-09-21 19:58:55.568 [http-nio-8080-exec-1] INFO  c.v.v.service.ClientServiceImpl - Initiating delete Of Client of ID : 2 
25-09-21 19:58:55.586 [http-nio-8080-exec-3] INFO  c.v.v.service.ClientServiceImpl - Getting all the Clients from the Database. 
25-09-21 19:59:02.419 [http-nio-8080-exec-5] INFO  c.v.v.service.ClientServiceImpl - Getting all the Clients from the Database. 
25-09-21 20:00:21.069 [http-nio-8080-exec-8] INFO  c.v.v.service.ClientServiceImpl - Initiating delete Of Client of ID : 2 
25-09-21 20:00:24.902 [http-nio-8080-exec-9] INFO  c.v.v.service.ClientServiceImpl - Getting all the Clients from the Database. 
25-09-21 20:03:21.258 [File Watcher] INFO  o.s.b.d.a.LocalDevToolsAutoConfiguration$RestartingClassPathChangeChangedEventListener - Restarting due to 1 class path change (0 additions, 0 deletions, 1 modification) 
25-09-21 20:03:21.267 [Thread-5] INFO  o.s.b.w.e.tomcat.GracefulShutdown - Commencing graceful shutdown. Waiting for active requests to complete 
25-09-21 20:03:21.268 [tomcat-shutdown] INFO  o.a.coyote.http11.Http11NioProtocol - Pausing ProtocolHandler ["http-nio-8080"] 
25-09-21 20:03:21.291 [tomcat-shutdown] INFO  o.s.b.w.e.tomcat.GracefulShutdown - Graceful shutdown complete 
25-09-21 20:03:21.292 [Thread-5] INFO  o.a.coyote.http11.Http11NioProtocol - Stopping ProtocolHandler ["http-nio-8080"] 
25-09-21 20:03:21.297 [Thread-5] INFO  o.s.o.j.LocalContainerEntityManagerFactoryBean - Closing JPA EntityManagerFactory for persistence unit 'default' 
25-09-21 20:03:21.301 [Thread-5] INFO  com.zaxxer.hikari.HikariDataSource - HikariPool-1 - Shutdown initiated... 
25-09-21 20:03:21.303 [Thread-5] INFO  com.zaxxer.hikari.HikariDataSource - HikariPool-1 - Shutdown completed. 
25-09-21 20:03:21.434 [restartedMain] INFO  c.v.vatManager.VatManagerApplication - Starting VatManagerApplication using Java 21.0.5 with PID 23348 (D:\SpringBoot  Projects\vatManager\target\classes started by neraz in D:\SpringBoot  Projects\vatManager) 
25-09-21 20:03:21.435 [restartedMain] INFO  c.v.vatManager.VatManagerApplication - No active profile set, falling back to 1 default profile: "default" 
25-09-21 20:03:21.678 [restartedMain] INFO  o.s.d.r.c.RepositoryConfigurationDelegate - Bootstrapping Spring Data JPA repositories in DEFAULT mode. 
25-09-21 20:03:21.690 [restartedMain] INFO  o.s.d.r.c.RepositoryConfigurationDelegate - Finished Spring Data repository scanning in 10 ms. Found 1 JPA repository interface. 
25-09-21 20:03:21.804 [restartedMain] INFO  o.s.b.w.e.tomcat.TomcatWebServer - Tomcat initialized with port 8080 (http) 
25-09-21 20:03:21.805 [restartedMain] INFO  o.a.coyote.http11.Http11NioProtocol - Initializing ProtocolHandler ["http-nio-8080"] 
25-09-21 20:03:21.806 [restartedMain] INFO  o.a.catalina.core.StandardService - Starting service [Tomcat] 
25-09-21 20:03:21.806 [restartedMain] INFO  o.a.catalina.core.StandardEngine - Starting Servlet engine: [Apache Tomcat/10.1.44] 
25-09-21 20:03:21.834 [restartedMain] INFO  o.a.c.c.C.[Tomcat].[localhost].[/] - Initializing Spring embedded WebApplicationContext 
25-09-21 20:03:21.834 [restartedMain] INFO  o.s.b.w.s.c.ServletWebServerApplicationContext - Root WebApplicationContext: initialization completed in 397 ms 
25-09-21 20:03:21.870 [restartedMain] INFO  o.h.jpa.internal.util.LogHelper - HHH000204: Processing PersistenceUnitInfo [name: default] 
25-09-21 20:03:21.875 [restartedMain] INFO  o.h.c.i.RegionFactoryInitiator - HHH000026: Second-level cache disabled 
25-09-21 20:03:21.889 [restartedMain] INFO  o.s.o.j.p.SpringPersistenceUnitInfo - No LoadTimeWeaver setup: ignoring JPA class transformer 
25-09-21 20:03:21.893 [restartedMain] INFO  com.zaxxer.hikari.HikariDataSource - HikariPool-2 - Starting... 
25-09-21 20:03:21.894 [restartedMain] INFO  com.zaxxer.hikari.pool.HikariPool - HikariPool-2 - Added connection org.sqlite.jdbc4.JDBC4Connection@116f9da9 
25-09-21 20:03:21.895 [restartedMain] INFO  com.zaxxer.hikari.HikariDataSource - HikariPool-2 - Start completed. 
25-09-21 20:03:21.896 [restartedMain] INFO  o.hibernate.orm.connections.pooling - HHH10001005: Database info:
	Database JDBC URL [Connecting through datasource 'HikariDataSource (HikariPool-2)']
	Database driver: undefined/unknown
	Database version: 3.50.3
	Autocommit mode: undefined/unknown
	Isolation level: undefined/unknown
	Minimum pool size: undefined/unknown
	Maximum pool size: undefined/unknown 
25-09-21 20:03:21.958 [restartedMain] INFO  o.h.e.t.j.p.i.JtaPlatformInitiator - HHH000489: No JTA platform available (set 'hibernate.transaction.jta.platform' to enable JTA platform integration) 
25-09-21 20:03:21.960 [restartedMain] INFO  o.s.o.j.LocalContainerEntityManagerFactoryBean - Initialized JPA EntityManagerFactory for persistence unit 'default' 
25-09-21 20:03:22.051 [restartedMain] WARN  o.s.b.a.o.j.JpaBaseConfiguration$JpaWebConfiguration - spring.jpa.open-in-view is enabled by default. Therefore, database queries may be performed during view rendering. Explicitly configure spring.jpa.open-in-view to disable this warning 
25-09-21 20:03:22.171 [restartedMain] INFO  o.s.b.d.a.OptionalLiveReloadServer - LiveReload server is running on port 35729 
25-09-21 20:03:22.179 [restartedMain] INFO  o.a.coyote.http11.Http11NioProtocol - Starting ProtocolHandler ["http-nio-8080"] 
25-09-21 20:03:22.192 [restartedMain] INFO  o.s.b.w.e.tomcat.TomcatWebServer - Tomcat started on port 8080 (http) with context path '/' 
25-09-21 20:03:22.197 [restartedMain] INFO  c.v.vatManager.VatManagerApplication - Started VatManagerApplication in 0.82 seconds (process running for 19481.039) 
25-09-21 20:03:22.200 [restartedMain] INFO  o.s.b.d.a.ConditionEvaluationDeltaLoggingListener - Condition evaluation unchanged 
25-09-21 20:03:39.841 [File Watcher] INFO  o.s.b.d.a.LocalDevToolsAutoConfiguration$RestartingClassPathChangeChangedEventListener - Restarting due to 1 class path change (0 additions, 0 deletions, 1 modification) 
25-09-21 20:03:39.842 [Thread-7] INFO  o.s.b.w.e.tomcat.GracefulShutdown - Commencing graceful shutdown. Waiting for active requests to complete 
25-09-21 20:03:39.842 [tomcat-shutdown] INFO  o.a.coyote.http11.Http11NioProtocol - Pausing ProtocolHandler ["http-nio-8080"] 
25-09-21 20:03:39.861 [tomcat-shutdown] INFO  o.s.b.w.e.tomcat.GracefulShutdown - Graceful shutdown complete 
25-09-21 20:03:39.861 [Thread-7] INFO  o.a.coyote.http11.Http11NioProtocol - Stopping ProtocolHandler ["http-nio-8080"] 
25-09-21 20:03:39.863 [Thread-7] INFO  o.s.o.j.LocalContainerEntityManagerFactoryBean - Closing JPA EntityManagerFactory for persistence unit 'default' 
25-09-21 20:03:39.864 [Thread-7] INFO  com.zaxxer.hikari.HikariDataSource - HikariPool-2 - Shutdown initiated... 
25-09-21 20:03:39.865 [Thread-7] INFO  com.zaxxer.hikari.HikariDataSource - HikariPool-2 - Shutdown completed. 
25-09-21 20:03:39.927 [restartedMain] INFO  c.v.vatManager.VatManagerApplication - Starting VatManagerApplication using Java 21.0.5 with PID 23348 (D:\SpringBoot  Projects\vatManager\target\classes started by neraz in D:\SpringBoot  Projects\vatManager) 
25-09-21 20:03:39.927 [restartedMain] INFO  c.v.vatManager.VatManagerApplication - No active profile set, falling back to 1 default profile: "default" 
25-09-21 20:03:40.057 [restartedMain] INFO  o.s.d.r.c.RepositoryConfigurationDelegate - Bootstrapping Spring Data JPA repositories in DEFAULT mode. 
25-09-21 20:03:40.067 [restartedMain] INFO  o.s.d.r.c.RepositoryConfigurationDelegate - Finished Spring Data repository scanning in 8 ms. Found 1 JPA repository interface. 
25-09-21 20:03:40.129 [restartedMain] INFO  o.s.b.w.e.tomcat.TomcatWebServer - Tomcat initialized with port 8080 (http) 
25-09-21 20:03:40.129 [restartedMain] INFO  o.a.coyote.http11.Http11NioProtocol - Initializing ProtocolHandler ["http-nio-8080"] 
25-09-21 20:03:40.130 [restartedMain] INFO  o.a.catalina.core.StandardService - Starting service [Tomcat] 
25-09-21 20:03:40.130 [restartedMain] INFO  o.a.catalina.core.StandardEngine - Starting Servlet engine: [Apache Tomcat/10.1.44] 
25-09-21 20:03:40.160 [restartedMain] INFO  o.a.c.c.C.[Tomcat].[localhost].[/] - Initializing Spring embedded WebApplicationContext 
25-09-21 20:03:40.160 [restartedMain] INFO  o.s.b.w.s.c.ServletWebServerApplicationContext - Root WebApplicationContext: initialization completed in 232 ms 
25-09-21 20:03:40.185 [restartedMain] INFO  o.h.jpa.internal.util.LogHelper - HHH000204: Processing PersistenceUnitInfo [name: default] 
25-09-21 20:03:40.188 [restartedMain] INFO  o.h.c.i.RegionFactoryInitiator - HHH000026: Second-level cache disabled 
25-09-21 20:03:40.194 [restartedMain] INFO  o.s.o.j.p.SpringPersistenceUnitInfo - No LoadTimeWeaver setup: ignoring JPA class transformer 
25-09-21 20:03:40.196 [restartedMain] INFO  com.zaxxer.hikari.HikariDataSource - HikariPool-3 - Starting... 
25-09-21 20:03:40.197 [restartedMain] INFO  com.zaxxer.hikari.pool.HikariPool - HikariPool-3 - Added connection org.sqlite.jdbc4.JDBC4Connection@6a2d036d 
25-09-21 20:03:40.197 [restartedMain] INFO  com.zaxxer.hikari.HikariDataSource - HikariPool-3 - Start completed. 
25-09-21 20:03:40.198 [restartedMain] INFO  o.hibernate.orm.connections.pooling - HHH10001005: Database info:
	Database JDBC URL [Connecting through datasource 'HikariDataSource (HikariPool-3)']
	Database driver: undefined/unknown
	Database version: 3.50.3
	Autocommit mode: undefined/unknown
	Isolation level: undefined/unknown
	Minimum pool size: undefined/unknown
	Maximum pool size: undefined/unknown 
25-09-21 20:03:40.227 [restartedMain] INFO  o.h.e.t.j.p.i.JtaPlatformInitiator - HHH000489: No JTA platform available (set 'hibernate.transaction.jta.platform' to enable JTA platform integration) 
25-09-21 20:03:40.228 [restartedMain] INFO  o.s.o.j.LocalContainerEntityManagerFactoryBean - Initialized JPA EntityManagerFactory for persistence unit 'default' 
25-09-21 20:03:40.288 [restartedMain] WARN  o.s.b.a.o.j.JpaBaseConfiguration$JpaWebConfiguration - spring.jpa.open-in-view is enabled by default. Therefore, database queries may be performed during view rendering. Explicitly configure spring.jpa.open-in-view to disable this warning 
25-09-21 20:03:40.369 [restartedMain] INFO  o.s.b.d.a.OptionalLiveReloadServer - LiveReload server is running on port 35729 
25-09-21 20:03:40.376 [restartedMain] INFO  o.a.coyote.http11.Http11NioProtocol - Starting ProtocolHandler ["http-nio-8080"] 
25-09-21 20:03:40.381 [restartedMain] INFO  o.s.b.w.e.tomcat.TomcatWebServer - Tomcat started on port 8080 (http) with context path '/' 
25-09-21 20:03:40.383 [restartedMain] INFO  c.v.vatManager.VatManagerApplication - Started VatManagerApplication in 0.48 seconds (process running for 19499.226) 
25-09-21 20:03:40.385 [restartedMain] INFO  o.s.b.d.a.ConditionEvaluationDeltaLoggingListener - Condition evaluation unchanged 
25-09-21 20:03:43.017 [RMI TCP Connection(287)-127.0.0.1] INFO  o.s.b.a.SpringApplicationAdminMXBeanRegistrar$SpringApplicationAdmin - Application shutdown requested. 
25-09-21 20:03:43.017 [RMI TCP Connection(287)-127.0.0.1] INFO  o.s.b.w.e.tomcat.GracefulShutdown - Commencing graceful shutdown. Waiting for active requests to complete 
25-09-21 20:03:43.017 [tomcat-shutdown] INFO  o.a.coyote.http11.Http11NioProtocol - Pausing ProtocolHandler ["http-nio-8080"] 
25-09-21 20:03:43.035 [tomcat-shutdown] INFO  o.s.b.w.e.tomcat.GracefulShutdown - Graceful shutdown complete 
25-09-21 20:03:43.035 [RMI TCP Connection(287)-127.0.0.1] INFO  o.a.coyote.http11.Http11NioProtocol - Stopping ProtocolHandler ["http-nio-8080"] 
25-09-21 20:03:43.037 [RMI TCP Connection(287)-127.0.0.1] INFO  o.s.o.j.LocalContainerEntityManagerFactoryBean - Closing JPA EntityManagerFactory for persistence unit 'default' 
25-09-21 20:03:43.037 [RMI TCP Connection(287)-127.0.0.1] INFO  com.zaxxer.hikari.HikariDataSource - HikariPool-3 - Shutdown initiated... 
25-09-21 20:03:43.038 [RMI TCP Connection(287)-127.0.0.1] INFO  com.zaxxer.hikari.HikariDataSource - HikariPool-3 - Shutdown completed. 
25-09-21 20:03:48.483 [background-preinit] INFO  o.h.validator.internal.util.Version - HV000001: Hibernate Validator 8.0.3.Final 
25-09-21 20:03:48.523 [restartedMain] INFO  c.v.vatManager.VatManagerApplication - Starting VatManagerApplication using Java 21.0.5 with PID 4872 (D:\SpringBoot  Projects\vatManager\target\classes started by neraz in D:\SpringBoot  Projects\vatManager) 
25-09-21 20:03:48.524 [restartedMain] INFO  c.v.vatManager.VatManagerApplication - No active profile set, falling back to 1 default profile: "default" 
25-09-21 20:03:48.559 [restartedMain] INFO  o.s.b.d.e.DevToolsPropertyDefaultsPostProcessor - Devtools property defaults active! Set 'spring.devtools.add-properties' to 'false' to disable 
25-09-21 20:03:48.559 [restartedMain] INFO  o.s.b.d.e.DevToolsPropertyDefaultsPostProcessor - For additional web related logging consider setting the 'logging.level.web' property to 'DEBUG' 
25-09-21 20:03:49.076 [restartedMain] INFO  o.s.d.r.c.RepositoryConfigurationDelegate - Bootstrapping Spring Data JPA repositories in DEFAULT mode. 
25-09-21 20:03:49.124 [restartedMain] INFO  o.s.d.r.c.RepositoryConfigurationDelegate - Finished Spring Data repository scanning in 40 ms. Found 1 JPA repository interface. 
25-09-21 20:03:49.557 [restartedMain] INFO  o.s.b.w.e.tomcat.TomcatWebServer - Tomcat initialized with port 8080 (http) 
25-09-21 20:03:49.567 [restartedMain] INFO  o.a.coyote.http11.Http11NioProtocol - Initializing ProtocolHandler ["http-nio-8080"] 
25-09-21 20:03:49.569 [restartedMain] INFO  o.a.catalina.core.StandardService - Starting service [Tomcat] 
25-09-21 20:03:49.569 [restartedMain] INFO  o.a.catalina.core.StandardEngine - Starting Servlet engine: [Apache Tomcat/10.1.44] 
25-09-21 20:03:49.619 [restartedMain] INFO  o.a.c.c.C.[Tomcat].[localhost].[/] - Initializing Spring embedded WebApplicationContext 
25-09-21 20:03:49.619 [restartedMain] INFO  o.s.b.w.s.c.ServletWebServerApplicationContext - Root WebApplicationContext: initialization completed in 1060 ms 
25-09-21 20:03:49.771 [restartedMain] INFO  o.h.jpa.internal.util.LogHelper - HHH000204: Processing PersistenceUnitInfo [name: default] 
25-09-21 20:03:49.813 [restartedMain] INFO  org.hibernate.Version - HHH000412: Hibernate ORM core version 6.6.26.Final 
25-09-21 20:03:49.841 [restartedMain] INFO  o.h.c.i.RegionFactoryInitiator - HHH000026: Second-level cache disabled 
25-09-21 20:03:50.109 [restartedMain] INFO  o.s.o.j.p.SpringPersistenceUnitInfo - No LoadTimeWeaver setup: ignoring JPA class transformer 
25-09-21 20:03:50.147 [restartedMain] INFO  com.zaxxer.hikari.HikariDataSource - HikariPool-1 - Starting... 
25-09-21 20:03:50.342 [restartedMain] INFO  com.zaxxer.hikari.pool.HikariPool - HikariPool-1 - Added connection org.sqlite.jdbc4.JDBC4Connection@69832844 
25-09-21 20:03:50.343 [restartedMain] INFO  com.zaxxer.hikari.HikariDataSource - HikariPool-1 - Start completed. 
25-09-21 20:03:50.376 [restartedMain] INFO  o.hibernate.orm.connections.pooling - HHH10001005: Database info:
	Database JDBC URL [Connecting through datasource 'HikariDataSource (HikariPool-1)']
	Database driver: undefined/unknown
	Database version: 3.50.3
	Autocommit mode: undefined/unknown
	Isolation level: undefined/unknown
	Minimum pool size: undefined/unknown
	Maximum pool size: undefined/unknown 
25-09-21 20:03:51.024 [restartedMain] INFO  o.h.e.t.j.p.i.JtaPlatformInitiator - HHH000489: No JTA platform available (set 'hibernate.transaction.jta.platform' to enable JTA platform integration) 
25-09-21 20:03:51.057 [restartedMain] INFO  o.s.o.j.LocalContainerEntityManagerFactoryBean - Initialized JPA EntityManagerFactory for persistence unit 'default' 
25-09-21 20:03:51.252 [restartedMain] WARN  o.s.b.a.o.j.JpaBaseConfiguration$JpaWebConfiguration - spring.jpa.open-in-view is enabled by default. Therefore, database queries may be performed during view rendering. Explicitly configure spring.jpa.open-in-view to disable this warning 
25-09-21 20:03:51.608 [restartedMain] INFO  o.s.b.d.a.OptionalLiveReloadServer - LiveReload server is running on port 35729 
25-09-21 20:03:51.627 [restartedMain] INFO  o.a.coyote.http11.Http11NioProtocol - Starting ProtocolHandler ["http-nio-8080"] 
25-09-21 20:03:51.659 [restartedMain] INFO  o.s.b.w.e.tomcat.TomcatWebServer - Tomcat started on port 8080 (http) with context path '/' 
25-09-21 20:03:51.666 [restartedMain] INFO  c.v.vatManager.VatManagerApplication - Started VatManagerApplication in 3.431 seconds (process running for 7.255) 
25-09-21 20:04:40.355 [http-nio-8080-exec-1] INFO  o.a.c.c.C.[Tomcat].[localhost].[/] - Initializing Spring DispatcherServlet 'dispatcherServlet' 
25-09-21 20:04:40.356 [http-nio-8080-exec-1] INFO  o.s.web.servlet.DispatcherServlet - Initializing Servlet 'dispatcherServlet' 
25-09-21 20:04:40.357 [http-nio-8080-exec-1] INFO  o.s.web.servlet.DispatcherServlet - Completed initialization in 1 ms 
25-09-21 20:04:40.443 [http-nio-8080-exec-1] INFO  c.v.v.service.ClientServiceImpl - Getting all the Clients from the Database. 
25-09-21 20:04:40.958 [http-nio-8080-exec-2] INFO  c.v.v.service.ClientServiceImpl - Getting all the Clients from the Database. 
25-09-21 20:04:56.227 [http-nio-8080-exec-3] INFO  c.v.v.service.ClientServiceImpl - Getting all the Clients from the Database. 
25-09-21 20:04:56.228 [http-nio-8080-exec-4] INFO  c.v.v.service.ClientServiceImpl - Getting all the Clients from the Database. 
25-09-21 20:11:54.433 [http-nio-8080-exec-7] INFO  c.v.v.service.ClientServiceImpl - Getting all the Clients from the Database. 
25-09-21 20:11:54.437 [http-nio-8080-exec-8] INFO  c.v.v.service.ClientServiceImpl - Getting all the Clients from the Database. 
25-09-21 20:13:19.469 [http-nio-8080-exec-2] INFO  c.v.v.service.ClientServiceImpl - Getting all the Clients from the Database. 
25-09-21 20:13:19.469 [http-nio-8080-exec-1] INFO  c.v.v.service.ClientServiceImpl - Getting all the Clients from the Database. 
25-09-21 20:13:43.962 [http-nio-8080-exec-3] INFO  c.v.v.service.ClientServiceImpl - Getting all the Clients from the Database. 
25-09-21 20:13:43.965 [http-nio-8080-exec-4] INFO  c.v.v.service.ClientServiceImpl - Getting all the Clients from the Database. 
25-09-21 20:17:43.005 [http-nio-8080-exec-7] INFO  c.v.v.service.ClientServiceImpl - Getting all the Clients from the Database. 
25-09-21 20:17:43.005 [http-nio-8080-exec-8] INFO  c.v.v.service.ClientServiceImpl - Getting all the Clients from the Database. 
25-09-21 20:19:07.405 [http-nio-8080-exec-2] INFO  c.v.v.service.ClientServiceImpl - Getting all the Clients from the Database. 
25-09-21 20:19:07.406 [http-nio-8080-exec-1] INFO  c.v.v.service.ClientServiceImpl - Getting all the Clients from the Database. 
25-09-21 20:19:20.321 [http-nio-8080-exec-3] INFO  c.v.v.service.ClientServiceImpl - Getting all the Clients from the Database. 
25-09-21 20:19:20.321 [http-nio-8080-exec-4] INFO  c.v.v.service.ClientServiceImpl - Getting all the Clients from the Database. 
25-09-21 20:21:07.902 [http-nio-8080-exec-8] INFO  c.v.v.service.ClientServiceImpl - Getting all the Clients from the Database. 
25-09-21 20:22:05.170 [http-nio-8080-exec-10] INFO  c.v.v.service.ClientServiceImpl - Getting all the Clients from the Database. 
25-09-21 20:38:17.311 [http-nio-8080-exec-5] INFO  c.v.v.service.ClientServiceImpl - Getting all the Clients from the Database. 
25-09-21 20:38:17.311 [http-nio-8080-exec-3] INFO  c.v.v.service.ClientServiceImpl - Getting all the Clients from the Database. 
25-09-21 20:38:31.284 [http-nio-8080-exec-6] INFO  c.v.v.service.ClientServiceImpl - Getting all the Clients from the Database. 
25-09-21 20:38:31.285 [http-nio-8080-exec-8] INFO  c.v.v.service.ClientServiceImpl - Getting all the Clients from the Database. 
25-09-21 20:38:34.154 [http-nio-8080-exec-7] INFO  c.v.v.service.ClientServiceImpl - Getting all the Clients from the Database. 
25-09-21 20:38:34.155 [http-nio-8080-exec-9] INFO  c.v.v.service.ClientServiceImpl - Getting all the Clients from the Database. 
25-09-21 20:38:40.337 [http-nio-8080-exec-1] INFO  c.v.v.service.ClientServiceImpl - Getting all the Clients from the Database. 
25-09-21 20:38:40.337 [http-nio-8080-exec-10] INFO  c.v.v.service.ClientServiceImpl - Getting all the Clients from the Database. 
25-09-21 20:38:46.469 [http-nio-8080-exec-2] INFO  c.v.v.service.ClientServiceImpl - Getting all the Clients from the Database. 
25-09-21 20:38:46.469 [http-nio-8080-exec-4] INFO  c.v.v.service.ClientServiceImpl - Getting all the Clients from the Database. 
25-09-21 20:38:48.564 [http-nio-8080-exec-5] INFO  c.v.v.service.ClientServiceImpl - Getting all the Clients from the Database. 
25-09-21 20:38:48.565 [http-nio-8080-exec-3] INFO  c.v.v.service.ClientServiceImpl - Getting all the Clients from the Database. 
25-09-21 20:39:04.517 [http-nio-8080-exec-8] INFO  c.v.v.service.ClientServiceImpl - Getting all the Clients from the Database. 
25-09-21 20:39:04.517 [http-nio-8080-exec-6] INFO  c.v.v.service.ClientServiceImpl - Getting all the Clients from the Database. 
25-09-21 20:39:06.739 [http-nio-8080-exec-7] INFO  c.v.v.service.ClientServiceImpl - Getting all the Clients from the Database. 
25-09-21 20:39:07.346 [http-nio-8080-exec-9] INFO  c.v.v.service.ClientServiceImpl - Getting all the Clients from the Database. 
25-09-21 20:39:12.032 [http-nio-8080-exec-10] INFO  c.v.v.service.ClientServiceImpl - Getting all the Clients from the Database. 
25-09-21 20:39:12.032 [http-nio-8080-exec-1] INFO  c.v.v.service.ClientServiceImpl - Getting all the Clients from the Database. 
25-09-21 20:39:19.522 [http-nio-8080-exec-4] INFO  c.v.v.service.ClientServiceImpl - Getting all the Clients from the Database. 
25-09-21 20:39:19.522 [http-nio-8080-exec-2] INFO  c.v.v.service.ClientServiceImpl - Getting all the Clients from the Database. 
25-09-21 20:39:48.791 [http-nio-8080-exec-5] INFO  c.v.v.service.ClientServiceImpl - Getting all the Clients from the Database. 
25-09-21 20:39:48.792 [http-nio-8080-exec-3] INFO  c.v.v.service.ClientServiceImpl - Getting all the Clients from the Database. 
25-09-21 20:39:50.864 [http-nio-8080-exec-6] INFO  c.v.v.service.ClientServiceImpl - Getting all the Clients from the Database. 
25-09-21 20:39:50.867 [http-nio-8080-exec-8] INFO  c.v.v.service.ClientServiceImpl - Getting all the Clients from the Database. 
25-09-21 20:40:05.396 [http-nio-8080-exec-7] INFO  c.v.v.service.ClientServiceImpl - Getting all the Clients from the Database. 
25-09-21 20:40:05.398 [http-nio-8080-exec-9] INFO  c.v.v.service.ClientServiceImpl - Getting all the Clients from the Database. 
25-09-21 20:41:21.586 [http-nio-8080-exec-4] INFO  c.v.v.service.ClientServiceImpl - Getting all the Clients from the Database. 
25-09-21 20:41:21.587 [http-nio-8080-exec-2] INFO  c.v.v.service.ClientServiceImpl - Getting all the Clients from the Database. 
25-09-21 20:41:45.130 [http-nio-8080-exec-5] INFO  c.v.v.service.ClientServiceImpl - Getting all the Clients from the Database. 
25-09-21 20:41:45.130 [http-nio-8080-exec-3] INFO  c.v.v.service.ClientServiceImpl - Getting all the Clients from the Database. 
25-09-21 20:42:05.036 [http-nio-8080-exec-6] INFO  c.v.v.service.ClientServiceImpl - Getting all the Clients from the Database. 
25-09-21 20:42:05.037 [http-nio-8080-exec-8] INFO  c.v.v.service.ClientServiceImpl - Getting all the Clients from the Database. 
25-09-21 20:42:18.774 [http-nio-8080-exec-7] INFO  c.v.v.service.ClientServiceImpl - Getting all the Clients from the Database. 
25-09-21 20:42:18.775 [http-nio-8080-exec-9] INFO  c.v.v.service.ClientServiceImpl - Getting all the Clients from the Database. 
25-09-21 20:42:35.421 [http-nio-8080-exec-1] INFO  c.v.v.service.ClientServiceImpl - Getting all the Clients from the Database. 
25-09-21 20:42:35.421 [http-nio-8080-exec-10] INFO  c.v.v.service.ClientServiceImpl - Getting all the Clients from the Database. 
25-09-21 20:43:08.427 [http-nio-8080-exec-2] INFO  c.v.v.service.ClientServiceImpl - Getting all the Clients from the Database. 
25-09-21 20:43:08.429 [http-nio-8080-exec-4] INFO  c.v.v.service.ClientServiceImpl - Getting all the Clients from the Database. 
25-09-21 20:43:10.428 [http-nio-8080-exec-3] INFO  c.v.v.service.ClientServiceImpl - Getting all the Clients from the Database. 
25-09-21 20:43:10.429 [http-nio-8080-exec-5] INFO  c.v.v.service.ClientServiceImpl - Getting all the Clients from the Database. 
25-09-21 20:43:11.464 [http-nio-8080-exec-6] INFO  c.v.v.service.ClientServiceImpl - Getting all the Clients from the Database. 
25-09-21 20:43:11.465 [http-nio-8080-exec-8] INFO  c.v.v.service.ClientServiceImpl - Getting all the Clients from the Database. 
25-09-21 20:43:18.419 [http-nio-8080-exec-7] INFO  c.v.v.service.ClientServiceImpl - Getting all the Clients from the Database. 
25-09-21 20:43:18.421 [http-nio-8080-exec-9] INFO  c.v.v.service.ClientServiceImpl - Getting all the Clients from the Database. 
25-09-21 20:43:20.798 [http-nio-8080-exec-10] INFO  c.v.v.service.ClientServiceImpl - Getting all the Clients from the Database. 
25-09-21 20:43:20.799 [http-nio-8080-exec-1] INFO  c.v.v.service.ClientServiceImpl - Getting all the Clients from the Database. 
25-09-21 20:43:22.083 [http-nio-8080-exec-2] INFO  c.v.v.service.ClientServiceImpl - Getting all the Clients from the Database. 
25-09-21 20:43:22.084 [http-nio-8080-exec-4] INFO  c.v.v.service.ClientServiceImpl - Getting all the Clients from the Database. 
25-09-21 20:46:09.850 [http-nio-8080-exec-8] INFO  c.v.v.service.ClientServiceImpl - Getting all the Clients from the Database. 
25-09-21 20:46:09.850 [http-nio-8080-exec-6] INFO  c.v.v.service.ClientServiceImpl - Getting all the Clients from the Database. 
25-09-21 20:46:16.164 [http-nio-8080-exec-7] INFO  c.v.v.service.ClientServiceImpl - Getting all the Clients from the Database. 
25-09-21 20:46:16.165 [http-nio-8080-exec-9] INFO  c.v.v.service.ClientServiceImpl - Getting all the Clients from the Database. 
25-09-21 20:46:26.516 [http-nio-8080-exec-10] INFO  c.v.v.service.ClientServiceImpl - Getting all the Clients from the Database. 
25-09-21 20:46:26.517 [http-nio-8080-exec-1] INFO  c.v.v.service.ClientServiceImpl - Getting all the Clients from the Database. 
25-09-21 20:46:43.225 [http-nio-8080-exec-2] INFO  c.v.v.service.ClientServiceImpl - Getting all the Clients from the Database. 
25-09-21 20:46:43.225 [http-nio-8080-exec-4] INFO  c.v.v.service.ClientServiceImpl - Getting all the Clients from the Database. 
25-09-21 20:46:46.323 [http-nio-8080-exec-5] INFO  c.v.v.service.ClientServiceImpl - Getting all the Clients from the Database. 
25-09-21 20:46:46.327 [http-nio-8080-exec-3] INFO  c.v.v.service.ClientServiceImpl - Getting all the Clients from the Database. 
25-09-21 20:47:58.938 [http-nio-8080-exec-7] INFO  c.v.v.service.ClientServiceImpl - Getting all the Clients from the Database. 
25-09-21 20:47:58.941 [http-nio-8080-exec-9] INFO  c.v.v.service.ClientServiceImpl - Getting all the Clients from the Database. 
25-09-21 20:49:12.855 [http-nio-8080-exec-2] INFO  c.v.v.service.ClientServiceImpl - Getting all the Clients from the Database. 
25-09-21 20:49:12.856 [http-nio-8080-exec-4] INFO  c.v.v.service.ClientServiceImpl - Getting all the Clients from the Database. 
25-09-21 20:50:12.636 [http-nio-8080-exec-3] INFO  c.v.v.service.ClientServiceImpl - Getting all the Clients from the Database. 
25-09-21 20:50:12.698 [http-nio-8080-exec-6] INFO  c.v.v.service.ClientServiceImpl - Getting all the Clients from the Database. 
25-09-21 20:50:26.523 [http-nio-8080-exec-8] WARN  o.s.w.s.m.s.DefaultHandlerExceptionResolver - Resolved [org.springframework.http.converter.HttpMessageNotReadableException: JSON parse error: Cannot deserialize value of type `java.lang.Integer` from String "0asfas": not a valid `java.lang.Integer` value] 
25-09-21 20:52:43.640 [http-nio-8080-exec-10] INFO  c.v.v.service.ClientServiceImpl - Getting all the Clients from the Database. 
25-09-21 20:52:43.670 [http-nio-8080-exec-2] INFO  c.v.v.service.ClientServiceImpl - Getting all the Clients from the Database. 
25-09-21 20:52:45.858 [http-nio-8080-exec-4] INFO  c.v.v.service.ClientServiceImpl - Getting all the Clients from the Database. 
25-09-21 20:52:45.867 [http-nio-8080-exec-5] INFO  c.v.v.service.ClientServiceImpl - Getting all the Clients from the Database. 
25-09-21 20:52:58.527 [http-nio-8080-exec-8] INFO  c.v.v.service.ClientServiceImpl - Getting all the Clients from the Database. 
25-09-21 20:53:06.068 [http-nio-8080-exec-9] INFO  c.v.v.service.ClientServiceImpl - Getting all the Clients from the Database. 
25-09-21 20:54:07.251 [http-nio-8080-exec-10] INFO  c.v.v.service.ClientServiceImpl - Getting all the Clients from the Database. 
25-09-21 20:54:07.257 [http-nio-8080-exec-2] INFO  c.v.v.service.ClientServiceImpl - Getting all the Clients from the Database. 
25-09-21 20:54:19.947 [http-nio-8080-exec-5] INFO  c.v.v.service.ClientServiceImpl - Getting all the Clients from the Database. 
25-09-21 20:54:33.048 [http-nio-8080-exec-6] INFO  c.v.v.service.ClientServiceImpl - Getting all the Clients from the Database. 
25-09-21 20:54:36.962 [http-nio-8080-exec-7] INFO  c.v.v.service.ClientServiceImpl - Getting all the Clients from the Database. 
25-09-21 20:54:46.467 [http-nio-8080-exec-1] INFO  c.v.v.service.ClientServiceImpl - Getting all the Clients from the Database. 
25-09-21 20:55:08.442 [http-nio-8080-exec-2] INFO  c.v.v.service.ClientServiceImpl - Initiating delete Of Client of ID : 9 
25-09-21 20:55:08.471 [http-nio-8080-exec-4] INFO  c.v.v.service.ClientServiceImpl - Getting all the Clients from the Database. 
25-09-21 20:57:18.836 [http-nio-8080-exec-3] INFO  c.v.v.service.ClientServiceImpl - Getting all the Clients from the Database. 
25-09-21 20:57:18.844 [http-nio-8080-exec-6] INFO  c.v.v.service.ClientServiceImpl - Getting all the Clients from the Database. 
25-09-21 21:00:24.456 [http-nio-8080-exec-7] INFO  c.v.v.service.ClientServiceImpl - Getting all the Clients from the Database. 
25-09-21 21:00:24.469 [http-nio-8080-exec-9] INFO  c.v.v.service.ClientServiceImpl - Getting all the Clients from the Database. 
25-09-21 21:00:28.737 [http-nio-8080-exec-1] INFO  c.v.v.service.ClientServiceImpl - Getting all the Clients from the Database. 
25-09-21 21:00:28.771 [http-nio-8080-exec-10] INFO  c.v.v.service.ClientServiceImpl - Getting all the Clients from the Database. 
25-09-21 21:00:56.965 [http-nio-8080-exec-2] INFO  c.v.v.service.ClientServiceImpl - Getting all the Clients from the Database. 
25-09-21 21:00:56.966 [http-nio-8080-exec-4] INFO  c.v.v.service.ClientServiceImpl - Getting all the Clients from the Database. 
25-09-21 21:02:34.553 [http-nio-8080-exec-6] INFO  c.v.v.service.ClientServiceImpl - Getting all the Clients from the Database. 
25-09-21 21:02:34.558 [http-nio-8080-exec-8] INFO  c.v.v.service.ClientServiceImpl - Getting all the Clients from the Database. 
25-09-21 21:02:38.448 [http-nio-8080-exec-7] INFO  c.v.v.service.ClientServiceImpl - Getting all the Clients from the Database. 
25-09-21 21:02:38.449 [http-nio-8080-exec-9] INFO  c.v.v.service.ClientServiceImpl - Getting all the Clients from the Database. 
25-09-21 21:02:59.667 [http-nio-8080-exec-10] INFO  c.v.v.service.ClientServiceImpl - Getting all the Clients from the Database. 
25-09-21 21:04:08.654 [http-nio-8080-exec-5] INFO  c.v.v.service.ClientServiceImpl - Getting all the Clients from the Database. 
25-09-21 21:04:08.767 [http-nio-8080-exec-3] INFO  c.v.v.service.ClientServiceImpl - Getting all the Clients from the Database. 
25-09-21 21:04:11.276 [http-nio-8080-exec-6] INFO  c.v.v.service.ClientServiceImpl - Getting all the Clients from the Database. 
25-09-21 21:04:11.283 [http-nio-8080-exec-8] INFO  c.v.v.service.ClientServiceImpl - Getting all the Clients from the Database. 
25-09-21 21:04:22.209 [http-nio-8080-exec-7] INFO  c.v.v.service.ClientServiceImpl - Getting all the Clients from the Database. 
25-09-21 21:04:22.237 [http-nio-8080-exec-9] INFO  c.v.v.service.ClientServiceImpl - Getting all the Clients from the Database. 
25-09-21 21:04:23.519 [http-nio-8080-exec-1] INFO  c.v.v.service.ClientServiceImpl - Getting all the Clients from the Database. 
25-09-21 21:04:25.220 [http-nio-8080-exec-10] INFO  c.v.v.service.ClientServiceImpl - Getting all the Clients from the Database. 
25-09-21 21:05:16.580 [http-nio-8080-exec-4] INFO  c.v.v.service.ClientServiceImpl - Getting all the Clients from the Database. 
25-09-21 21:05:16.590 [http-nio-8080-exec-2] INFO  c.v.v.service.ClientServiceImpl - Getting all the Clients from the Database. 
25-09-21 21:05:51.696 [http-nio-8080-exec-5] INFO  c.v.v.service.ClientServiceImpl - Getting all the Clients from the Database. 
25-09-21 21:05:51.707 [http-nio-8080-exec-3] INFO  c.v.v.service.ClientServiceImpl - Getting all the Clients from the Database. 
25-09-21 21:06:00.512 [http-nio-8080-exec-6] INFO  c.v.v.service.ClientServiceImpl - Getting all the Clients from the Database. 
25-09-21 21:06:00.579 [http-nio-8080-exec-8] INFO  c.v.v.service.ClientServiceImpl - Getting all the Clients from the Database. 
25-09-21 21:06:25.667 [http-nio-8080-exec-7] INFO  c.v.v.service.ClientServiceImpl - Getting all the Clients from the Database. 
25-09-21 21:06:25.775 [http-nio-8080-exec-9] INFO  c.v.v.service.ClientServiceImpl - Getting all the Clients from the Database. 
25-09-21 21:06:32.228 [http-nio-8080-exec-1] INFO  c.v.v.service.ClientServiceImpl - Getting all the Clients from the Database. 
25-09-21 21:06:32.290 [http-nio-8080-exec-10] INFO  c.v.v.service.ClientServiceImpl - Getting all the Clients from the Database. 
25-09-21 21:06:35.601 [http-nio-8080-exec-4] INFO  c.v.v.service.ClientServiceImpl - Getting all the Clients from the Database. 
25-09-21 21:06:38.375 [http-nio-8080-exec-2] INFO  c.v.v.service.ClientServiceImpl - Getting all the Clients from the Database. 
25-09-21 21:08:03.067 [http-nio-8080-exec-6] INFO  c.v.v.service.ClientServiceImpl - Getting all the Clients from the Database. 
25-09-21 21:08:03.226 [http-nio-8080-exec-8] INFO  c.v.v.service.ClientServiceImpl - Getting all the Clients from the Database. 
25-09-21 21:08:07.666 [http-nio-8080-exec-7] INFO  c.v.v.service.ClientServiceImpl - Getting all the Clients from the Database. 
25-09-21 21:08:07.708 [http-nio-8080-exec-9] INFO  c.v.v.service.ClientServiceImpl - Getting all the Clients from the Database. 
25-09-21 21:08:10.334 [http-nio-8080-exec-1] INFO  c.v.v.service.ClientServiceImpl - Getting all the Clients from the Database. 
25-09-21 21:08:26.476 [http-nio-8080-exec-10] INFO  c.v.v.service.ClientServiceImpl - Getting all the Clients from the Database. 
25-09-21 21:08:26.484 [http-nio-8080-exec-4] INFO  c.v.v.service.ClientServiceImpl - Getting all the Clients from the Database. 
25-09-21 21:08:28.620 [http-nio-8080-exec-2] INFO  c.v.v.service.ClientServiceImpl - Getting all the Clients from the Database. 
25-09-21 21:08:37.120 [http-nio-8080-exec-5] INFO  c.v.v.service.ClientServiceImpl - Getting all the Clients from the Database. 
25-09-21 21:08:37.181 [http-nio-8080-exec-3] INFO  c.v.v.service.ClientServiceImpl - Getting all the Clients from the Database. 
25-09-21 21:09:02.679 [http-nio-8080-exec-6] INFO  c.v.v.service.ClientServiceImpl - Getting all the Clients from the Database. 
25-09-21 21:09:02.689 [http-nio-8080-exec-8] INFO  c.v.v.service.ClientServiceImpl - Getting all the Clients from the Database. 
25-09-21 21:09:12.715 [http-nio-8080-exec-7] INFO  c.v.v.service.ClientServiceImpl - Getting all the Clients from the Database. 
25-09-21 21:09:12.817 [http-nio-8080-exec-9] INFO  c.v.v.service.ClientServiceImpl - Getting all the Clients from the Database. 
25-09-21 21:09:14.620 [http-nio-8080-exec-1] INFO  c.v.v.service.ClientServiceImpl - Getting all the Clients from the Database. 
25-09-21 21:11:38.418 [http-nio-8080-exec-4] INFO  c.v.v.service.ClientServiceImpl - Getting all the Clients from the Database. 
25-09-21 21:11:38.418 [http-nio-8080-exec-2] INFO  c.v.v.service.ClientServiceImpl - Getting all the Clients from the Database. 
25-09-21 21:11:42.554 [http-nio-8080-exec-5] INFO  c.v.v.service.ClientServiceImpl - Getting all the Clients from the Database. 
25-09-21 21:11:42.555 [http-nio-8080-exec-3] INFO  c.v.v.service.ClientServiceImpl - Getting all the Clients from the Database. 
25-09-21 21:12:55.887 [http-nio-8080-exec-7] INFO  c.v.v.service.ClientServiceImpl - Getting all the Clients from the Database. 
25-09-21 21:12:55.908 [http-nio-8080-exec-9] INFO  c.v.v.service.ClientServiceImpl - Getting all the Clients from the Database. 
25-09-21 21:12:58.208 [http-nio-8080-exec-1] INFO  c.v.v.service.ClientServiceImpl - Getting all the Clients from the Database. 
25-09-21 21:13:09.453 [http-nio-8080-exec-10] INFO  c.v.v.service.ClientServiceImpl - Getting all the Clients from the Database. 
25-09-21 21:13:10.085 [http-nio-8080-exec-4] INFO  c.v.v.service.ClientServiceImpl - Getting all the Clients from the Database. 
25-09-21 21:13:11.603 [http-nio-8080-exec-2] INFO  c.v.v.service.ClientServiceImpl - Getting all the Clients from the Database. 
25-09-21 21:13:42.880 [http-nio-8080-exec-5] INFO  c.v.v.service.ClientServiceImpl - Getting all the Clients from the Database. 
25-09-21 21:13:42.883 [http-nio-8080-exec-3] INFO  c.v.v.service.ClientServiceImpl - Getting all the Clients from the Database. 
25-09-21 21:13:47.833 [http-nio-8080-exec-6] INFO  c.v.v.service.ClientServiceImpl - Getting all the Clients from the Database. 
25-09-21 21:13:48.958 [http-nio-8080-exec-8] INFO  c.v.v.service.ClientServiceImpl - Getting all the Clients from the Database. 
25-09-21 21:13:53.679 [http-nio-8080-exec-7] INFO  c.v.v.service.ClientServiceImpl - Getting all the Clients from the Database. 
25-09-21 21:13:54.837 [http-nio-8080-exec-9] INFO  c.v.v.service.ClientServiceImpl - Getting all the Clients from the Database. 
25-09-21 21:14:05.337 [http-nio-8080-exec-1] INFO  c.v.v.service.ClientServiceImpl - Getting all the Clients from the Database. 
25-09-21 21:14:06.487 [http-nio-8080-exec-10] INFO  c.v.v.service.ClientServiceImpl - Getting all the Clients from the Database. 
25-09-21 21:14:08.297 [http-nio-8080-exec-4] INFO  c.v.v.service.ClientServiceImpl - Getting all the Clients from the Database. 
25-09-21 21:14:10.552 [http-nio-8080-exec-2] INFO  c.v.v.service.ClientServiceImpl - Getting all the Clients from the Database. 
25-09-21 21:14:13.805 [http-nio-8080-exec-5] INFO  c.v.v.service.ClientServiceImpl - Getting all the Clients from the Database. 
25-09-21 21:14:14.198 [http-nio-8080-exec-3] INFO  c.v.v.service.ClientServiceImpl - Getting all the Clients from the Database. 
25-09-21 21:14:16.023 [http-nio-8080-exec-6] INFO  c.v.v.service.ClientServiceImpl - Getting all the Clients from the Database. 
25-09-21 21:14:52.016 [RMI TCP Connection(80)-127.0.0.1] INFO  o.s.b.a.SpringApplicationAdminMXBeanRegistrar$SpringApplicationAdmin - Application shutdown requested. 
25-09-21 21:14:52.019 [RMI TCP Connection(80)-127.0.0.1] INFO  o.s.b.w.e.tomcat.GracefulShutdown - Commencing graceful shutdown. Waiting for active requests to complete 
25-09-21 21:14:52.020 [tomcat-shutdown] INFO  o.a.coyote.http11.Http11NioProtocol - Pausing ProtocolHandler ["http-nio-8080"] 
25-09-21 21:14:52.040 [tomcat-shutdown] INFO  o.s.b.w.e.tomcat.GracefulShutdown - Graceful shutdown complete 
25-09-21 21:14:52.041 [RMI TCP Connection(80)-127.0.0.1] INFO  o.a.coyote.http11.Http11NioProtocol - Stopping ProtocolHandler ["http-nio-8080"] 
25-09-21 21:14:52.044 [RMI TCP Connection(80)-127.0.0.1] INFO  o.s.o.j.LocalContainerEntityManagerFactoryBean - Closing JPA EntityManagerFactory for persistence unit 'default' 
25-09-21 21:14:52.047 [RMI TCP Connection(80)-127.0.0.1] INFO  com.zaxxer.hikari.HikariDataSource - HikariPool-1 - Shutdown initiated... 
25-09-21 21:14:52.049 [RMI TCP Connection(80)-127.0.0.1] INFO  com.zaxxer.hikari.HikariDataSource - HikariPool-1 - Shutdown completed. 
