25-09-25 17:24:15.739 [background-preinit] INFO  o.h.validator.internal.util.Version - HV000001: Hibernate Validator 8.0.3.Final 
25-09-25 17:24:15.785 [restartedMain] INFO  c.v.vatManager.VatManagerApplication - Starting VatManagerApplication using Java 21.0.5 with PID 21228 (D:\SpringBoot  Projects\vatManager\target\classes started by neraz in D:\SpringBoot  Projects\vatManager) 
25-09-25 17:24:15.785 [restartedMain] INFO  c.v.vatManager.VatManagerApplication - No active profile set, falling back to 1 default profile: "default" 
25-09-25 17:24:15.832 [restartedMain] INFO  o.s.b.d.e.DevToolsPropertyDefaultsPostProcessor - Devtools property defaults active! Set 'spring.devtools.add-properties' to 'false' to disable 
25-09-25 17:24:15.832 [restartedMain] INFO  o.s.b.d.e.DevToolsPropertyDefaultsPostProcessor - For additional web related logging consider setting the 'logging.level.web' property to 'DEBUG' 
25-09-25 17:24:16.600 [restartedMain] INFO  o.s.d.r.c.RepositoryConfigurationDelegate - Bootstrapping Spring Data JPA repositories in DEFAULT mode. 
25-09-25 17:24:16.650 [restartedMain] INFO  o.s.d.r.c.RepositoryConfigurationDelegate - Finished Spring Data repository scanning in 41 ms. Found 1 JPA repository interface. 
25-09-25 17:24:17.129 [restartedMain] INFO  o.s.b.w.e.tomcat.TomcatWebServer - Tomcat initialized with port 8080 (http) 
25-09-25 17:24:17.140 [restartedMain] INFO  o.a.coyote.http11.Http11NioProtocol - Initializing ProtocolHandler ["http-nio-8080"] 
25-09-25 17:24:17.142 [restartedMain] INFO  o.a.catalina.core.StandardService - Starting service [Tomcat] 
25-09-25 17:24:17.142 [restartedMain] INFO  o.a.catalina.core.StandardEngine - Starting Servlet engine: [Apache Tomcat/10.1.44] 
25-09-25 17:24:17.194 [restartedMain] INFO  o.a.c.c.C.[Tomcat].[localhost].[/] - Initializing Spring embedded WebApplicationContext 
25-09-25 17:24:17.195 [restartedMain] INFO  o.s.b.w.s.c.ServletWebServerApplicationContext - Root WebApplicationContext: initialization completed in 1362 ms 
25-09-25 17:24:17.348 [restartedMain] INFO  o.h.jpa.internal.util.LogHelper - HHH000204: Processing PersistenceUnitInfo [name: default] 
25-09-25 17:24:17.412 [restartedMain] INFO  org.hibernate.Version - HHH000412: Hibernate ORM core version 6.6.26.Final 
25-09-25 17:24:17.447 [restartedMain] INFO  o.h.c.i.RegionFactoryInitiator - HHH000026: Second-level cache disabled 
25-09-25 17:24:17.719 [restartedMain] INFO  o.s.o.j.p.SpringPersistenceUnitInfo - No LoadTimeWeaver setup: ignoring JPA class transformer 
25-09-25 17:24:17.750 [restartedMain] INFO  com.zaxxer.hikari.HikariDataSource - HikariPool-1 - Starting... 
25-09-25 17:24:17.949 [restartedMain] INFO  com.zaxxer.hikari.pool.HikariPool - HikariPool-1 - Added connection org.sqlite.jdbc4.JDBC4Connection@5f06d125 
25-09-25 17:24:17.951 [restartedMain] INFO  com.zaxxer.hikari.HikariDataSource - HikariPool-1 - Start completed. 
25-09-25 17:24:17.991 [restartedMain] INFO  o.hibernate.orm.connections.pooling - HHH10001005: Database info:
	Database JDBC URL [Connecting through datasource 'HikariDataSource (HikariPool-1)']
	Database driver: undefined/unknown
	Database version: 3.50.3
	Autocommit mode: undefined/unknown
	Isolation level: undefined/unknown
	Minimum pool size: undefined/unknown
	Maximum pool size: undefined/unknown 
25-09-25 17:24:18.679 [restartedMain] INFO  o.h.e.t.j.p.i.JtaPlatformInitiator - HHH000489: No JTA platform available (set 'hibernate.transaction.jta.platform' to enable JTA platform integration) 
25-09-25 17:24:18.710 [restartedMain] INFO  o.s.o.j.LocalContainerEntityManagerFactoryBean - Initialized JPA EntityManagerFactory for persistence unit 'default' 
25-09-25 17:24:18.944 [restartedMain] INFO  o.s.d.j.r.query.QueryEnhancerFactory - Hibernate is in classpath; If applicable, HQL parser will be used. 
25-09-25 17:24:19.006 [restartedMain] WARN  o.s.b.a.o.j.JpaBaseConfiguration$JpaWebConfiguration - spring.jpa.open-in-view is enabled by default. Therefore, database queries may be performed during view rendering. Explicitly configure spring.jpa.open-in-view to disable this warning 
25-09-25 17:24:19.364 [restartedMain] INFO  o.s.b.d.a.OptionalLiveReloadServer - LiveReload server is running on port 35729 
25-09-25 17:24:19.381 [restartedMain] INFO  o.a.coyote.http11.Http11NioProtocol - Starting ProtocolHandler ["http-nio-8080"] 
25-09-25 17:24:19.397 [restartedMain] INFO  o.s.b.w.e.tomcat.TomcatWebServer - Tomcat started on port 8080 (http) with context path '/' 
25-09-25 17:24:19.405 [restartedMain] INFO  c.v.vatManager.VatManagerApplication - Started VatManagerApplication in 3.921 seconds (process running for 4.735) 
25-09-25 17:24:35.356 [http-nio-8080-exec-1] INFO  o.a.c.c.C.[Tomcat].[localhost].[/] - Initializing Spring DispatcherServlet 'dispatcherServlet' 
25-09-25 17:24:35.356 [http-nio-8080-exec-1] INFO  o.s.web.servlet.DispatcherServlet - Initializing Servlet 'dispatcherServlet' 
25-09-25 17:24:35.357 [http-nio-8080-exec-1] INFO  o.s.web.servlet.DispatcherServlet - Completed initialization in 1 ms 
25-09-25 17:24:35.391 [http-nio-8080-exec-1] INFO  c.v.v.service.ClientServiceImpl - Getting all the Clients from the Database. 
25-09-25 17:26:15.147 [http-nio-8080-exec-5] WARN  o.h.e.jdbc.spi.SqlExceptionHelper - SQL Error: 1, SQLState: null 
25-09-25 17:26:15.147 [http-nio-8080-exec-5] ERROR o.h.e.jdbc.spi.SqlExceptionHelper - [SQLITE_ERROR] SQL error or missing database (no such column: c.vat_number) 
25-09-25 17:26:15.153 [http-nio-8080-exec-5] ERROR o.a.c.c.C.[.[.[.[dispatcherServlet] - Servlet.service() for servlet [dispatcherServlet] in context with path [] threw exception [Request processing failed: org.springframework.orm.jpa.JpaSystemException: could not prepare statement [[SQLITE_ERROR] SQL error or missing database (no such column: c.vat_number)] [SELECT * FROM client c WHERE LOWER(c.foom_name) LIKE ? || '%' OR CAST(c.vat_number AS TEXT) LIKE ? || '%'OR CAST(c.bill_number AS TEXT) LIKE ? || '%' limit ?]] with root cause 
org.sqlite.SQLiteException: [SQLITE_ERROR] SQL error or missing database (no such column: c.vat_number)
	at org.sqlite.core.DB.newSQLException(DB.java:1179)
	at org.sqlite.core.DB.newSQLException(DB.java:1190)
	at org.sqlite.core.DB.throwex(DB.java:1150)
	at org.sqlite.core.NativeDB.prepare_utf8(Native Method)
	at org.sqlite.core.NativeDB.prepare(NativeDB.java:135)
	at org.sqlite.core.DB.prepare(DB.java:264)
	at org.sqlite.core.CorePreparedStatement.<init>(CorePreparedStatement.java:46)
	at org.sqlite.jdbc3.JDBC3PreparedStatement.<init>(JDBC3PreparedStatement.java:32)
	at org.sqlite.jdbc4.JDBC4PreparedStatement.<init>(JDBC4PreparedStatement.java:28)
	at org.sqlite.jdbc4.JDBC4Connection.prepareStatement(JDBC4Connection.java:34)
	at org.sqlite.jdbc3.JDBC3Connection.prepareStatement(JDBC3Connection.java:225)
	at com.zaxxer.hikari.pool.ProxyConnection.prepareStatement(ProxyConnection.java:342)
	at com.zaxxer.hikari.pool.HikariProxyConnection.prepareStatement(HikariProxyConnection.java)
	at org.hibernate.engine.jdbc.internal.StatementPreparerImpl$4.doPrepare(StatementPreparerImpl.java:151)
	at org.hibernate.engine.jdbc.internal.StatementPreparerImpl$StatementPreparationTemplate.prepareStatement(StatementPreparerImpl.java:180)
	at org.hibernate.engine.jdbc.internal.StatementPreparerImpl.prepareQueryStatement(StatementPreparerImpl.java:153)
	at org.hibernate.sql.exec.internal.StandardStatementCreator.createStatement(StandardStatementCreator.java:49)
	at org.hibernate.sql.results.jdbc.internal.DeferredResultSetAccess.executeQuery(DeferredResultSetAccess.java:236)
	at org.hibernate.sql.results.jdbc.internal.DeferredResultSetAccess.getResultSet(DeferredResultSetAccess.java:172)
	at org.hibernate.sql.results.jdbc.internal.AbstractResultSetAccess.getMetaData(AbstractResultSetAccess.java:36)
	at org.hibernate.sql.results.jdbc.internal.AbstractResultSetAccess.getColumnCount(AbstractResultSetAccess.java:52)
	at org.hibernate.query.results.ResultSetMappingImpl.resolve(ResultSetMappingImpl.java:194)
	at org.hibernate.sql.exec.internal.JdbcSelectExecutorStandardImpl.resolveJdbcValuesSource(JdbcSelectExecutorStandardImpl.java:340)
	at org.hibernate.sql.exec.internal.JdbcSelectExecutorStandardImpl.doExecuteQuery(JdbcSelectExecutorStandardImpl.java:137)
	at org.hibernate.sql.exec.internal.JdbcSelectExecutorStandardImpl.executeQuery(JdbcSelectExecutorStandardImpl.java:102)
	at org.hibernate.sql.exec.spi.JdbcSelectExecutor.executeQuery(JdbcSelectExecutor.java:91)
	at org.hibernate.sql.exec.spi.JdbcSelectExecutor.list(JdbcSelectExecutor.java:165)
	at org.hibernate.sql.exec.spi.JdbcSelectExecutor.list(JdbcSelectExecutor.java:142)
	at org.hibernate.sql.exec.spi.JdbcSelectExecutor.list(JdbcSelectExecutor.java:132)
	at org.hibernate.query.sql.internal.NativeSelectQueryPlanImpl.performList(NativeSelectQueryPlanImpl.java:135)
	at org.hibernate.query.sql.internal.NativeQueryImpl.doList(NativeQueryImpl.java:697)
	at org.hibernate.query.spi.AbstractSelectionQuery.list(AbstractSelectionQuery.java:143)
	at org.hibernate.query.Query.getResultList(Query.java:120)
	at org.springframework.data.jpa.repository.query.JpaQueryExecution$PagedExecution.doExecute(JpaQueryExecution.java:205)
	at org.springframework.data.jpa.repository.query.JpaQueryExecution.execute(JpaQueryExecution.java:93)
	at org.springframework.data.jpa.repository.query.AbstractJpaQuery.doExecute(AbstractJpaQuery.java:160)
	at org.springframework.data.jpa.repository.query.AbstractJpaQuery.execute(AbstractJpaQuery.java:148)
	at org.springframework.data.repository.core.support.RepositoryMethodInvoker.doInvoke(RepositoryMethodInvoker.java:170)
	at org.springframework.data.repository.core.support.RepositoryMethodInvoker.invoke(RepositoryMethodInvoker.java:158)
	at org.springframework.data.repository.core.support.QueryExecutorMethodInterceptor.doInvoke(QueryExecutorMethodInterceptor.java:170)
	at org.springframework.data.repository.core.support.QueryExecutorMethodInterceptor.invoke(QueryExecutorMethodInterceptor.java:149)
	at org.springframework.aop.framework.ReflectiveMethodInvocation.proceed(ReflectiveMethodInvocation.java:184)
	at org.springframework.data.projection.DefaultMethodInvokingMethodInterceptor.invoke(DefaultMethodInvokingMethodInterceptor.java:69)
	at org.springframework.aop.framework.ReflectiveMethodInvocation.proceed(ReflectiveMethodInvocation.java:184)
	at org.springframework.transaction.interceptor.TransactionAspectSupport.invokeWithinTransaction(TransactionAspectSupport.java:380)
	at org.springframework.transaction.interceptor.TransactionInterceptor.invoke(TransactionInterceptor.java:119)
	at org.springframework.aop.framework.ReflectiveMethodInvocation.proceed(ReflectiveMethodInvocation.java:184)
	at org.springframework.dao.support.PersistenceExceptionTranslationInterceptor.invoke(PersistenceExceptionTranslationInterceptor.java:138)
	at org.springframework.aop.framework.ReflectiveMethodInvocation.proceed(ReflectiveMethodInvocation.java:184)
	at org.springframework.data.jpa.repository.support.CrudMethodMetadataPostProcessor$CrudMethodMetadataPopulatingMethodInterceptor.invoke(CrudMethodMetadataPostProcessor.java:136)
	at org.springframework.aop.framework.ReflectiveMethodInvocation.proceed(ReflectiveMethodInvocation.java:184)
	at org.springframework.aop.framework.JdkDynamicAopProxy.invoke(JdkDynamicAopProxy.java:223)
	at jdk.proxy4/jdk.proxy4.$Proxy130.searchByQuery(Unknown Source)
	at com.vatManager.vatManager.service.ClientServiceImpl.searchClient(ClientServiceImpl.java:106)
	at com.vatManager.vatManager.controller.ClientController.searchClientsByQuery(ClientController.java:132)
	at java.base/jdk.internal.reflect.DirectMethodHandleAccessor.invoke(DirectMethodHandleAccessor.java:103)
	at java.base/java.lang.reflect.Method.invoke(Method.java:580)
	at org.springframework.web.method.support.InvocableHandlerMethod.doInvoke(InvocableHandlerMethod.java:258)
	at org.springframework.web.method.support.InvocableHandlerMethod.invokeForRequest(InvocableHandlerMethod.java:191)
	at org.springframework.web.servlet.mvc.method.annotation.ServletInvocableHandlerMethod.invokeAndHandle(ServletInvocableHandlerMethod.java:118)
	at org.springframework.web.servlet.mvc.method.annotation.RequestMappingHandlerAdapter.invokeHandlerMethod(RequestMappingHandlerAdapter.java:991)
	at org.springframework.web.servlet.mvc.method.annotation.RequestMappingHandlerAdapter.handleInternal(RequestMappingHandlerAdapter.java:896)
	at org.springframework.web.servlet.mvc.method.AbstractHandlerMethodAdapter.handle(AbstractHandlerMethodAdapter.java:87)
	at org.springframework.web.servlet.DispatcherServlet.doDispatch(DispatcherServlet.java:1089)
	at org.springframework.web.servlet.DispatcherServlet.doService(DispatcherServlet.java:979)
	at org.springframework.web.servlet.FrameworkServlet.processRequest(FrameworkServlet.java:1014)
	at org.springframework.web.servlet.FrameworkServlet.doGet(FrameworkServlet.java:903)
	at jakarta.servlet.http.HttpServlet.service(HttpServlet.java:564)
	at org.springframework.web.servlet.FrameworkServlet.service(FrameworkServlet.java:885)
	at jakarta.servlet.http.HttpServlet.service(HttpServlet.java:658)
	at org.apache.catalina.core.ApplicationFilterChain.internalDoFilter(ApplicationFilterChain.java:195)
	at org.apache.catalina.core.ApplicationFilterChain.doFilter(ApplicationFilterChain.java:140)
	at org.apache.tomcat.websocket.server.WsFilter.doFilter(WsFilter.java:51)
	at org.apache.catalina.core.ApplicationFilterChain.internalDoFilter(ApplicationFilterChain.java:164)
	at org.apache.catalina.core.ApplicationFilterChain.doFilter(ApplicationFilterChain.java:140)
	at org.springframework.web.filter.RequestContextFilter.doFilterInternal(RequestContextFilter.java:100)
	at org.springframework.web.filter.OncePerRequestFilter.doFilter(OncePerRequestFilter.java:116)
	at org.apache.catalina.core.ApplicationFilterChain.internalDoFilter(ApplicationFilterChain.java:164)
	at org.apache.catalina.core.ApplicationFilterChain.doFilter(ApplicationFilterChain.java:140)
	at org.springframework.web.filter.FormContentFilter.doFilterInternal(FormContentFilter.java:93)
	at org.springframework.web.filter.OncePerRequestFilter.doFilter(OncePerRequestFilter.java:116)
	at org.apache.catalina.core.ApplicationFilterChain.internalDoFilter(ApplicationFilterChain.java:164)
	at org.apache.catalina.core.ApplicationFilterChain.doFilter(ApplicationFilterChain.java:140)
	at org.springframework.web.filter.CharacterEncodingFilter.doFilterInternal(CharacterEncodingFilter.java:201)
	at org.springframework.web.filter.OncePerRequestFilter.doFilter(OncePerRequestFilter.java:116)
	at org.apache.catalina.core.ApplicationFilterChain.internalDoFilter(ApplicationFilterChain.java:164)
	at org.apache.catalina.core.ApplicationFilterChain.doFilter(ApplicationFilterChain.java:140)
	at org.apache.catalina.core.StandardWrapperValve.invoke(StandardWrapperValve.java:167)
	at org.apache.catalina.core.StandardContextValve.invoke(StandardContextValve.java:90)
	at org.apache.catalina.authenticator.AuthenticatorBase.invoke(AuthenticatorBase.java:483)
	at org.apache.catalina.core.StandardHostValve.invoke(StandardHostValve.java:116)
	at org.apache.catalina.valves.ErrorReportValve.invoke(ErrorReportValve.java:93)
	at org.apache.catalina.core.StandardEngineValve.invoke(StandardEngineValve.java:74)
	at org.apache.catalina.connector.CoyoteAdapter.service(CoyoteAdapter.java:344)
	at org.apache.coyote.http11.Http11Processor.service(Http11Processor.java:398)
	at org.apache.coyote.AbstractProcessorLight.process(AbstractProcessorLight.java:63)
	at org.apache.coyote.AbstractProtocol$ConnectionHandler.process(AbstractProtocol.java:903)
	at org.apache.tomcat.util.net.NioEndpoint$SocketProcessor.doRun(NioEndpoint.java:1769)
	at org.apache.tomcat.util.net.SocketProcessorBase.run(SocketProcessorBase.java:52)
	at org.apache.tomcat.util.threads.ThreadPoolExecutor.runWorker(ThreadPoolExecutor.java:1189)
	at org.apache.tomcat.util.threads.ThreadPoolExecutor$Worker.run(ThreadPoolExecutor.java:658)
	at org.apache.tomcat.util.threads.TaskThread$WrappingRunnable.run(TaskThread.java:63)
	at java.base/java.lang.Thread.run(Thread.java:1583)
25-09-25 17:27:49.557 [File Watcher] INFO  o.s.b.d.a.LocalDevToolsAutoConfiguration$RestartingClassPathChangeChangedEventListener - Restarting due to 4 class path changes (0 additions, 0 deletions, 4 modifications) 
25-09-25 17:27:49.561 [Thread-5] INFO  o.s.b.w.e.tomcat.GracefulShutdown - Commencing graceful shutdown. Waiting for active requests to complete 
25-09-25 17:27:49.562 [tomcat-shutdown] INFO  o.a.coyote.http11.Http11NioProtocol - Pausing ProtocolHandler ["http-nio-8080"] 
25-09-25 17:27:49.584 [tomcat-shutdown] INFO  o.s.b.w.e.tomcat.GracefulShutdown - Graceful shutdown complete 
25-09-25 17:27:49.584 [Thread-5] INFO  o.a.coyote.http11.Http11NioProtocol - Stopping ProtocolHandler ["http-nio-8080"] 
25-09-25 17:27:49.587 [Thread-5] INFO  o.s.o.j.LocalContainerEntityManagerFactoryBean - Closing JPA EntityManagerFactory for persistence unit 'default' 
25-09-25 17:27:49.590 [Thread-5] INFO  com.zaxxer.hikari.HikariDataSource - HikariPool-1 - Shutdown initiated... 
25-09-25 17:27:49.592 [Thread-5] INFO  com.zaxxer.hikari.HikariDataSource - HikariPool-1 - Shutdown completed. 
25-09-25 17:27:49.656 [restartedMain] INFO  c.v.vatManager.VatManagerApplication - Starting VatManagerApplication using Java 21.0.5 with PID 21228 (D:\SpringBoot  Projects\vatManager\target\classes started by neraz in D:\SpringBoot  Projects\vatManager) 
25-09-25 17:27:49.656 [restartedMain] INFO  c.v.vatManager.VatManagerApplication - No active profile set, falling back to 1 default profile: "default" 
25-09-25 17:27:49.790 [restartedMain] INFO  o.s.d.r.c.RepositoryConfigurationDelegate - Bootstrapping Spring Data JPA repositories in DEFAULT mode. 
25-09-25 17:27:49.800 [restartedMain] INFO  o.s.d.r.c.RepositoryConfigurationDelegate - Finished Spring Data repository scanning in 8 ms. Found 1 JPA repository interface. 
25-09-25 17:27:49.872 [restartedMain] INFO  o.s.b.w.e.tomcat.TomcatWebServer - Tomcat initialized with port 8080 (http) 
25-09-25 17:27:49.873 [restartedMain] INFO  o.a.coyote.http11.Http11NioProtocol - Initializing ProtocolHandler ["http-nio-8080"] 
25-09-25 17:27:49.873 [restartedMain] INFO  o.a.catalina.core.StandardService - Starting service [Tomcat] 
25-09-25 17:27:49.873 [restartedMain] INFO  o.a.catalina.core.StandardEngine - Starting Servlet engine: [Apache Tomcat/10.1.44] 
25-09-25 17:27:49.896 [restartedMain] INFO  o.a.c.c.C.[Tomcat].[localhost].[/] - Initializing Spring embedded WebApplicationContext 
25-09-25 17:27:49.896 [restartedMain] INFO  o.s.b.w.s.c.ServletWebServerApplicationContext - Root WebApplicationContext: initialization completed in 238 ms 
25-09-25 17:27:49.921 [restartedMain] INFO  o.h.jpa.internal.util.LogHelper - HHH000204: Processing PersistenceUnitInfo [name: default] 
25-09-25 17:27:49.925 [restartedMain] INFO  o.h.c.i.RegionFactoryInitiator - HHH000026: Second-level cache disabled 
25-09-25 17:27:49.931 [restartedMain] INFO  o.s.o.j.p.SpringPersistenceUnitInfo - No LoadTimeWeaver setup: ignoring JPA class transformer 
25-09-25 17:27:49.933 [restartedMain] INFO  com.zaxxer.hikari.HikariDataSource - HikariPool-2 - Starting... 
25-09-25 17:27:49.934 [restartedMain] INFO  com.zaxxer.hikari.pool.HikariPool - HikariPool-2 - Added connection org.sqlite.jdbc4.JDBC4Connection@4bfddb55 
25-09-25 17:27:49.934 [restartedMain] INFO  com.zaxxer.hikari.HikariDataSource - HikariPool-2 - Start completed. 
25-09-25 17:27:49.935 [restartedMain] INFO  o.hibernate.orm.connections.pooling - HHH10001005: Database info:
	Database JDBC URL [Connecting through datasource 'HikariDataSource (HikariPool-2)']
	Database driver: undefined/unknown
	Database version: 3.50.3
	Autocommit mode: undefined/unknown
	Isolation level: undefined/unknown
	Minimum pool size: undefined/unknown
	Maximum pool size: undefined/unknown 
25-09-25 17:27:49.969 [restartedMain] INFO  o.h.e.t.j.p.i.JtaPlatformInitiator - HHH000489: No JTA platform available (set 'hibernate.transaction.jta.platform' to enable JTA platform integration) 
25-09-25 17:27:49.971 [restartedMain] INFO  o.s.o.j.LocalContainerEntityManagerFactoryBean - Initialized JPA EntityManagerFactory for persistence unit 'default' 
25-09-25 17:27:50.023 [restartedMain] WARN  o.s.b.a.o.j.JpaBaseConfiguration$JpaWebConfiguration - spring.jpa.open-in-view is enabled by default. Therefore, database queries may be performed during view rendering. Explicitly configure spring.jpa.open-in-view to disable this warning 
25-09-25 17:27:50.112 [restartedMain] INFO  o.s.b.d.a.OptionalLiveReloadServer - LiveReload server is running on port 35729 
25-09-25 17:27:50.119 [restartedMain] INFO  o.a.coyote.http11.Http11NioProtocol - Starting ProtocolHandler ["http-nio-8080"] 
25-09-25 17:27:50.122 [restartedMain] INFO  o.s.b.w.e.tomcat.TomcatWebServer - Tomcat started on port 8080 (http) with context path '/' 
25-09-25 17:27:50.125 [restartedMain] INFO  c.v.vatManager.VatManagerApplication - Started VatManagerApplication in 0.493 seconds (process running for 215.456) 
25-09-25 17:27:50.127 [restartedMain] INFO  o.s.b.d.a.ConditionEvaluationDeltaLoggingListener - Condition evaluation unchanged 
25-09-25 17:27:50.234 [RMI TCP Connection(15)-127.0.0.1] INFO  o.s.b.a.SpringApplicationAdminMXBeanRegistrar$SpringApplicationAdmin - Application shutdown requested. 
25-09-25 17:27:50.235 [RMI TCP Connection(15)-127.0.0.1] INFO  o.s.b.w.e.tomcat.GracefulShutdown - Commencing graceful shutdown. Waiting for active requests to complete 
25-09-25 17:27:50.235 [tomcat-shutdown] INFO  o.a.coyote.http11.Http11NioProtocol - Pausing ProtocolHandler ["http-nio-8080"] 
25-09-25 17:27:50.253 [tomcat-shutdown] INFO  o.s.b.w.e.tomcat.GracefulShutdown - Graceful shutdown complete 
25-09-25 17:27:50.253 [RMI TCP Connection(15)-127.0.0.1] INFO  o.a.coyote.http11.Http11NioProtocol - Stopping ProtocolHandler ["http-nio-8080"] 
25-09-25 17:27:50.255 [RMI TCP Connection(15)-127.0.0.1] INFO  o.s.o.j.LocalContainerEntityManagerFactoryBean - Closing JPA EntityManagerFactory for persistence unit 'default' 
25-09-25 17:27:50.256 [RMI TCP Connection(15)-127.0.0.1] INFO  com.zaxxer.hikari.HikariDataSource - HikariPool-2 - Shutdown initiated... 
25-09-25 17:27:50.271 [RMI TCP Connection(15)-127.0.0.1] INFO  com.zaxxer.hikari.HikariDataSource - HikariPool-2 - Shutdown completed. 
25-09-25 17:27:52.429 [background-preinit] INFO  o.h.validator.internal.util.Version - HV000001: Hibernate Validator 8.0.3.Final 
25-09-25 17:27:52.466 [restartedMain] INFO  c.v.vatManager.VatManagerApplication - Starting VatManagerApplication using Java 21.0.5 with PID 15204 (D:\SpringBoot  Projects\vatManager\target\classes started by neraz in D:\SpringBoot  Projects\vatManager) 
25-09-25 17:27:52.467 [restartedMain] INFO  c.v.vatManager.VatManagerApplication - No active profile set, falling back to 1 default profile: "default" 
25-09-25 17:27:52.501 [restartedMain] INFO  o.s.b.d.e.DevToolsPropertyDefaultsPostProcessor - Devtools property defaults active! Set 'spring.devtools.add-properties' to 'false' to disable 
25-09-25 17:27:52.501 [restartedMain] INFO  o.s.b.d.e.DevToolsPropertyDefaultsPostProcessor - For additional web related logging consider setting the 'logging.level.web' property to 'DEBUG' 
25-09-25 17:27:53.010 [restartedMain] INFO  o.s.d.r.c.RepositoryConfigurationDelegate - Bootstrapping Spring Data JPA repositories in DEFAULT mode. 
25-09-25 17:27:53.059 [restartedMain] INFO  o.s.d.r.c.RepositoryConfigurationDelegate - Finished Spring Data repository scanning in 41 ms. Found 1 JPA repository interface. 
25-09-25 17:27:53.467 [restartedMain] INFO  o.s.b.w.e.tomcat.TomcatWebServer - Tomcat initialized with port 8080 (http) 
25-09-25 17:27:53.477 [restartedMain] INFO  o.a.coyote.http11.Http11NioProtocol - Initializing ProtocolHandler ["http-nio-8080"] 
25-09-25 17:27:53.479 [restartedMain] INFO  o.a.catalina.core.StandardService - Starting service [Tomcat] 
25-09-25 17:27:53.479 [restartedMain] INFO  o.a.catalina.core.StandardEngine - Starting Servlet engine: [Apache Tomcat/10.1.44] 
25-09-25 17:27:53.522 [restartedMain] INFO  o.a.c.c.C.[Tomcat].[localhost].[/] - Initializing Spring embedded WebApplicationContext 
25-09-25 17:27:53.522 [restartedMain] INFO  o.s.b.w.s.c.ServletWebServerApplicationContext - Root WebApplicationContext: initialization completed in 1020 ms 
25-09-25 17:27:53.651 [restartedMain] INFO  o.h.jpa.internal.util.LogHelper - HHH000204: Processing PersistenceUnitInfo [name: default] 
25-09-25 17:27:53.691 [restartedMain] INFO  org.hibernate.Version - HHH000412: Hibernate ORM core version 6.6.26.Final 
25-09-25 17:27:53.716 [restartedMain] INFO  o.h.c.i.RegionFactoryInitiator - HHH000026: Second-level cache disabled 
25-09-25 17:27:53.926 [restartedMain] INFO  o.s.o.j.p.SpringPersistenceUnitInfo - No LoadTimeWeaver setup: ignoring JPA class transformer 
25-09-25 17:27:53.951 [restartedMain] INFO  com.zaxxer.hikari.HikariDataSource - HikariPool-1 - Starting... 
25-09-25 17:27:54.148 [restartedMain] INFO  com.zaxxer.hikari.pool.HikariPool - HikariPool-1 - Added connection org.sqlite.jdbc4.JDBC4Connection@cff4be5 
25-09-25 17:27:54.149 [restartedMain] INFO  com.zaxxer.hikari.HikariDataSource - HikariPool-1 - Start completed. 
25-09-25 17:27:54.183 [restartedMain] INFO  o.hibernate.orm.connections.pooling - HHH10001005: Database info:
	Database JDBC URL [Connecting through datasource 'HikariDataSource (HikariPool-1)']
	Database driver: undefined/unknown
	Database version: 3.50.3
	Autocommit mode: undefined/unknown
	Isolation level: undefined/unknown
	Minimum pool size: undefined/unknown
	Maximum pool size: undefined/unknown 
25-09-25 17:27:54.767 [restartedMain] INFO  o.h.e.t.j.p.i.JtaPlatformInitiator - HHH000489: No JTA platform available (set 'hibernate.transaction.jta.platform' to enable JTA platform integration) 
25-09-25 17:27:54.795 [restartedMain] INFO  o.s.o.j.LocalContainerEntityManagerFactoryBean - Initialized JPA EntityManagerFactory for persistence unit 'default' 
25-09-25 17:27:54.991 [restartedMain] INFO  o.s.d.j.r.query.QueryEnhancerFactory - Hibernate is in classpath; If applicable, HQL parser will be used. 
25-09-25 17:27:55.052 [restartedMain] WARN  o.s.b.a.o.j.JpaBaseConfiguration$JpaWebConfiguration - spring.jpa.open-in-view is enabled by default. Therefore, database queries may be performed during view rendering. Explicitly configure spring.jpa.open-in-view to disable this warning 
25-09-25 17:27:55.370 [restartedMain] INFO  o.s.b.d.a.OptionalLiveReloadServer - LiveReload server is running on port 35729 
25-09-25 17:27:55.387 [restartedMain] INFO  o.a.coyote.http11.Http11NioProtocol - Starting ProtocolHandler ["http-nio-8080"] 
25-09-25 17:27:55.404 [restartedMain] INFO  o.s.b.w.e.tomcat.TomcatWebServer - Tomcat started on port 8080 (http) with context path '/' 
25-09-25 17:27:55.410 [restartedMain] INFO  c.v.vatManager.VatManagerApplication - Started VatManagerApplication in 3.22 seconds (process running for 3.933) 
25-09-25 17:28:08.512 [http-nio-8080-exec-2] INFO  o.a.c.c.C.[Tomcat].[localhost].[/] - Initializing Spring DispatcherServlet 'dispatcherServlet' 
25-09-25 17:28:08.512 [http-nio-8080-exec-2] INFO  o.s.web.servlet.DispatcherServlet - Initializing Servlet 'dispatcherServlet' 
25-09-25 17:28:08.513 [http-nio-8080-exec-2] INFO  o.s.web.servlet.DispatcherServlet - Completed initialization in 1 ms 
25-09-25 17:36:09.244 [http-nio-8080-exec-6] INFO  c.v.v.service.ClientServiceImpl - Getting all the Clients from the Database. 
25-09-25 17:42:46.365 [http-nio-8080-exec-2] INFO  c.v.v.service.ClientServiceImpl - Getting all the Clients from the Database. 
25-09-25 17:42:46.374 [http-nio-8080-exec-2] ERROR o.a.c.c.C.[.[.[.[dispatcherServlet] - Servlet.service() for servlet [dispatcherServlet] in context with path [] threw exception [Request processing failed: org.springframework.data.mapping.PropertyReferenceException: No property 'id direction=desc' found for type 'Client'] with root cause 
org.springframework.data.mapping.PropertyReferenceException: No property 'id direction=desc' found for type 'Client'
	at org.springframework.data.mapping.PropertyPath.<init>(PropertyPath.java:94)
	at org.springframework.data.mapping.PropertyPath.create(PropertyPath.java:455)
	at org.springframework.data.mapping.PropertyPath.create(PropertyPath.java:431)
	at org.springframework.data.mapping.PropertyPath.lambda$from$0(PropertyPath.java:384)
	at java.base/java.util.concurrent.ConcurrentMap.computeIfAbsent(ConcurrentMap.java:330)
	at org.springframework.data.mapping.PropertyPath.from(PropertyPath.java:366)
	at org.springframework.data.mapping.PropertyPath.from(PropertyPath.java:344)
	at org.springframework.data.jpa.repository.query.QueryUtils.toJpaOrder(QueryUtils.java:725)
	at org.springframework.data.jpa.repository.query.QueryUtils.toOrders(QueryUtils.java:678)
	at org.springframework.data.jpa.repository.support.SimpleJpaRepository.getQuery(SimpleJpaRepository.java:848)
	at org.springframework.data.jpa.repository.support.SimpleJpaRepository.getQuery(SimpleJpaRepository.java:777)
	at org.springframework.data.jpa.repository.support.SimpleJpaRepository.getQuery(SimpleJpaRepository.java:744)
	at org.springframework.data.jpa.repository.support.SimpleJpaRepository.findAll(SimpleJpaRepository.java:469)
	at org.springframework.data.jpa.repository.support.SimpleJpaRepository.findAll(SimpleJpaRepository.java:463)
	at org.springframework.data.jpa.repository.support.SimpleJpaRepository.findAll(SimpleJpaRepository.java:443)
	at java.base/jdk.internal.reflect.DirectMethodHandleAccessor.invoke(DirectMethodHandleAccessor.java:103)
	at java.base/java.lang.reflect.Method.invoke(Method.java:580)
	at org.springframework.aop.support.AopUtils.invokeJoinpointUsingReflection(AopUtils.java:360)
	at org.springframework.data.repository.core.support.RepositoryMethodInvoker$RepositoryFragmentMethodInvoker.lambda$new$0(RepositoryMethodInvoker.java:277)
	at org.springframework.data.repository.core.support.RepositoryMethodInvoker.doInvoke(RepositoryMethodInvoker.java:170)
	at org.springframework.data.repository.core.support.RepositoryMethodInvoker.invoke(RepositoryMethodInvoker.java:158)
	at org.springframework.data.repository.core.support.RepositoryComposition$RepositoryFragments.invoke(RepositoryComposition.java:515)
	at org.springframework.data.repository.core.support.RepositoryComposition.invoke(RepositoryComposition.java:284)
	at org.springframework.data.repository.core.support.RepositoryFactorySupport$ImplementationMethodExecutionInterceptor.invoke(RepositoryFactorySupport.java:734)
	at org.springframework.aop.framework.ReflectiveMethodInvocation.proceed(ReflectiveMethodInvocation.java:184)
	at org.springframework.data.repository.core.support.QueryExecutorMethodInterceptor.doInvoke(QueryExecutorMethodInterceptor.java:174)
	at org.springframework.data.repository.core.support.QueryExecutorMethodInterceptor.invoke(QueryExecutorMethodInterceptor.java:149)
	at org.springframework.aop.framework.ReflectiveMethodInvocation.proceed(ReflectiveMethodInvocation.java:184)
	at org.springframework.data.projection.DefaultMethodInvokingMethodInterceptor.invoke(DefaultMethodInvokingMethodInterceptor.java:69)
	at org.springframework.aop.framework.ReflectiveMethodInvocation.proceed(ReflectiveMethodInvocation.java:184)
	at org.springframework.transaction.interceptor.TransactionAspectSupport.invokeWithinTransaction(TransactionAspectSupport.java:380)
	at org.springframework.transaction.interceptor.TransactionInterceptor.invoke(TransactionInterceptor.java:119)
	at org.springframework.aop.framework.ReflectiveMethodInvocation.proceed(ReflectiveMethodInvocation.java:184)
	at org.springframework.dao.support.PersistenceExceptionTranslationInterceptor.invoke(PersistenceExceptionTranslationInterceptor.java:138)
	at org.springframework.aop.framework.ReflectiveMethodInvocation.proceed(ReflectiveMethodInvocation.java:184)
	at org.springframework.data.jpa.repository.support.CrudMethodMetadataPostProcessor$CrudMethodMetadataPopulatingMethodInterceptor.invoke(CrudMethodMetadataPostProcessor.java:165)
	at org.springframework.aop.framework.ReflectiveMethodInvocation.proceed(ReflectiveMethodInvocation.java:184)
	at org.springframework.aop.framework.JdkDynamicAopProxy.invoke(JdkDynamicAopProxy.java:223)
	at jdk.proxy4/jdk.proxy4.$Proxy130.findAll(Unknown Source)
	at com.vatManager.vatManager.service.ClientServiceImpl.getAllClients(ClientServiceImpl.java:42)
	at com.vatManager.vatManager.controller.ClientController.getAllClients(ClientController.java:61)
	at java.base/jdk.internal.reflect.DirectMethodHandleAccessor.invoke(DirectMethodHandleAccessor.java:103)
	at java.base/java.lang.reflect.Method.invoke(Method.java:580)
	at org.springframework.web.method.support.InvocableHandlerMethod.doInvoke(InvocableHandlerMethod.java:258)
	at org.springframework.web.method.support.InvocableHandlerMethod.invokeForRequest(InvocableHandlerMethod.java:191)
	at org.springframework.web.servlet.mvc.method.annotation.ServletInvocableHandlerMethod.invokeAndHandle(ServletInvocableHandlerMethod.java:118)
	at org.springframework.web.servlet.mvc.method.annotation.RequestMappingHandlerAdapter.invokeHandlerMethod(RequestMappingHandlerAdapter.java:991)
	at org.springframework.web.servlet.mvc.method.annotation.RequestMappingHandlerAdapter.handleInternal(RequestMappingHandlerAdapter.java:896)
	at org.springframework.web.servlet.mvc.method.AbstractHandlerMethodAdapter.handle(AbstractHandlerMethodAdapter.java:87)
	at org.springframework.web.servlet.DispatcherServlet.doDispatch(DispatcherServlet.java:1089)
	at org.springframework.web.servlet.DispatcherServlet.doService(DispatcherServlet.java:979)
	at org.springframework.web.servlet.FrameworkServlet.processRequest(FrameworkServlet.java:1014)
	at org.springframework.web.servlet.FrameworkServlet.doGet(FrameworkServlet.java:903)
	at jakarta.servlet.http.HttpServlet.service(HttpServlet.java:564)
	at org.springframework.web.servlet.FrameworkServlet.service(FrameworkServlet.java:885)
	at jakarta.servlet.http.HttpServlet.service(HttpServlet.java:658)
	at org.apache.catalina.core.ApplicationFilterChain.internalDoFilter(ApplicationFilterChain.java:195)
	at org.apache.catalina.core.ApplicationFilterChain.doFilter(ApplicationFilterChain.java:140)
	at org.apache.tomcat.websocket.server.WsFilter.doFilter(WsFilter.java:51)
	at org.apache.catalina.core.ApplicationFilterChain.internalDoFilter(ApplicationFilterChain.java:164)
	at org.apache.catalina.core.ApplicationFilterChain.doFilter(ApplicationFilterChain.java:140)
	at org.springframework.web.filter.RequestContextFilter.doFilterInternal(RequestContextFilter.java:100)
	at org.springframework.web.filter.OncePerRequestFilter.doFilter(OncePerRequestFilter.java:116)
	at org.apache.catalina.core.ApplicationFilterChain.internalDoFilter(ApplicationFilterChain.java:164)
	at org.apache.catalina.core.ApplicationFilterChain.doFilter(ApplicationFilterChain.java:140)
	at org.springframework.web.filter.FormContentFilter.doFilterInternal(FormContentFilter.java:93)
	at org.springframework.web.filter.OncePerRequestFilter.doFilter(OncePerRequestFilter.java:116)
	at org.apache.catalina.core.ApplicationFilterChain.internalDoFilter(ApplicationFilterChain.java:164)
	at org.apache.catalina.core.ApplicationFilterChain.doFilter(ApplicationFilterChain.java:140)
	at org.springframework.web.filter.CharacterEncodingFilter.doFilterInternal(CharacterEncodingFilter.java:201)
	at org.springframework.web.filter.OncePerRequestFilter.doFilter(OncePerRequestFilter.java:116)
	at org.apache.catalina.core.ApplicationFilterChain.internalDoFilter(ApplicationFilterChain.java:164)
	at org.apache.catalina.core.ApplicationFilterChain.doFilter(ApplicationFilterChain.java:140)
	at org.apache.catalina.core.StandardWrapperValve.invoke(StandardWrapperValve.java:167)
	at org.apache.catalina.core.StandardContextValve.invoke(StandardContextValve.java:90)
	at org.apache.catalina.authenticator.AuthenticatorBase.invoke(AuthenticatorBase.java:483)
	at org.apache.catalina.core.StandardHostValve.invoke(StandardHostValve.java:116)
	at org.apache.catalina.valves.ErrorReportValve.invoke(ErrorReportValve.java:93)
	at org.apache.catalina.core.StandardEngineValve.invoke(StandardEngineValve.java:74)
	at org.apache.catalina.connector.CoyoteAdapter.service(CoyoteAdapter.java:344)
	at org.apache.coyote.http11.Http11Processor.service(Http11Processor.java:398)
	at org.apache.coyote.AbstractProcessorLight.process(AbstractProcessorLight.java:63)
	at org.apache.coyote.AbstractProtocol$ConnectionHandler.process(AbstractProtocol.java:903)
	at org.apache.tomcat.util.net.NioEndpoint$SocketProcessor.doRun(NioEndpoint.java:1769)
	at org.apache.tomcat.util.net.SocketProcessorBase.run(SocketProcessorBase.java:52)
	at org.apache.tomcat.util.threads.ThreadPoolExecutor.runWorker(ThreadPoolExecutor.java:1189)
	at org.apache.tomcat.util.threads.ThreadPoolExecutor$Worker.run(ThreadPoolExecutor.java:658)
	at org.apache.tomcat.util.threads.TaskThread$WrappingRunnable.run(TaskThread.java:63)
	at java.base/java.lang.Thread.run(Thread.java:1583)
25-09-25 17:43:19.434 [http-nio-8080-exec-3] ERROR o.a.c.c.C.[.[.[.[dispatcherServlet] - Servlet.service() for servlet [dispatcherServlet] in context with path [] threw exception [Request processing failed: java.lang.IllegalArgumentException: Invalid Sort Direction] with root cause 
java.lang.IllegalArgumentException: Invalid Sort Direction
	at com.vatManager.vatManager.utils.PageableUtils.createPageable(PageableUtils.java:34)
	at com.vatManager.vatManager.controller.ClientController.getAllClients(ClientController.java:60)
	at java.base/jdk.internal.reflect.DirectMethodHandleAccessor.invoke(DirectMethodHandleAccessor.java:103)
	at java.base/java.lang.reflect.Method.invoke(Method.java:580)
	at org.springframework.web.method.support.InvocableHandlerMethod.doInvoke(InvocableHandlerMethod.java:258)
	at org.springframework.web.method.support.InvocableHandlerMethod.invokeForRequest(InvocableHandlerMethod.java:191)
	at org.springframework.web.servlet.mvc.method.annotation.ServletInvocableHandlerMethod.invokeAndHandle(ServletInvocableHandlerMethod.java:118)
	at org.springframework.web.servlet.mvc.method.annotation.RequestMappingHandlerAdapter.invokeHandlerMethod(RequestMappingHandlerAdapter.java:991)
	at org.springframework.web.servlet.mvc.method.annotation.RequestMappingHandlerAdapter.handleInternal(RequestMappingHandlerAdapter.java:896)
	at org.springframework.web.servlet.mvc.method.AbstractHandlerMethodAdapter.handle(AbstractHandlerMethodAdapter.java:87)
	at org.springframework.web.servlet.DispatcherServlet.doDispatch(DispatcherServlet.java:1089)
	at org.springframework.web.servlet.DispatcherServlet.doService(DispatcherServlet.java:979)
	at org.springframework.web.servlet.FrameworkServlet.processRequest(FrameworkServlet.java:1014)
	at org.springframework.web.servlet.FrameworkServlet.doGet(FrameworkServlet.java:903)
	at jakarta.servlet.http.HttpServlet.service(HttpServlet.java:564)
	at org.springframework.web.servlet.FrameworkServlet.service(FrameworkServlet.java:885)
	at jakarta.servlet.http.HttpServlet.service(HttpServlet.java:658)
	at org.apache.catalina.core.ApplicationFilterChain.internalDoFilter(ApplicationFilterChain.java:195)
	at org.apache.catalina.core.ApplicationFilterChain.doFilter(ApplicationFilterChain.java:140)
	at org.apache.tomcat.websocket.server.WsFilter.doFilter(WsFilter.java:51)
	at org.apache.catalina.core.ApplicationFilterChain.internalDoFilter(ApplicationFilterChain.java:164)
	at org.apache.catalina.core.ApplicationFilterChain.doFilter(ApplicationFilterChain.java:140)
	at org.springframework.web.filter.RequestContextFilter.doFilterInternal(RequestContextFilter.java:100)
	at org.springframework.web.filter.OncePerRequestFilter.doFilter(OncePerRequestFilter.java:116)
	at org.apache.catalina.core.ApplicationFilterChain.internalDoFilter(ApplicationFilterChain.java:164)
	at org.apache.catalina.core.ApplicationFilterChain.doFilter(ApplicationFilterChain.java:140)
	at org.springframework.web.filter.FormContentFilter.doFilterInternal(FormContentFilter.java:93)
	at org.springframework.web.filter.OncePerRequestFilter.doFilter(OncePerRequestFilter.java:116)
	at org.apache.catalina.core.ApplicationFilterChain.internalDoFilter(ApplicationFilterChain.java:164)
	at org.apache.catalina.core.ApplicationFilterChain.doFilter(ApplicationFilterChain.java:140)
	at org.springframework.web.filter.CharacterEncodingFilter.doFilterInternal(CharacterEncodingFilter.java:201)
	at org.springframework.web.filter.OncePerRequestFilter.doFilter(OncePerRequestFilter.java:116)
	at org.apache.catalina.core.ApplicationFilterChain.internalDoFilter(ApplicationFilterChain.java:164)
	at org.apache.catalina.core.ApplicationFilterChain.doFilter(ApplicationFilterChain.java:140)
	at org.apache.catalina.core.StandardWrapperValve.invoke(StandardWrapperValve.java:167)
	at org.apache.catalina.core.StandardContextValve.invoke(StandardContextValve.java:90)
	at org.apache.catalina.authenticator.AuthenticatorBase.invoke(AuthenticatorBase.java:483)
	at org.apache.catalina.core.StandardHostValve.invoke(StandardHostValve.java:116)
	at org.apache.catalina.valves.ErrorReportValve.invoke(ErrorReportValve.java:93)
	at org.apache.catalina.core.StandardEngineValve.invoke(StandardEngineValve.java:74)
	at org.apache.catalina.connector.CoyoteAdapter.service(CoyoteAdapter.java:344)
	at org.apache.coyote.http11.Http11Processor.service(Http11Processor.java:398)
	at org.apache.coyote.AbstractProcessorLight.process(AbstractProcessorLight.java:63)
	at org.apache.coyote.AbstractProtocol$ConnectionHandler.process(AbstractProtocol.java:903)
	at org.apache.tomcat.util.net.NioEndpoint$SocketProcessor.doRun(NioEndpoint.java:1769)
	at org.apache.tomcat.util.net.SocketProcessorBase.run(SocketProcessorBase.java:52)
	at org.apache.tomcat.util.threads.ThreadPoolExecutor.runWorker(ThreadPoolExecutor.java:1189)
	at org.apache.tomcat.util.threads.ThreadPoolExecutor$Worker.run(ThreadPoolExecutor.java:658)
	at org.apache.tomcat.util.threads.TaskThread$WrappingRunnable.run(TaskThread.java:63)
	at java.base/java.lang.Thread.run(Thread.java:1583)
25-09-25 17:44:00.151 [http-nio-8080-exec-6] ERROR o.a.c.c.C.[.[.[.[dispatcherServlet] - Servlet.service() for servlet [dispatcherServlet] in context with path [] threw exception [Request processing failed: java.lang.IllegalArgumentException: Invalid Sort Direction] with root cause 
java.lang.IllegalArgumentException: Invalid Sort Direction
	at com.vatManager.vatManager.utils.PageableUtils.createPageable(PageableUtils.java:34)
	at com.vatManager.vatManager.controller.ClientController.getAllClients(ClientController.java:60)
	at java.base/jdk.internal.reflect.DirectMethodHandleAccessor.invoke(DirectMethodHandleAccessor.java:103)
	at java.base/java.lang.reflect.Method.invoke(Method.java:580)
	at org.springframework.web.method.support.InvocableHandlerMethod.doInvoke(InvocableHandlerMethod.java:258)
	at org.springframework.web.method.support.InvocableHandlerMethod.invokeForRequest(InvocableHandlerMethod.java:191)
	at org.springframework.web.servlet.mvc.method.annotation.ServletInvocableHandlerMethod.invokeAndHandle(ServletInvocableHandlerMethod.java:118)
	at org.springframework.web.servlet.mvc.method.annotation.RequestMappingHandlerAdapter.invokeHandlerMethod(RequestMappingHandlerAdapter.java:991)
	at org.springframework.web.servlet.mvc.method.annotation.RequestMappingHandlerAdapter.handleInternal(RequestMappingHandlerAdapter.java:896)
	at org.springframework.web.servlet.mvc.method.AbstractHandlerMethodAdapter.handle(AbstractHandlerMethodAdapter.java:87)
	at org.springframework.web.servlet.DispatcherServlet.doDispatch(DispatcherServlet.java:1089)
	at org.springframework.web.servlet.DispatcherServlet.doService(DispatcherServlet.java:979)
	at org.springframework.web.servlet.FrameworkServlet.processRequest(FrameworkServlet.java:1014)
	at org.springframework.web.servlet.FrameworkServlet.doGet(FrameworkServlet.java:903)
	at jakarta.servlet.http.HttpServlet.service(HttpServlet.java:564)
	at org.springframework.web.servlet.FrameworkServlet.service(FrameworkServlet.java:885)
	at jakarta.servlet.http.HttpServlet.service(HttpServlet.java:658)
	at org.apache.catalina.core.ApplicationFilterChain.internalDoFilter(ApplicationFilterChain.java:195)
	at org.apache.catalina.core.ApplicationFilterChain.doFilter(ApplicationFilterChain.java:140)
	at org.apache.tomcat.websocket.server.WsFilter.doFilter(WsFilter.java:51)
	at org.apache.catalina.core.ApplicationFilterChain.internalDoFilter(ApplicationFilterChain.java:164)
	at org.apache.catalina.core.ApplicationFilterChain.doFilter(ApplicationFilterChain.java:140)
	at org.springframework.web.filter.RequestContextFilter.doFilterInternal(RequestContextFilter.java:100)
	at org.springframework.web.filter.OncePerRequestFilter.doFilter(OncePerRequestFilter.java:116)
	at org.apache.catalina.core.ApplicationFilterChain.internalDoFilter(ApplicationFilterChain.java:164)
	at org.apache.catalina.core.ApplicationFilterChain.doFilter(ApplicationFilterChain.java:140)
	at org.springframework.web.filter.FormContentFilter.doFilterInternal(FormContentFilter.java:93)
	at org.springframework.web.filter.OncePerRequestFilter.doFilter(OncePerRequestFilter.java:116)
	at org.apache.catalina.core.ApplicationFilterChain.internalDoFilter(ApplicationFilterChain.java:164)
	at org.apache.catalina.core.ApplicationFilterChain.doFilter(ApplicationFilterChain.java:140)
	at org.springframework.web.filter.CharacterEncodingFilter.doFilterInternal(CharacterEncodingFilter.java:201)
	at org.springframework.web.filter.OncePerRequestFilter.doFilter(OncePerRequestFilter.java:116)
	at org.apache.catalina.core.ApplicationFilterChain.internalDoFilter(ApplicationFilterChain.java:164)
	at org.apache.catalina.core.ApplicationFilterChain.doFilter(ApplicationFilterChain.java:140)
	at org.apache.catalina.core.StandardWrapperValve.invoke(StandardWrapperValve.java:167)
	at org.apache.catalina.core.StandardContextValve.invoke(StandardContextValve.java:90)
	at org.apache.catalina.authenticator.AuthenticatorBase.invoke(AuthenticatorBase.java:483)
	at org.apache.catalina.core.StandardHostValve.invoke(StandardHostValve.java:116)
	at org.apache.catalina.valves.ErrorReportValve.invoke(ErrorReportValve.java:93)
	at org.apache.catalina.core.StandardEngineValve.invoke(StandardEngineValve.java:74)
	at org.apache.catalina.connector.CoyoteAdapter.service(CoyoteAdapter.java:344)
	at org.apache.coyote.http11.Http11Processor.service(Http11Processor.java:398)
	at org.apache.coyote.AbstractProcessorLight.process(AbstractProcessorLight.java:63)
	at org.apache.coyote.AbstractProtocol$ConnectionHandler.process(AbstractProtocol.java:903)
	at org.apache.tomcat.util.net.NioEndpoint$SocketProcessor.doRun(NioEndpoint.java:1769)
	at org.apache.tomcat.util.net.SocketProcessorBase.run(SocketProcessorBase.java:52)
	at org.apache.tomcat.util.threads.ThreadPoolExecutor.runWorker(ThreadPoolExecutor.java:1189)
	at org.apache.tomcat.util.threads.ThreadPoolExecutor$Worker.run(ThreadPoolExecutor.java:658)
	at org.apache.tomcat.util.threads.TaskThread$WrappingRunnable.run(TaskThread.java:63)
	at java.base/java.lang.Thread.run(Thread.java:1583)
25-09-25 17:44:27.292 [http-nio-8080-exec-8] ERROR o.a.c.c.C.[.[.[.[dispatcherServlet] - Servlet.service() for servlet [dispatcherServlet] in context with path [] threw exception [Request processing failed: java.lang.IllegalArgumentException: Invalid Sort Direction] with root cause 
java.lang.IllegalArgumentException: Invalid Sort Direction
	at com.vatManager.vatManager.utils.PageableUtils.createPageable(PageableUtils.java:34)
	at com.vatManager.vatManager.controller.ClientController.getAllClients(ClientController.java:60)
	at java.base/jdk.internal.reflect.DirectMethodHandleAccessor.invoke(DirectMethodHandleAccessor.java:103)
	at java.base/java.lang.reflect.Method.invoke(Method.java:580)
	at org.springframework.web.method.support.InvocableHandlerMethod.doInvoke(InvocableHandlerMethod.java:258)
	at org.springframework.web.method.support.InvocableHandlerMethod.invokeForRequest(InvocableHandlerMethod.java:191)
	at org.springframework.web.servlet.mvc.method.annotation.ServletInvocableHandlerMethod.invokeAndHandle(ServletInvocableHandlerMethod.java:118)
	at org.springframework.web.servlet.mvc.method.annotation.RequestMappingHandlerAdapter.invokeHandlerMethod(RequestMappingHandlerAdapter.java:991)
	at org.springframework.web.servlet.mvc.method.annotation.RequestMappingHandlerAdapter.handleInternal(RequestMappingHandlerAdapter.java:896)
	at org.springframework.web.servlet.mvc.method.AbstractHandlerMethodAdapter.handle(AbstractHandlerMethodAdapter.java:87)
	at org.springframework.web.servlet.DispatcherServlet.doDispatch(DispatcherServlet.java:1089)
	at org.springframework.web.servlet.DispatcherServlet.doService(DispatcherServlet.java:979)
	at org.springframework.web.servlet.FrameworkServlet.processRequest(FrameworkServlet.java:1014)
	at org.springframework.web.servlet.FrameworkServlet.doGet(FrameworkServlet.java:903)
	at jakarta.servlet.http.HttpServlet.service(HttpServlet.java:564)
	at org.springframework.web.servlet.FrameworkServlet.service(FrameworkServlet.java:885)
	at jakarta.servlet.http.HttpServlet.service(HttpServlet.java:658)
	at org.apache.catalina.core.ApplicationFilterChain.internalDoFilter(ApplicationFilterChain.java:195)
	at org.apache.catalina.core.ApplicationFilterChain.doFilter(ApplicationFilterChain.java:140)
	at org.apache.tomcat.websocket.server.WsFilter.doFilter(WsFilter.java:51)
	at org.apache.catalina.core.ApplicationFilterChain.internalDoFilter(ApplicationFilterChain.java:164)
	at org.apache.catalina.core.ApplicationFilterChain.doFilter(ApplicationFilterChain.java:140)
	at org.springframework.web.filter.RequestContextFilter.doFilterInternal(RequestContextFilter.java:100)
	at org.springframework.web.filter.OncePerRequestFilter.doFilter(OncePerRequestFilter.java:116)
	at org.apache.catalina.core.ApplicationFilterChain.internalDoFilter(ApplicationFilterChain.java:164)
	at org.apache.catalina.core.ApplicationFilterChain.doFilter(ApplicationFilterChain.java:140)
	at org.springframework.web.filter.FormContentFilter.doFilterInternal(FormContentFilter.java:93)
	at org.springframework.web.filter.OncePerRequestFilter.doFilter(OncePerRequestFilter.java:116)
	at org.apache.catalina.core.ApplicationFilterChain.internalDoFilter(ApplicationFilterChain.java:164)
	at org.apache.catalina.core.ApplicationFilterChain.doFilter(ApplicationFilterChain.java:140)
	at org.springframework.web.filter.CharacterEncodingFilter.doFilterInternal(CharacterEncodingFilter.java:201)
	at org.springframework.web.filter.OncePerRequestFilter.doFilter(OncePerRequestFilter.java:116)
	at org.apache.catalina.core.ApplicationFilterChain.internalDoFilter(ApplicationFilterChain.java:164)
	at org.apache.catalina.core.ApplicationFilterChain.doFilter(ApplicationFilterChain.java:140)
	at org.apache.catalina.core.StandardWrapperValve.invoke(StandardWrapperValve.java:167)
	at org.apache.catalina.core.StandardContextValve.invoke(StandardContextValve.java:90)
	at org.apache.catalina.authenticator.AuthenticatorBase.invoke(AuthenticatorBase.java:483)
	at org.apache.catalina.core.StandardHostValve.invoke(StandardHostValve.java:116)
	at org.apache.catalina.valves.ErrorReportValve.invoke(ErrorReportValve.java:93)
	at org.apache.catalina.core.StandardEngineValve.invoke(StandardEngineValve.java:74)
	at org.apache.catalina.connector.CoyoteAdapter.service(CoyoteAdapter.java:344)
	at org.apache.coyote.http11.Http11Processor.service(Http11Processor.java:398)
	at org.apache.coyote.AbstractProcessorLight.process(AbstractProcessorLight.java:63)
	at org.apache.coyote.AbstractProtocol$ConnectionHandler.process(AbstractProtocol.java:903)
	at org.apache.tomcat.util.net.NioEndpoint$SocketProcessor.doRun(NioEndpoint.java:1769)
	at org.apache.tomcat.util.net.SocketProcessorBase.run(SocketProcessorBase.java:52)
	at org.apache.tomcat.util.threads.ThreadPoolExecutor.runWorker(ThreadPoolExecutor.java:1189)
	at org.apache.tomcat.util.threads.ThreadPoolExecutor$Worker.run(ThreadPoolExecutor.java:658)
	at org.apache.tomcat.util.threads.TaskThread$WrappingRunnable.run(TaskThread.java:63)
	at java.base/java.lang.Thread.run(Thread.java:1583)
25-09-25 17:44:31.715 [http-nio-8080-exec-10] INFO  c.v.v.service.ClientServiceImpl - Getting all the Clients from the Database. 
25-09-25 17:44:44.070 [http-nio-8080-exec-1] INFO  c.v.v.service.ClientServiceImpl - Getting all the Clients from the Database. 
25-09-25 17:44:44.071 [http-nio-8080-exec-1] ERROR o.a.c.c.C.[.[.[.[dispatcherServlet] - Servlet.service() for servlet [dispatcherServlet] in context with path [] threw exception [Request processing failed: org.springframework.data.mapping.PropertyReferenceException: No property 'foom' found for type 'Client'] with root cause 
org.springframework.data.mapping.PropertyReferenceException: No property 'foom' found for type 'Client'
	at org.springframework.data.mapping.PropertyPath.<init>(PropertyPath.java:94)
	at org.springframework.data.mapping.PropertyPath.create(PropertyPath.java:455)
	at org.springframework.data.mapping.PropertyPath.create(PropertyPath.java:431)
	at org.springframework.data.mapping.PropertyPath.lambda$from$0(PropertyPath.java:384)
	at java.base/java.util.concurrent.ConcurrentMap.computeIfAbsent(ConcurrentMap.java:330)
	at org.springframework.data.mapping.PropertyPath.from(PropertyPath.java:366)
	at org.springframework.data.mapping.PropertyPath.from(PropertyPath.java:344)
	at org.springframework.data.jpa.repository.query.QueryUtils.toJpaOrder(QueryUtils.java:725)
	at org.springframework.data.jpa.repository.query.QueryUtils.toOrders(QueryUtils.java:678)
	at org.springframework.data.jpa.repository.support.SimpleJpaRepository.getQuery(SimpleJpaRepository.java:848)
	at org.springframework.data.jpa.repository.support.SimpleJpaRepository.getQuery(SimpleJpaRepository.java:777)
	at org.springframework.data.jpa.repository.support.SimpleJpaRepository.getQuery(SimpleJpaRepository.java:744)
	at org.springframework.data.jpa.repository.support.SimpleJpaRepository.findAll(SimpleJpaRepository.java:469)
	at org.springframework.data.jpa.repository.support.SimpleJpaRepository.findAll(SimpleJpaRepository.java:463)
	at org.springframework.data.jpa.repository.support.SimpleJpaRepository.findAll(SimpleJpaRepository.java:443)
	at java.base/jdk.internal.reflect.DirectMethodHandleAccessor.invoke(DirectMethodHandleAccessor.java:103)
	at java.base/java.lang.reflect.Method.invoke(Method.java:580)
	at org.springframework.aop.support.AopUtils.invokeJoinpointUsingReflection(AopUtils.java:360)
	at org.springframework.data.repository.core.support.RepositoryMethodInvoker$RepositoryFragmentMethodInvoker.lambda$new$0(RepositoryMethodInvoker.java:277)
	at org.springframework.data.repository.core.support.RepositoryMethodInvoker.doInvoke(RepositoryMethodInvoker.java:170)
	at org.springframework.data.repository.core.support.RepositoryMethodInvoker.invoke(RepositoryMethodInvoker.java:158)
	at org.springframework.data.repository.core.support.RepositoryComposition$RepositoryFragments.invoke(RepositoryComposition.java:515)
	at org.springframework.data.repository.core.support.RepositoryComposition.invoke(RepositoryComposition.java:284)
	at org.springframework.data.repository.core.support.RepositoryFactorySupport$ImplementationMethodExecutionInterceptor.invoke(RepositoryFactorySupport.java:734)
	at org.springframework.aop.framework.ReflectiveMethodInvocation.proceed(ReflectiveMethodInvocation.java:184)
	at org.springframework.data.repository.core.support.QueryExecutorMethodInterceptor.doInvoke(QueryExecutorMethodInterceptor.java:174)
	at org.springframework.data.repository.core.support.QueryExecutorMethodInterceptor.invoke(QueryExecutorMethodInterceptor.java:149)
	at org.springframework.aop.framework.ReflectiveMethodInvocation.proceed(ReflectiveMethodInvocation.java:184)
	at org.springframework.data.projection.DefaultMethodInvokingMethodInterceptor.invoke(DefaultMethodInvokingMethodInterceptor.java:69)
	at org.springframework.aop.framework.ReflectiveMethodInvocation.proceed(ReflectiveMethodInvocation.java:184)
	at org.springframework.transaction.interceptor.TransactionAspectSupport.invokeWithinTransaction(TransactionAspectSupport.java:380)
	at org.springframework.transaction.interceptor.TransactionInterceptor.invoke(TransactionInterceptor.java:119)
	at org.springframework.aop.framework.ReflectiveMethodInvocation.proceed(ReflectiveMethodInvocation.java:184)
	at org.springframework.dao.support.PersistenceExceptionTranslationInterceptor.invoke(PersistenceExceptionTranslationInterceptor.java:138)
	at org.springframework.aop.framework.ReflectiveMethodInvocation.proceed(ReflectiveMethodInvocation.java:184)
	at org.springframework.data.jpa.repository.support.CrudMethodMetadataPostProcessor$CrudMethodMetadataPopulatingMethodInterceptor.invoke(CrudMethodMetadataPostProcessor.java:165)
	at org.springframework.aop.framework.ReflectiveMethodInvocation.proceed(ReflectiveMethodInvocation.java:184)
	at org.springframework.aop.framework.JdkDynamicAopProxy.invoke(JdkDynamicAopProxy.java:223)
	at jdk.proxy4/jdk.proxy4.$Proxy130.findAll(Unknown Source)
	at com.vatManager.vatManager.service.ClientServiceImpl.getAllClients(ClientServiceImpl.java:42)
	at com.vatManager.vatManager.controller.ClientController.getAllClients(ClientController.java:61)
	at java.base/jdk.internal.reflect.DirectMethodHandleAccessor.invoke(DirectMethodHandleAccessor.java:103)
	at java.base/java.lang.reflect.Method.invoke(Method.java:580)
	at org.springframework.web.method.support.InvocableHandlerMethod.doInvoke(InvocableHandlerMethod.java:258)
	at org.springframework.web.method.support.InvocableHandlerMethod.invokeForRequest(InvocableHandlerMethod.java:191)
	at org.springframework.web.servlet.mvc.method.annotation.ServletInvocableHandlerMethod.invokeAndHandle(ServletInvocableHandlerMethod.java:118)
	at org.springframework.web.servlet.mvc.method.annotation.RequestMappingHandlerAdapter.invokeHandlerMethod(RequestMappingHandlerAdapter.java:991)
	at org.springframework.web.servlet.mvc.method.annotation.RequestMappingHandlerAdapter.handleInternal(RequestMappingHandlerAdapter.java:896)
	at org.springframework.web.servlet.mvc.method.AbstractHandlerMethodAdapter.handle(AbstractHandlerMethodAdapter.java:87)
	at org.springframework.web.servlet.DispatcherServlet.doDispatch(DispatcherServlet.java:1089)
	at org.springframework.web.servlet.DispatcherServlet.doService(DispatcherServlet.java:979)
	at org.springframework.web.servlet.FrameworkServlet.processRequest(FrameworkServlet.java:1014)
	at org.springframework.web.servlet.FrameworkServlet.doGet(FrameworkServlet.java:903)
	at jakarta.servlet.http.HttpServlet.service(HttpServlet.java:564)
	at org.springframework.web.servlet.FrameworkServlet.service(FrameworkServlet.java:885)
	at jakarta.servlet.http.HttpServlet.service(HttpServlet.java:658)
	at org.apache.catalina.core.ApplicationFilterChain.internalDoFilter(ApplicationFilterChain.java:195)
	at org.apache.catalina.core.ApplicationFilterChain.doFilter(ApplicationFilterChain.java:140)
	at org.apache.tomcat.websocket.server.WsFilter.doFilter(WsFilter.java:51)
	at org.apache.catalina.core.ApplicationFilterChain.internalDoFilter(ApplicationFilterChain.java:164)
	at org.apache.catalina.core.ApplicationFilterChain.doFilter(ApplicationFilterChain.java:140)
	at org.springframework.web.filter.RequestContextFilter.doFilterInternal(RequestContextFilter.java:100)
	at org.springframework.web.filter.OncePerRequestFilter.doFilter(OncePerRequestFilter.java:116)
	at org.apache.catalina.core.ApplicationFilterChain.internalDoFilter(ApplicationFilterChain.java:164)
	at org.apache.catalina.core.ApplicationFilterChain.doFilter(ApplicationFilterChain.java:140)
	at org.springframework.web.filter.FormContentFilter.doFilterInternal(FormContentFilter.java:93)
	at org.springframework.web.filter.OncePerRequestFilter.doFilter(OncePerRequestFilter.java:116)
	at org.apache.catalina.core.ApplicationFilterChain.internalDoFilter(ApplicationFilterChain.java:164)
	at org.apache.catalina.core.ApplicationFilterChain.doFilter(ApplicationFilterChain.java:140)
	at org.springframework.web.filter.CharacterEncodingFilter.doFilterInternal(CharacterEncodingFilter.java:201)
	at org.springframework.web.filter.OncePerRequestFilter.doFilter(OncePerRequestFilter.java:116)
	at org.apache.catalina.core.ApplicationFilterChain.internalDoFilter(ApplicationFilterChain.java:164)
	at org.apache.catalina.core.ApplicationFilterChain.doFilter(ApplicationFilterChain.java:140)
	at org.apache.catalina.core.StandardWrapperValve.invoke(StandardWrapperValve.java:167)
	at org.apache.catalina.core.StandardContextValve.invoke(StandardContextValve.java:90)
	at org.apache.catalina.authenticator.AuthenticatorBase.invoke(AuthenticatorBase.java:483)
	at org.apache.catalina.core.StandardHostValve.invoke(StandardHostValve.java:116)
	at org.apache.catalina.valves.ErrorReportValve.invoke(ErrorReportValve.java:93)
	at org.apache.catalina.core.StandardEngineValve.invoke(StandardEngineValve.java:74)
	at org.apache.catalina.connector.CoyoteAdapter.service(CoyoteAdapter.java:344)
	at org.apache.coyote.http11.Http11Processor.service(Http11Processor.java:398)
	at org.apache.coyote.AbstractProcessorLight.process(AbstractProcessorLight.java:63)
	at org.apache.coyote.AbstractProtocol$ConnectionHandler.process(AbstractProtocol.java:903)
	at org.apache.tomcat.util.net.NioEndpoint$SocketProcessor.doRun(NioEndpoint.java:1769)
	at org.apache.tomcat.util.net.SocketProcessorBase.run(SocketProcessorBase.java:52)
	at org.apache.tomcat.util.threads.ThreadPoolExecutor.runWorker(ThreadPoolExecutor.java:1189)
	at org.apache.tomcat.util.threads.ThreadPoolExecutor$Worker.run(ThreadPoolExecutor.java:658)
	at org.apache.tomcat.util.threads.TaskThread$WrappingRunnable.run(TaskThread.java:63)
	at java.base/java.lang.Thread.run(Thread.java:1583)
25-09-25 17:44:50.836 [http-nio-8080-exec-2] INFO  c.v.v.service.ClientServiceImpl - Getting all the Clients from the Database. 
25-09-25 17:46:03.204 [http-nio-8080-exec-5] ERROR o.a.c.c.C.[.[.[.[dispatcherServlet] - Servlet.service() for servlet [dispatcherServlet] in context with path [] threw exception [Request processing failed: java.lang.IllegalArgumentException: Invalid Sort Direction] with root cause 
java.lang.IllegalArgumentException: Invalid Sort Direction
	at com.vatManager.vatManager.utils.PageableUtils.createPageable(PageableUtils.java:34)
	at com.vatManager.vatManager.controller.ClientController.getAllClients(ClientController.java:60)
	at java.base/jdk.internal.reflect.DirectMethodHandleAccessor.invoke(DirectMethodHandleAccessor.java:103)
	at java.base/java.lang.reflect.Method.invoke(Method.java:580)
	at org.springframework.web.method.support.InvocableHandlerMethod.doInvoke(InvocableHandlerMethod.java:258)
	at org.springframework.web.method.support.InvocableHandlerMethod.invokeForRequest(InvocableHandlerMethod.java:191)
	at org.springframework.web.servlet.mvc.method.annotation.ServletInvocableHandlerMethod.invokeAndHandle(ServletInvocableHandlerMethod.java:118)
	at org.springframework.web.servlet.mvc.method.annotation.RequestMappingHandlerAdapter.invokeHandlerMethod(RequestMappingHandlerAdapter.java:991)
	at org.springframework.web.servlet.mvc.method.annotation.RequestMappingHandlerAdapter.handleInternal(RequestMappingHandlerAdapter.java:896)
	at org.springframework.web.servlet.mvc.method.AbstractHandlerMethodAdapter.handle(AbstractHandlerMethodAdapter.java:87)
	at org.springframework.web.servlet.DispatcherServlet.doDispatch(DispatcherServlet.java:1089)
	at org.springframework.web.servlet.DispatcherServlet.doService(DispatcherServlet.java:979)
	at org.springframework.web.servlet.FrameworkServlet.processRequest(FrameworkServlet.java:1014)
	at org.springframework.web.servlet.FrameworkServlet.doGet(FrameworkServlet.java:903)
	at jakarta.servlet.http.HttpServlet.service(HttpServlet.java:564)
	at org.springframework.web.servlet.FrameworkServlet.service(FrameworkServlet.java:885)
	at jakarta.servlet.http.HttpServlet.service(HttpServlet.java:658)
	at org.apache.catalina.core.ApplicationFilterChain.internalDoFilter(ApplicationFilterChain.java:195)
	at org.apache.catalina.core.ApplicationFilterChain.doFilter(ApplicationFilterChain.java:140)
	at org.apache.tomcat.websocket.server.WsFilter.doFilter(WsFilter.java:51)
	at org.apache.catalina.core.ApplicationFilterChain.internalDoFilter(ApplicationFilterChain.java:164)
	at org.apache.catalina.core.ApplicationFilterChain.doFilter(ApplicationFilterChain.java:140)
	at org.springframework.web.filter.RequestContextFilter.doFilterInternal(RequestContextFilter.java:100)
	at org.springframework.web.filter.OncePerRequestFilter.doFilter(OncePerRequestFilter.java:116)
	at org.apache.catalina.core.ApplicationFilterChain.internalDoFilter(ApplicationFilterChain.java:164)
	at org.apache.catalina.core.ApplicationFilterChain.doFilter(ApplicationFilterChain.java:140)
	at org.springframework.web.filter.FormContentFilter.doFilterInternal(FormContentFilter.java:93)
	at org.springframework.web.filter.OncePerRequestFilter.doFilter(OncePerRequestFilter.java:116)
	at org.apache.catalina.core.ApplicationFilterChain.internalDoFilter(ApplicationFilterChain.java:164)
	at org.apache.catalina.core.ApplicationFilterChain.doFilter(ApplicationFilterChain.java:140)
	at org.springframework.web.filter.CharacterEncodingFilter.doFilterInternal(CharacterEncodingFilter.java:201)
	at org.springframework.web.filter.OncePerRequestFilter.doFilter(OncePerRequestFilter.java:116)
	at org.apache.catalina.core.ApplicationFilterChain.internalDoFilter(ApplicationFilterChain.java:164)
	at org.apache.catalina.core.ApplicationFilterChain.doFilter(ApplicationFilterChain.java:140)
	at org.apache.catalina.core.StandardWrapperValve.invoke(StandardWrapperValve.java:167)
	at org.apache.catalina.core.StandardContextValve.invoke(StandardContextValve.java:90)
	at org.apache.catalina.authenticator.AuthenticatorBase.invoke(AuthenticatorBase.java:483)
	at org.apache.catalina.core.StandardHostValve.invoke(StandardHostValve.java:116)
	at org.apache.catalina.valves.ErrorReportValve.invoke(ErrorReportValve.java:93)
	at org.apache.catalina.core.StandardEngineValve.invoke(StandardEngineValve.java:74)
	at org.apache.catalina.connector.CoyoteAdapter.service(CoyoteAdapter.java:344)
	at org.apache.coyote.http11.Http11Processor.service(Http11Processor.java:398)
	at org.apache.coyote.AbstractProcessorLight.process(AbstractProcessorLight.java:63)
	at org.apache.coyote.AbstractProtocol$ConnectionHandler.process(AbstractProtocol.java:903)
	at org.apache.tomcat.util.net.NioEndpoint$SocketProcessor.doRun(NioEndpoint.java:1769)
	at org.apache.tomcat.util.net.SocketProcessorBase.run(SocketProcessorBase.java:52)
	at org.apache.tomcat.util.threads.ThreadPoolExecutor.runWorker(ThreadPoolExecutor.java:1189)
	at org.apache.tomcat.util.threads.ThreadPoolExecutor$Worker.run(ThreadPoolExecutor.java:658)
	at org.apache.tomcat.util.threads.TaskThread$WrappingRunnable.run(TaskThread.java:63)
	at java.base/java.lang.Thread.run(Thread.java:1583)
25-09-25 17:46:13.120 [http-nio-8080-exec-8] ERROR o.a.c.c.C.[.[.[.[dispatcherServlet] - Servlet.service() for servlet [dispatcherServlet] in context with path [] threw exception [Request processing failed: java.lang.IllegalArgumentException: Invalid Sort Direction] with root cause 
java.lang.IllegalArgumentException: Invalid Sort Direction
	at com.vatManager.vatManager.utils.PageableUtils.createPageable(PageableUtils.java:34)
	at com.vatManager.vatManager.controller.ClientController.getAllClients(ClientController.java:60)
	at java.base/jdk.internal.reflect.DirectMethodHandleAccessor.invoke(DirectMethodHandleAccessor.java:103)
	at java.base/java.lang.reflect.Method.invoke(Method.java:580)
	at org.springframework.web.method.support.InvocableHandlerMethod.doInvoke(InvocableHandlerMethod.java:258)
	at org.springframework.web.method.support.InvocableHandlerMethod.invokeForRequest(InvocableHandlerMethod.java:191)
	at org.springframework.web.servlet.mvc.method.annotation.ServletInvocableHandlerMethod.invokeAndHandle(ServletInvocableHandlerMethod.java:118)
	at org.springframework.web.servlet.mvc.method.annotation.RequestMappingHandlerAdapter.invokeHandlerMethod(RequestMappingHandlerAdapter.java:991)
	at org.springframework.web.servlet.mvc.method.annotation.RequestMappingHandlerAdapter.handleInternal(RequestMappingHandlerAdapter.java:896)
	at org.springframework.web.servlet.mvc.method.AbstractHandlerMethodAdapter.handle(AbstractHandlerMethodAdapter.java:87)
	at org.springframework.web.servlet.DispatcherServlet.doDispatch(DispatcherServlet.java:1089)
	at org.springframework.web.servlet.DispatcherServlet.doService(DispatcherServlet.java:979)
	at org.springframework.web.servlet.FrameworkServlet.processRequest(FrameworkServlet.java:1014)
	at org.springframework.web.servlet.FrameworkServlet.doGet(FrameworkServlet.java:903)
	at jakarta.servlet.http.HttpServlet.service(HttpServlet.java:564)
	at org.springframework.web.servlet.FrameworkServlet.service(FrameworkServlet.java:885)
	at jakarta.servlet.http.HttpServlet.service(HttpServlet.java:658)
	at org.apache.catalina.core.ApplicationFilterChain.internalDoFilter(ApplicationFilterChain.java:195)
	at org.apache.catalina.core.ApplicationFilterChain.doFilter(ApplicationFilterChain.java:140)
	at org.apache.tomcat.websocket.server.WsFilter.doFilter(WsFilter.java:51)
	at org.apache.catalina.core.ApplicationFilterChain.internalDoFilter(ApplicationFilterChain.java:164)
	at org.apache.catalina.core.ApplicationFilterChain.doFilter(ApplicationFilterChain.java:140)
	at org.springframework.web.filter.RequestContextFilter.doFilterInternal(RequestContextFilter.java:100)
	at org.springframework.web.filter.OncePerRequestFilter.doFilter(OncePerRequestFilter.java:116)
	at org.apache.catalina.core.ApplicationFilterChain.internalDoFilter(ApplicationFilterChain.java:164)
	at org.apache.catalina.core.ApplicationFilterChain.doFilter(ApplicationFilterChain.java:140)
	at org.springframework.web.filter.FormContentFilter.doFilterInternal(FormContentFilter.java:93)
	at org.springframework.web.filter.OncePerRequestFilter.doFilter(OncePerRequestFilter.java:116)
	at org.apache.catalina.core.ApplicationFilterChain.internalDoFilter(ApplicationFilterChain.java:164)
	at org.apache.catalina.core.ApplicationFilterChain.doFilter(ApplicationFilterChain.java:140)
	at org.springframework.web.filter.CharacterEncodingFilter.doFilterInternal(CharacterEncodingFilter.java:201)
	at org.springframework.web.filter.OncePerRequestFilter.doFilter(OncePerRequestFilter.java:116)
	at org.apache.catalina.core.ApplicationFilterChain.internalDoFilter(ApplicationFilterChain.java:164)
	at org.apache.catalina.core.ApplicationFilterChain.doFilter(ApplicationFilterChain.java:140)
	at org.apache.catalina.core.StandardWrapperValve.invoke(StandardWrapperValve.java:167)
	at org.apache.catalina.core.StandardContextValve.invoke(StandardContextValve.java:90)
	at org.apache.catalina.authenticator.AuthenticatorBase.invoke(AuthenticatorBase.java:483)
	at org.apache.catalina.core.StandardHostValve.invoke(StandardHostValve.java:116)
	at org.apache.catalina.valves.ErrorReportValve.invoke(ErrorReportValve.java:93)
	at org.apache.catalina.core.StandardEngineValve.invoke(StandardEngineValve.java:74)
	at org.apache.catalina.connector.CoyoteAdapter.service(CoyoteAdapter.java:344)
	at org.apache.coyote.http11.Http11Processor.service(Http11Processor.java:398)
	at org.apache.coyote.AbstractProcessorLight.process(AbstractProcessorLight.java:63)
	at org.apache.coyote.AbstractProtocol$ConnectionHandler.process(AbstractProtocol.java:903)
	at org.apache.tomcat.util.net.NioEndpoint$SocketProcessor.doRun(NioEndpoint.java:1769)
	at org.apache.tomcat.util.net.SocketProcessorBase.run(SocketProcessorBase.java:52)
	at org.apache.tomcat.util.threads.ThreadPoolExecutor.runWorker(ThreadPoolExecutor.java:1189)
	at org.apache.tomcat.util.threads.ThreadPoolExecutor$Worker.run(ThreadPoolExecutor.java:658)
	at org.apache.tomcat.util.threads.TaskThread$WrappingRunnable.run(TaskThread.java:63)
	at java.base/java.lang.Thread.run(Thread.java:1583)
25-09-25 17:46:22.862 [http-nio-8080-exec-10] ERROR o.a.c.c.C.[.[.[.[dispatcherServlet] - Servlet.service() for servlet [dispatcherServlet] in context with path [] threw exception [Request processing failed: java.lang.IllegalArgumentException: Invalid Sort Direction] with root cause 
java.lang.IllegalArgumentException: Invalid Sort Direction
	at com.vatManager.vatManager.utils.PageableUtils.createPageable(PageableUtils.java:34)
	at com.vatManager.vatManager.controller.ClientController.getAllClients(ClientController.java:60)
	at java.base/jdk.internal.reflect.DirectMethodHandleAccessor.invoke(DirectMethodHandleAccessor.java:103)
	at java.base/java.lang.reflect.Method.invoke(Method.java:580)
	at org.springframework.web.method.support.InvocableHandlerMethod.doInvoke(InvocableHandlerMethod.java:258)
	at org.springframework.web.method.support.InvocableHandlerMethod.invokeForRequest(InvocableHandlerMethod.java:191)
	at org.springframework.web.servlet.mvc.method.annotation.ServletInvocableHandlerMethod.invokeAndHandle(ServletInvocableHandlerMethod.java:118)
	at org.springframework.web.servlet.mvc.method.annotation.RequestMappingHandlerAdapter.invokeHandlerMethod(RequestMappingHandlerAdapter.java:991)
	at org.springframework.web.servlet.mvc.method.annotation.RequestMappingHandlerAdapter.handleInternal(RequestMappingHandlerAdapter.java:896)
	at org.springframework.web.servlet.mvc.method.AbstractHandlerMethodAdapter.handle(AbstractHandlerMethodAdapter.java:87)
	at org.springframework.web.servlet.DispatcherServlet.doDispatch(DispatcherServlet.java:1089)
	at org.springframework.web.servlet.DispatcherServlet.doService(DispatcherServlet.java:979)
	at org.springframework.web.servlet.FrameworkServlet.processRequest(FrameworkServlet.java:1014)
	at org.springframework.web.servlet.FrameworkServlet.doGet(FrameworkServlet.java:903)
	at jakarta.servlet.http.HttpServlet.service(HttpServlet.java:564)
	at org.springframework.web.servlet.FrameworkServlet.service(FrameworkServlet.java:885)
	at jakarta.servlet.http.HttpServlet.service(HttpServlet.java:658)
	at org.apache.catalina.core.ApplicationFilterChain.internalDoFilter(ApplicationFilterChain.java:195)
	at org.apache.catalina.core.ApplicationFilterChain.doFilter(ApplicationFilterChain.java:140)
	at org.apache.tomcat.websocket.server.WsFilter.doFilter(WsFilter.java:51)
	at org.apache.catalina.core.ApplicationFilterChain.internalDoFilter(ApplicationFilterChain.java:164)
	at org.apache.catalina.core.ApplicationFilterChain.doFilter(ApplicationFilterChain.java:140)
	at org.springframework.web.filter.RequestContextFilter.doFilterInternal(RequestContextFilter.java:100)
	at org.springframework.web.filter.OncePerRequestFilter.doFilter(OncePerRequestFilter.java:116)
	at org.apache.catalina.core.ApplicationFilterChain.internalDoFilter(ApplicationFilterChain.java:164)
	at org.apache.catalina.core.ApplicationFilterChain.doFilter(ApplicationFilterChain.java:140)
	at org.springframework.web.filter.FormContentFilter.doFilterInternal(FormContentFilter.java:93)
	at org.springframework.web.filter.OncePerRequestFilter.doFilter(OncePerRequestFilter.java:116)
	at org.apache.catalina.core.ApplicationFilterChain.internalDoFilter(ApplicationFilterChain.java:164)
	at org.apache.catalina.core.ApplicationFilterChain.doFilter(ApplicationFilterChain.java:140)
	at org.springframework.web.filter.CharacterEncodingFilter.doFilterInternal(CharacterEncodingFilter.java:201)
	at org.springframework.web.filter.OncePerRequestFilter.doFilter(OncePerRequestFilter.java:116)
	at org.apache.catalina.core.ApplicationFilterChain.internalDoFilter(ApplicationFilterChain.java:164)
	at org.apache.catalina.core.ApplicationFilterChain.doFilter(ApplicationFilterChain.java:140)
	at org.apache.catalina.core.StandardWrapperValve.invoke(StandardWrapperValve.java:167)
	at org.apache.catalina.core.StandardContextValve.invoke(StandardContextValve.java:90)
	at org.apache.catalina.authenticator.AuthenticatorBase.invoke(AuthenticatorBase.java:483)
	at org.apache.catalina.core.StandardHostValve.invoke(StandardHostValve.java:116)
	at org.apache.catalina.valves.ErrorReportValve.invoke(ErrorReportValve.java:93)
	at org.apache.catalina.core.StandardEngineValve.invoke(StandardEngineValve.java:74)
	at org.apache.catalina.connector.CoyoteAdapter.service(CoyoteAdapter.java:344)
	at org.apache.coyote.http11.Http11Processor.service(Http11Processor.java:398)
	at org.apache.coyote.AbstractProcessorLight.process(AbstractProcessorLight.java:63)
	at org.apache.coyote.AbstractProtocol$ConnectionHandler.process(AbstractProtocol.java:903)
	at org.apache.tomcat.util.net.NioEndpoint$SocketProcessor.doRun(NioEndpoint.java:1769)
	at org.apache.tomcat.util.net.SocketProcessorBase.run(SocketProcessorBase.java:52)
	at org.apache.tomcat.util.threads.ThreadPoolExecutor.runWorker(ThreadPoolExecutor.java:1189)
	at org.apache.tomcat.util.threads.ThreadPoolExecutor$Worker.run(ThreadPoolExecutor.java:658)
	at org.apache.tomcat.util.threads.TaskThread$WrappingRunnable.run(TaskThread.java:63)
	at java.base/java.lang.Thread.run(Thread.java:1583)
25-09-25 17:48:42.247 [File Watcher] INFO  o.s.b.d.a.LocalDevToolsAutoConfiguration$RestartingClassPathChangeChangedEventListener - Restarting due to 1 class path change (0 additions, 0 deletions, 1 modification) 
25-09-25 17:48:42.250 [Thread-5] INFO  o.s.b.w.e.tomcat.GracefulShutdown - Commencing graceful shutdown. Waiting for active requests to complete 
25-09-25 17:48:42.251 [tomcat-shutdown] INFO  o.a.coyote.http11.Http11NioProtocol - Pausing ProtocolHandler ["http-nio-8080"] 
25-09-25 17:48:42.274 [tomcat-shutdown] INFO  o.s.b.w.e.tomcat.GracefulShutdown - Graceful shutdown complete 
25-09-25 17:48:42.275 [Thread-5] INFO  o.a.coyote.http11.Http11NioProtocol - Stopping ProtocolHandler ["http-nio-8080"] 
25-09-25 17:48:42.278 [Thread-5] INFO  o.s.o.j.LocalContainerEntityManagerFactoryBean - Closing JPA EntityManagerFactory for persistence unit 'default' 
25-09-25 17:48:42.280 [Thread-5] INFO  com.zaxxer.hikari.HikariDataSource - HikariPool-1 - Shutdown initiated... 
25-09-25 17:48:42.283 [Thread-5] INFO  com.zaxxer.hikari.HikariDataSource - HikariPool-1 - Shutdown completed. 
25-09-25 17:48:42.352 [restartedMain] INFO  c.v.vatManager.VatManagerApplication - Starting VatManagerApplication using Java 21.0.5 with PID 15204 (D:\SpringBoot  Projects\vatManager\target\classes started by neraz in D:\SpringBoot  Projects\vatManager) 
25-09-25 17:48:42.352 [restartedMain] INFO  c.v.vatManager.VatManagerApplication - No active profile set, falling back to 1 default profile: "default" 
25-09-25 17:48:42.487 [restartedMain] INFO  o.s.d.r.c.RepositoryConfigurationDelegate - Bootstrapping Spring Data JPA repositories in DEFAULT mode. 
25-09-25 17:48:42.499 [restartedMain] INFO  o.s.d.r.c.RepositoryConfigurationDelegate - Finished Spring Data repository scanning in 10 ms. Found 1 JPA repository interface. 
25-09-25 17:48:42.586 [restartedMain] INFO  o.s.b.w.e.tomcat.TomcatWebServer - Tomcat initialized with port 8080 (http) 
25-09-25 17:48:42.587 [restartedMain] INFO  o.a.coyote.http11.Http11NioProtocol - Initializing ProtocolHandler ["http-nio-8080"] 
25-09-25 17:48:42.587 [restartedMain] INFO  o.a.catalina.core.StandardService - Starting service [Tomcat] 
25-09-25 17:48:42.587 [restartedMain] INFO  o.a.catalina.core.StandardEngine - Starting Servlet engine: [Apache Tomcat/10.1.44] 
25-09-25 17:48:42.611 [restartedMain] INFO  o.a.c.c.C.[Tomcat].[localhost].[/] - Initializing Spring embedded WebApplicationContext 
25-09-25 17:48:42.611 [restartedMain] INFO  o.s.b.w.s.c.ServletWebServerApplicationContext - Root WebApplicationContext: initialization completed in 257 ms 
25-09-25 17:48:42.643 [restartedMain] INFO  o.h.jpa.internal.util.LogHelper - HHH000204: Processing PersistenceUnitInfo [name: default] 
25-09-25 17:48:42.647 [restartedMain] INFO  o.h.c.i.RegionFactoryInitiator - HHH000026: Second-level cache disabled 
25-09-25 17:48:42.653 [restartedMain] INFO  o.s.o.j.p.SpringPersistenceUnitInfo - No LoadTimeWeaver setup: ignoring JPA class transformer 
25-09-25 17:48:42.655 [restartedMain] INFO  com.zaxxer.hikari.HikariDataSource - HikariPool-2 - Starting... 
25-09-25 17:48:42.657 [restartedMain] INFO  com.zaxxer.hikari.pool.HikariPool - HikariPool-2 - Added connection org.sqlite.jdbc4.JDBC4Connection@7495ff56 
25-09-25 17:48:42.657 [restartedMain] INFO  com.zaxxer.hikari.HikariDataSource - HikariPool-2 - Start completed. 
25-09-25 17:48:42.658 [restartedMain] INFO  o.hibernate.orm.connections.pooling - HHH10001005: Database info:
	Database JDBC URL [Connecting through datasource 'HikariDataSource (HikariPool-2)']
	Database driver: undefined/unknown
	Database version: 3.50.3
	Autocommit mode: undefined/unknown
	Isolation level: undefined/unknown
	Minimum pool size: undefined/unknown
	Maximum pool size: undefined/unknown 
25-09-25 17:48:42.692 [restartedMain] INFO  o.h.e.t.j.p.i.JtaPlatformInitiator - HHH000489: No JTA platform available (set 'hibernate.transaction.jta.platform' to enable JTA platform integration) 
25-09-25 17:48:42.693 [restartedMain] INFO  o.s.o.j.LocalContainerEntityManagerFactoryBean - Initialized JPA EntityManagerFactory for persistence unit 'default' 
25-09-25 17:48:42.773 [restartedMain] WARN  o.s.b.a.o.j.JpaBaseConfiguration$JpaWebConfiguration - spring.jpa.open-in-view is enabled by default. Therefore, database queries may be performed during view rendering. Explicitly configure spring.jpa.open-in-view to disable this warning 
25-09-25 17:48:42.896 [restartedMain] INFO  o.s.b.d.a.OptionalLiveReloadServer - LiveReload server is running on port 35729 
25-09-25 17:48:42.903 [restartedMain] INFO  o.a.coyote.http11.Http11NioProtocol - Starting ProtocolHandler ["http-nio-8080"] 
25-09-25 17:48:42.906 [restartedMain] INFO  o.s.b.w.e.tomcat.TomcatWebServer - Tomcat started on port 8080 (http) with context path '/' 
25-09-25 17:48:42.909 [restartedMain] INFO  c.v.vatManager.VatManagerApplication - Started VatManagerApplication in 0.584 seconds (process running for 1251.432) 
25-09-25 17:48:42.911 [restartedMain] INFO  o.s.b.d.a.ConditionEvaluationDeltaLoggingListener - Condition evaluation unchanged 
25-09-25 17:50:23.775 [File Watcher] INFO  o.s.b.d.a.LocalDevToolsAutoConfiguration$RestartingClassPathChangeChangedEventListener - Restarting due to 1 class path change (0 additions, 0 deletions, 1 modification) 
25-09-25 17:50:23.776 [Thread-7] INFO  o.s.b.w.e.tomcat.GracefulShutdown - Commencing graceful shutdown. Waiting for active requests to complete 
25-09-25 17:50:23.776 [tomcat-shutdown] INFO  o.a.coyote.http11.Http11NioProtocol - Pausing ProtocolHandler ["http-nio-8080"] 
25-09-25 17:50:23.796 [tomcat-shutdown] INFO  o.s.b.w.e.tomcat.GracefulShutdown - Graceful shutdown complete 
25-09-25 17:50:23.796 [Thread-7] INFO  o.a.coyote.http11.Http11NioProtocol - Stopping ProtocolHandler ["http-nio-8080"] 
25-09-25 17:50:23.799 [Thread-7] INFO  o.s.o.j.LocalContainerEntityManagerFactoryBean - Closing JPA EntityManagerFactory for persistence unit 'default' 
25-09-25 17:50:23.799 [Thread-7] INFO  com.zaxxer.hikari.HikariDataSource - HikariPool-2 - Shutdown initiated... 
25-09-25 17:50:23.800 [Thread-7] INFO  com.zaxxer.hikari.HikariDataSource - HikariPool-2 - Shutdown completed. 
25-09-25 17:50:23.857 [restartedMain] INFO  c.v.vatManager.VatManagerApplication - Starting VatManagerApplication using Java 21.0.5 with PID 15204 (D:\SpringBoot  Projects\vatManager\target\classes started by neraz in D:\SpringBoot  Projects\vatManager) 
25-09-25 17:50:23.858 [restartedMain] INFO  c.v.vatManager.VatManagerApplication - No active profile set, falling back to 1 default profile: "default" 
25-09-25 17:50:23.987 [restartedMain] INFO  o.s.d.r.c.RepositoryConfigurationDelegate - Bootstrapping Spring Data JPA repositories in DEFAULT mode. 
25-09-25 17:50:23.996 [restartedMain] INFO  o.s.d.r.c.RepositoryConfigurationDelegate - Finished Spring Data repository scanning in 8 ms. Found 1 JPA repository interface. 
25-09-25 17:50:24.061 [restartedMain] INFO  o.s.b.w.e.tomcat.TomcatWebServer - Tomcat initialized with port 8080 (http) 
25-09-25 17:50:24.061 [restartedMain] INFO  o.a.coyote.http11.Http11NioProtocol - Initializing ProtocolHandler ["http-nio-8080"] 
25-09-25 17:50:24.062 [restartedMain] INFO  o.a.catalina.core.StandardService - Starting service [Tomcat] 
25-09-25 17:50:24.062 [restartedMain] INFO  o.a.catalina.core.StandardEngine - Starting Servlet engine: [Apache Tomcat/10.1.44] 
25-09-25 17:50:24.085 [restartedMain] INFO  o.a.c.c.C.[Tomcat].[localhost].[/] - Initializing Spring embedded WebApplicationContext 
25-09-25 17:50:24.085 [restartedMain] INFO  o.s.b.w.s.c.ServletWebServerApplicationContext - Root WebApplicationContext: initialization completed in 226 ms 
25-09-25 17:50:24.112 [restartedMain] INFO  o.h.jpa.internal.util.LogHelper - HHH000204: Processing PersistenceUnitInfo [name: default] 
25-09-25 17:50:24.114 [restartedMain] INFO  o.h.c.i.RegionFactoryInitiator - HHH000026: Second-level cache disabled 
25-09-25 17:50:24.120 [restartedMain] INFO  o.s.o.j.p.SpringPersistenceUnitInfo - No LoadTimeWeaver setup: ignoring JPA class transformer 
25-09-25 17:50:24.122 [restartedMain] INFO  com.zaxxer.hikari.HikariDataSource - HikariPool-3 - Starting... 
25-09-25 17:50:24.123 [restartedMain] INFO  com.zaxxer.hikari.pool.HikariPool - HikariPool-3 - Added connection org.sqlite.jdbc4.JDBC4Connection@358ca124 
25-09-25 17:50:24.124 [restartedMain] INFO  com.zaxxer.hikari.HikariDataSource - HikariPool-3 - Start completed. 
25-09-25 17:50:24.124 [restartedMain] INFO  o.hibernate.orm.connections.pooling - HHH10001005: Database info:
	Database JDBC URL [Connecting through datasource 'HikariDataSource (HikariPool-3)']
	Database driver: undefined/unknown
	Database version: 3.50.3
	Autocommit mode: undefined/unknown
	Isolation level: undefined/unknown
	Minimum pool size: undefined/unknown
	Maximum pool size: undefined/unknown 
25-09-25 17:50:24.155 [restartedMain] INFO  o.h.e.t.j.p.i.JtaPlatformInitiator - HHH000489: No JTA platform available (set 'hibernate.transaction.jta.platform' to enable JTA platform integration) 
25-09-25 17:50:24.157 [restartedMain] INFO  o.s.o.j.LocalContainerEntityManagerFactoryBean - Initialized JPA EntityManagerFactory for persistence unit 'default' 
25-09-25 17:50:24.225 [restartedMain] WARN  o.s.b.a.o.j.JpaBaseConfiguration$JpaWebConfiguration - spring.jpa.open-in-view is enabled by default. Therefore, database queries may be performed during view rendering. Explicitly configure spring.jpa.open-in-view to disable this warning 
25-09-25 17:50:24.309 [restartedMain] INFO  o.s.b.d.a.OptionalLiveReloadServer - LiveReload server is running on port 35729 
25-09-25 17:50:24.315 [restartedMain] INFO  o.a.coyote.http11.Http11NioProtocol - Starting ProtocolHandler ["http-nio-8080"] 
25-09-25 17:50:24.319 [restartedMain] INFO  o.s.b.w.e.tomcat.TomcatWebServer - Tomcat started on port 8080 (http) with context path '/' 
25-09-25 17:50:24.321 [restartedMain] INFO  c.v.vatManager.VatManagerApplication - Started VatManagerApplication in 0.486 seconds (process running for 1352.844) 
25-09-25 17:50:24.322 [restartedMain] INFO  o.s.b.d.a.ConditionEvaluationDeltaLoggingListener - Condition evaluation unchanged 
25-09-25 17:50:24.860 [RMI TCP Connection(38)-127.0.0.1] INFO  o.s.b.a.SpringApplicationAdminMXBeanRegistrar$SpringApplicationAdmin - Application shutdown requested. 
25-09-25 17:50:24.861 [RMI TCP Connection(38)-127.0.0.1] INFO  o.s.b.w.e.tomcat.GracefulShutdown - Commencing graceful shutdown. Waiting for active requests to complete 
25-09-25 17:50:24.861 [tomcat-shutdown] INFO  o.a.coyote.http11.Http11NioProtocol - Pausing ProtocolHandler ["http-nio-8080"] 
25-09-25 17:50:24.878 [tomcat-shutdown] INFO  o.s.b.w.e.tomcat.GracefulShutdown - Graceful shutdown complete 
25-09-25 17:50:24.879 [RMI TCP Connection(38)-127.0.0.1] INFO  o.a.coyote.http11.Http11NioProtocol - Stopping ProtocolHandler ["http-nio-8080"] 
25-09-25 17:50:24.880 [RMI TCP Connection(38)-127.0.0.1] INFO  o.s.o.j.LocalContainerEntityManagerFactoryBean - Closing JPA EntityManagerFactory for persistence unit 'default' 
25-09-25 17:50:24.881 [RMI TCP Connection(38)-127.0.0.1] INFO  com.zaxxer.hikari.HikariDataSource - HikariPool-3 - Shutdown initiated... 
25-09-25 17:50:24.882 [RMI TCP Connection(38)-127.0.0.1] INFO  com.zaxxer.hikari.HikariDataSource - HikariPool-3 - Shutdown completed. 
25-09-25 17:50:27.069 [background-preinit] INFO  o.h.validator.internal.util.Version - HV000001: Hibernate Validator 8.0.3.Final 
25-09-25 17:50:27.110 [restartedMain] INFO  c.v.vatManager.VatManagerApplication - Starting VatManagerApplication using Java 21.0.5 with PID 16892 (D:\SpringBoot  Projects\vatManager\target\classes started by neraz in D:\SpringBoot  Projects\vatManager) 
25-09-25 17:50:27.111 [restartedMain] INFO  c.v.vatManager.VatManagerApplication - No active profile set, falling back to 1 default profile: "default" 
25-09-25 17:50:27.148 [restartedMain] INFO  o.s.b.d.e.DevToolsPropertyDefaultsPostProcessor - Devtools property defaults active! Set 'spring.devtools.add-properties' to 'false' to disable 
25-09-25 17:50:27.148 [restartedMain] INFO  o.s.b.d.e.DevToolsPropertyDefaultsPostProcessor - For additional web related logging consider setting the 'logging.level.web' property to 'DEBUG' 
25-09-25 17:50:27.681 [restartedMain] INFO  o.s.d.r.c.RepositoryConfigurationDelegate - Bootstrapping Spring Data JPA repositories in DEFAULT mode. 
25-09-25 17:50:27.727 [restartedMain] INFO  o.s.d.r.c.RepositoryConfigurationDelegate - Finished Spring Data repository scanning in 38 ms. Found 1 JPA repository interface. 
25-09-25 17:50:28.139 [restartedMain] INFO  o.s.b.w.e.tomcat.TomcatWebServer - Tomcat initialized with port 8080 (http) 
25-09-25 17:50:28.151 [restartedMain] INFO  o.a.coyote.http11.Http11NioProtocol - Initializing ProtocolHandler ["http-nio-8080"] 
25-09-25 17:50:28.154 [restartedMain] INFO  o.a.catalina.core.StandardService - Starting service [Tomcat] 
25-09-25 17:50:28.154 [restartedMain] INFO  o.a.catalina.core.StandardEngine - Starting Servlet engine: [Apache Tomcat/10.1.44] 
25-09-25 17:50:28.198 [restartedMain] INFO  o.a.c.c.C.[Tomcat].[localhost].[/] - Initializing Spring embedded WebApplicationContext 
25-09-25 17:50:28.198 [restartedMain] INFO  o.s.b.w.s.c.ServletWebServerApplicationContext - Root WebApplicationContext: initialization completed in 1050 ms 
25-09-25 17:50:28.333 [restartedMain] INFO  o.h.jpa.internal.util.LogHelper - HHH000204: Processing PersistenceUnitInfo [name: default] 
25-09-25 17:50:28.375 [restartedMain] INFO  org.hibernate.Version - HHH000412: Hibernate ORM core version 6.6.26.Final 
25-09-25 17:50:28.402 [restartedMain] INFO  o.h.c.i.RegionFactoryInitiator - HHH000026: Second-level cache disabled 
25-09-25 17:50:28.614 [restartedMain] INFO  o.s.o.j.p.SpringPersistenceUnitInfo - No LoadTimeWeaver setup: ignoring JPA class transformer 
25-09-25 17:50:28.639 [restartedMain] INFO  com.zaxxer.hikari.HikariDataSource - HikariPool-1 - Starting... 
25-09-25 17:50:28.845 [restartedMain] INFO  com.zaxxer.hikari.pool.HikariPool - HikariPool-1 - Added connection org.sqlite.jdbc4.JDBC4Connection@104bbb39 
25-09-25 17:50:28.846 [restartedMain] INFO  com.zaxxer.hikari.HikariDataSource - HikariPool-1 - Start completed. 
25-09-25 17:50:28.879 [restartedMain] INFO  o.hibernate.orm.connections.pooling - HHH10001005: Database info:
	Database JDBC URL [Connecting through datasource 'HikariDataSource (HikariPool-1)']
	Database driver: undefined/unknown
	Database version: 3.50.3
	Autocommit mode: undefined/unknown
	Isolation level: undefined/unknown
	Minimum pool size: undefined/unknown
	Maximum pool size: undefined/unknown 
25-09-25 17:50:29.476 [restartedMain] INFO  o.h.e.t.j.p.i.JtaPlatformInitiator - HHH000489: No JTA platform available (set 'hibernate.transaction.jta.platform' to enable JTA platform integration) 
25-09-25 17:50:29.502 [restartedMain] INFO  o.s.o.j.LocalContainerEntityManagerFactoryBean - Initialized JPA EntityManagerFactory for persistence unit 'default' 
25-09-25 17:50:29.695 [restartedMain] INFO  o.s.d.j.r.query.QueryEnhancerFactory - Hibernate is in classpath; If applicable, HQL parser will be used. 
25-09-25 17:50:29.769 [restartedMain] WARN  o.s.b.a.o.j.JpaBaseConfiguration$JpaWebConfiguration - spring.jpa.open-in-view is enabled by default. Therefore, database queries may be performed during view rendering. Explicitly configure spring.jpa.open-in-view to disable this warning 
25-09-25 17:50:30.093 [restartedMain] INFO  o.s.b.d.a.OptionalLiveReloadServer - LiveReload server is running on port 35729 
25-09-25 17:50:30.111 [restartedMain] INFO  o.a.coyote.http11.Http11NioProtocol - Starting ProtocolHandler ["http-nio-8080"] 
25-09-25 17:50:30.127 [restartedMain] INFO  o.s.b.w.e.tomcat.TomcatWebServer - Tomcat started on port 8080 (http) with context path '/' 
25-09-25 17:50:30.134 [restartedMain] INFO  c.v.vatManager.VatManagerApplication - Started VatManagerApplication in 3.31 seconds (process running for 4.038) 
25-09-25 17:50:35.297 [http-nio-8080-exec-1] INFO  o.a.c.c.C.[Tomcat].[localhost].[/] - Initializing Spring DispatcherServlet 'dispatcherServlet' 
25-09-25 17:50:35.297 [http-nio-8080-exec-1] INFO  o.s.web.servlet.DispatcherServlet - Initializing Servlet 'dispatcherServlet' 
25-09-25 17:50:35.298 [http-nio-8080-exec-1] INFO  o.s.web.servlet.DispatcherServlet - Completed initialization in 1 ms 
25-09-25 17:50:35.333 [http-nio-8080-exec-1] INFO  c.v.vatManager.utils.PageableUtils - "asc" : This is the sortDirection received in the pageableUtils method. 
25-09-25 17:50:35.336 [http-nio-8080-exec-1] ERROR o.a.c.c.C.[.[.[.[dispatcherServlet] - Servlet.service() for servlet [dispatcherServlet] in context with path [] threw exception [Request processing failed: java.lang.IllegalArgumentException: Invalid Sort Direction] with root cause 
java.lang.IllegalArgumentException: Invalid Sort Direction
	at com.vatManager.vatManager.utils.PageableUtils.createPageable(PageableUtils.java:38)
	at com.vatManager.vatManager.controller.ClientController.getAllClients(ClientController.java:60)
	at java.base/jdk.internal.reflect.DirectMethodHandleAccessor.invoke(DirectMethodHandleAccessor.java:103)
	at java.base/java.lang.reflect.Method.invoke(Method.java:580)
	at org.springframework.web.method.support.InvocableHandlerMethod.doInvoke(InvocableHandlerMethod.java:258)
	at org.springframework.web.method.support.InvocableHandlerMethod.invokeForRequest(InvocableHandlerMethod.java:191)
	at org.springframework.web.servlet.mvc.method.annotation.ServletInvocableHandlerMethod.invokeAndHandle(ServletInvocableHandlerMethod.java:118)
	at org.springframework.web.servlet.mvc.method.annotation.RequestMappingHandlerAdapter.invokeHandlerMethod(RequestMappingHandlerAdapter.java:991)
	at org.springframework.web.servlet.mvc.method.annotation.RequestMappingHandlerAdapter.handleInternal(RequestMappingHandlerAdapter.java:896)
	at org.springframework.web.servlet.mvc.method.AbstractHandlerMethodAdapter.handle(AbstractHandlerMethodAdapter.java:87)
	at org.springframework.web.servlet.DispatcherServlet.doDispatch(DispatcherServlet.java:1089)
	at org.springframework.web.servlet.DispatcherServlet.doService(DispatcherServlet.java:979)
	at org.springframework.web.servlet.FrameworkServlet.processRequest(FrameworkServlet.java:1014)
	at org.springframework.web.servlet.FrameworkServlet.doGet(FrameworkServlet.java:903)
	at jakarta.servlet.http.HttpServlet.service(HttpServlet.java:564)
	at org.springframework.web.servlet.FrameworkServlet.service(FrameworkServlet.java:885)
	at jakarta.servlet.http.HttpServlet.service(HttpServlet.java:658)
	at org.apache.catalina.core.ApplicationFilterChain.internalDoFilter(ApplicationFilterChain.java:195)
	at org.apache.catalina.core.ApplicationFilterChain.doFilter(ApplicationFilterChain.java:140)
	at org.apache.tomcat.websocket.server.WsFilter.doFilter(WsFilter.java:51)
	at org.apache.catalina.core.ApplicationFilterChain.internalDoFilter(ApplicationFilterChain.java:164)
	at org.apache.catalina.core.ApplicationFilterChain.doFilter(ApplicationFilterChain.java:140)
	at org.springframework.web.filter.RequestContextFilter.doFilterInternal(RequestContextFilter.java:100)
	at org.springframework.web.filter.OncePerRequestFilter.doFilter(OncePerRequestFilter.java:116)
	at org.apache.catalina.core.ApplicationFilterChain.internalDoFilter(ApplicationFilterChain.java:164)
	at org.apache.catalina.core.ApplicationFilterChain.doFilter(ApplicationFilterChain.java:140)
	at org.springframework.web.filter.FormContentFilter.doFilterInternal(FormContentFilter.java:93)
	at org.springframework.web.filter.OncePerRequestFilter.doFilter(OncePerRequestFilter.java:116)
	at org.apache.catalina.core.ApplicationFilterChain.internalDoFilter(ApplicationFilterChain.java:164)
	at org.apache.catalina.core.ApplicationFilterChain.doFilter(ApplicationFilterChain.java:140)
	at org.springframework.web.filter.CharacterEncodingFilter.doFilterInternal(CharacterEncodingFilter.java:201)
	at org.springframework.web.filter.OncePerRequestFilter.doFilter(OncePerRequestFilter.java:116)
	at org.apache.catalina.core.ApplicationFilterChain.internalDoFilter(ApplicationFilterChain.java:164)
	at org.apache.catalina.core.ApplicationFilterChain.doFilter(ApplicationFilterChain.java:140)
	at org.apache.catalina.core.StandardWrapperValve.invoke(StandardWrapperValve.java:167)
	at org.apache.catalina.core.StandardContextValve.invoke(StandardContextValve.java:90)
	at org.apache.catalina.authenticator.AuthenticatorBase.invoke(AuthenticatorBase.java:483)
	at org.apache.catalina.core.StandardHostValve.invoke(StandardHostValve.java:116)
	at org.apache.catalina.valves.ErrorReportValve.invoke(ErrorReportValve.java:93)
	at org.apache.catalina.core.StandardEngineValve.invoke(StandardEngineValve.java:74)
	at org.apache.catalina.connector.CoyoteAdapter.service(CoyoteAdapter.java:344)
	at org.apache.coyote.http11.Http11Processor.service(Http11Processor.java:398)
	at org.apache.coyote.AbstractProcessorLight.process(AbstractProcessorLight.java:63)
	at org.apache.coyote.AbstractProtocol$ConnectionHandler.process(AbstractProtocol.java:903)
	at org.apache.tomcat.util.net.NioEndpoint$SocketProcessor.doRun(NioEndpoint.java:1769)
	at org.apache.tomcat.util.net.SocketProcessorBase.run(SocketProcessorBase.java:52)
	at org.apache.tomcat.util.threads.ThreadPoolExecutor.runWorker(ThreadPoolExecutor.java:1189)
	at org.apache.tomcat.util.threads.ThreadPoolExecutor$Worker.run(ThreadPoolExecutor.java:658)
	at org.apache.tomcat.util.threads.TaskThread$WrappingRunnable.run(TaskThread.java:63)
	at java.base/java.lang.Thread.run(Thread.java:1583)
25-09-25 17:50:40.675 [http-nio-8080-exec-4] INFO  c.v.vatManager.utils.PageableUtils - asc : This is the sortDirection received in the pageableUtils method. 
25-09-25 17:50:40.676 [http-nio-8080-exec-4] INFO  c.v.v.service.ClientServiceImpl - Getting all the Clients from the Database. 
25-09-25 17:50:51.098 [http-nio-8080-exec-5] INFO  c.v.vatManager.utils.PageableUtils - desc : This is the sortDirection received in the pageableUtils method. 
25-09-25 17:50:51.098 [http-nio-8080-exec-5] INFO  c.v.v.service.ClientServiceImpl - Getting all the Clients from the Database. 
25-09-25 17:50:59.202 [http-nio-8080-exec-6] INFO  c.v.vatManager.utils.PageableUtils - desc : This is the sortDirection received in the pageableUtils method. 
25-09-25 17:50:59.202 [http-nio-8080-exec-6] INFO  c.v.v.service.ClientServiceImpl - Getting all the Clients from the Database. 
25-09-25 17:51:55.774 [File Watcher] INFO  o.s.b.d.a.LocalDevToolsAutoConfiguration$RestartingClassPathChangeChangedEventListener - Restarting due to 1 class path change (0 additions, 0 deletions, 1 modification) 
25-09-25 17:51:55.777 [Thread-5] INFO  o.s.b.w.e.tomcat.GracefulShutdown - Commencing graceful shutdown. Waiting for active requests to complete 
25-09-25 17:51:55.777 [tomcat-shutdown] INFO  o.a.coyote.http11.Http11NioProtocol - Pausing ProtocolHandler ["http-nio-8080"] 
25-09-25 17:51:55.801 [tomcat-shutdown] INFO  o.s.b.w.e.tomcat.GracefulShutdown - Graceful shutdown complete 
25-09-25 17:51:55.801 [Thread-5] INFO  o.a.coyote.http11.Http11NioProtocol - Stopping ProtocolHandler ["http-nio-8080"] 
25-09-25 17:51:55.804 [Thread-5] INFO  o.s.o.j.LocalContainerEntityManagerFactoryBean - Closing JPA EntityManagerFactory for persistence unit 'default' 
25-09-25 17:51:55.806 [Thread-5] INFO  com.zaxxer.hikari.HikariDataSource - HikariPool-1 - Shutdown initiated... 
25-09-25 17:51:55.808 [Thread-5] INFO  com.zaxxer.hikari.HikariDataSource - HikariPool-1 - Shutdown completed. 
25-09-25 17:51:55.870 [restartedMain] INFO  c.v.vatManager.VatManagerApplication - Starting VatManagerApplication using Java 21.0.5 with PID 16892 (D:\SpringBoot  Projects\vatManager\target\classes started by neraz in D:\SpringBoot  Projects\vatManager) 
25-09-25 17:51:55.870 [restartedMain] INFO  c.v.vatManager.VatManagerApplication - No active profile set, falling back to 1 default profile: "default" 
25-09-25 17:51:56.008 [restartedMain] INFO  o.s.d.r.c.RepositoryConfigurationDelegate - Bootstrapping Spring Data JPA repositories in DEFAULT mode. 
25-09-25 17:51:56.019 [restartedMain] INFO  o.s.d.r.c.RepositoryConfigurationDelegate - Finished Spring Data repository scanning in 9 ms. Found 1 JPA repository interface. 
25-09-25 17:51:56.100 [restartedMain] INFO  o.s.b.w.e.tomcat.TomcatWebServer - Tomcat initialized with port 8080 (http) 
25-09-25 17:51:56.101 [restartedMain] INFO  o.a.coyote.http11.Http11NioProtocol - Initializing ProtocolHandler ["http-nio-8080"] 
25-09-25 17:51:56.101 [restartedMain] INFO  o.a.catalina.core.StandardService - Starting service [Tomcat] 
25-09-25 17:51:56.101 [restartedMain] INFO  o.a.catalina.core.StandardEngine - Starting Servlet engine: [Apache Tomcat/10.1.44] 
25-09-25 17:51:56.126 [restartedMain] INFO  o.a.c.c.C.[Tomcat].[localhost].[/] - Initializing Spring embedded WebApplicationContext 
25-09-25 17:51:56.126 [restartedMain] INFO  o.s.b.w.s.c.ServletWebServerApplicationContext - Root WebApplicationContext: initialization completed in 254 ms 
25-09-25 17:51:56.155 [restartedMain] INFO  o.h.jpa.internal.util.LogHelper - HHH000204: Processing PersistenceUnitInfo [name: default] 
25-09-25 17:51:56.159 [restartedMain] INFO  o.h.c.i.RegionFactoryInitiator - HHH000026: Second-level cache disabled 
25-09-25 17:51:56.165 [restartedMain] INFO  o.s.o.j.p.SpringPersistenceUnitInfo - No LoadTimeWeaver setup: ignoring JPA class transformer 
25-09-25 17:51:56.167 [restartedMain] INFO  com.zaxxer.hikari.HikariDataSource - HikariPool-2 - Starting... 
25-09-25 17:51:56.168 [restartedMain] INFO  com.zaxxer.hikari.pool.HikariPool - HikariPool-2 - Added connection org.sqlite.jdbc4.JDBC4Connection@7a624230 
25-09-25 17:51:56.168 [restartedMain] INFO  com.zaxxer.hikari.HikariDataSource - HikariPool-2 - Start completed. 
25-09-25 17:51:56.169 [restartedMain] INFO  o.hibernate.orm.connections.pooling - HHH10001005: Database info:
	Database JDBC URL [Connecting through datasource 'HikariDataSource (HikariPool-2)']
	Database driver: undefined/unknown
	Database version: 3.50.3
	Autocommit mode: undefined/unknown
	Isolation level: undefined/unknown
	Minimum pool size: undefined/unknown
	Maximum pool size: undefined/unknown 
25-09-25 17:51:56.207 [restartedMain] INFO  o.h.e.t.j.p.i.JtaPlatformInitiator - HHH000489: No JTA platform available (set 'hibernate.transaction.jta.platform' to enable JTA platform integration) 
25-09-25 17:51:56.210 [restartedMain] INFO  o.s.o.j.LocalContainerEntityManagerFactoryBean - Initialized JPA EntityManagerFactory for persistence unit 'default' 
25-09-25 17:51:56.270 [restartedMain] WARN  o.s.b.a.o.j.JpaBaseConfiguration$JpaWebConfiguration - spring.jpa.open-in-view is enabled by default. Therefore, database queries may be performed during view rendering. Explicitly configure spring.jpa.open-in-view to disable this warning 
25-09-25 17:51:56.355 [restartedMain] INFO  o.s.b.d.a.OptionalLiveReloadServer - LiveReload server is running on port 35729 
25-09-25 17:51:56.362 [restartedMain] INFO  o.a.coyote.http11.Http11NioProtocol - Starting ProtocolHandler ["http-nio-8080"] 
25-09-25 17:51:56.365 [restartedMain] INFO  o.s.b.w.e.tomcat.TomcatWebServer - Tomcat started on port 8080 (http) with context path '/' 
25-09-25 17:51:56.368 [restartedMain] INFO  c.v.vatManager.VatManagerApplication - Started VatManagerApplication in 0.522 seconds (process running for 90.273) 
25-09-25 17:51:56.370 [restartedMain] INFO  o.s.b.d.a.ConditionEvaluationDeltaLoggingListener - Condition evaluation unchanged 
25-09-25 17:52:29.850 [http-nio-8080-exec-1] INFO  o.a.c.c.C.[Tomcat].[localhost].[/] - Initializing Spring DispatcherServlet 'dispatcherServlet' 
25-09-25 17:52:29.850 [http-nio-8080-exec-1] INFO  o.s.web.servlet.DispatcherServlet - Initializing Servlet 'dispatcherServlet' 
25-09-25 17:52:29.851 [http-nio-8080-exec-1] INFO  o.s.web.servlet.DispatcherServlet - Completed initialization in 1 ms 
25-09-25 17:53:34.148 [http-nio-8080-exec-3] INFO  c.v.vatManager.utils.PageableUtils -  : This is the sortDirection received in the pageableUtils method. 
25-09-25 17:53:34.149 [http-nio-8080-exec-3] INFO  c.v.v.service.ClientServiceImpl - Getting all the Clients from the Database. 
25-09-25 17:53:41.376 [http-nio-8080-exec-4] INFO  c.v.vatManager.utils.PageableUtils -  : This is the sortDirection received in the pageableUtils method. 
25-09-25 17:53:41.377 [http-nio-8080-exec-4] INFO  c.v.v.service.ClientServiceImpl - Getting all the Clients from the Database. 
25-09-25 17:53:43.386 [http-nio-8080-exec-5] INFO  c.v.vatManager.utils.PageableUtils -  : This is the sortDirection received in the pageableUtils method. 
25-09-25 17:53:43.386 [http-nio-8080-exec-5] INFO  c.v.v.service.ClientServiceImpl - Getting all the Clients from the Database. 
25-09-25 17:53:53.016 [http-nio-8080-exec-6] INFO  c.v.vatManager.utils.PageableUtils -  : This is the sortDirection received in the pageableUtils method. 
25-09-25 17:53:53.017 [http-nio-8080-exec-6] INFO  c.v.v.service.ClientServiceImpl - Getting all the Clients from the Database. 
25-09-25 17:53:55.349 [http-nio-8080-exec-7] INFO  c.v.vatManager.utils.PageableUtils -  : This is the sortDirection received in the pageableUtils method. 
25-09-25 17:53:55.349 [http-nio-8080-exec-7] INFO  c.v.v.service.ClientServiceImpl - Getting all the Clients from the Database. 
25-09-25 17:54:07.136 [http-nio-8080-exec-8] INFO  c.v.vatManager.utils.PageableUtils -  : This is the sortDirection received in the pageableUtils method. 
25-09-25 17:54:07.137 [http-nio-8080-exec-8] INFO  c.v.v.service.ClientServiceImpl - Getting all the Clients from the Database. 
25-09-25 17:54:50.399 [http-nio-8080-exec-9] INFO  c.v.vatManager.utils.PageableUtils -  : This is the sortDirection received in the pageableUtils method. 
25-09-25 17:54:50.399 [http-nio-8080-exec-9] INFO  c.v.v.service.ClientServiceImpl - Getting all the Clients from the Database. 
25-09-25 17:59:07.497 [http-nio-8080-exec-1] INFO  c.v.vatManager.utils.PageableUtils -  : This is the sortDirection received in the pageableUtils method. 
25-09-25 17:59:07.497 [http-nio-8080-exec-1] INFO  c.v.v.service.ClientServiceImpl - Getting all the Clients from the Database. 
25-09-25 17:59:10.434 [http-nio-8080-exec-2] INFO  c.v.vatManager.utils.PageableUtils -  : This is the sortDirection received in the pageableUtils method. 
25-09-25 17:59:10.434 [http-nio-8080-exec-2] INFO  c.v.v.service.ClientServiceImpl - Getting all the Clients from the Database. 
25-09-25 17:59:12.301 [http-nio-8080-exec-3] INFO  c.v.vatManager.utils.PageableUtils -  : This is the sortDirection received in the pageableUtils method. 
25-09-25 17:59:12.301 [http-nio-8080-exec-3] INFO  c.v.v.service.ClientServiceImpl - Getting all the Clients from the Database. 
25-09-25 17:59:42.228 [http-nio-8080-exec-4] INFO  c.v.vatManager.utils.PageableUtils -  : This is the sortDirection received in the pageableUtils method. 
25-09-25 17:59:42.229 [http-nio-8080-exec-4] INFO  c.v.v.service.ClientServiceImpl - Getting all the Clients from the Database. 
25-09-25 17:59:42.304 [http-nio-8080-exec-5] INFO  c.v.vatManager.utils.PageableUtils -  : This is the sortDirection received in the pageableUtils method. 
25-09-25 17:59:42.304 [http-nio-8080-exec-5] INFO  c.v.v.service.ClientServiceImpl - Getting all the Clients from the Database. 
25-09-25 18:00:11.469 [http-nio-8080-exec-7] INFO  c.v.vatManager.utils.PageableUtils - desc : This is the sortDirection received in the pageableUtils method. 
25-09-25 18:00:11.470 [http-nio-8080-exec-7] INFO  c.v.v.service.ClientServiceImpl - Getting all the Clients from the Database. 
25-09-25 18:00:23.270 [http-nio-8080-exec-8] INFO  c.v.vatManager.utils.PageableUtils -  : This is the sortDirection received in the pageableUtils method. 
25-09-25 18:00:23.270 [http-nio-8080-exec-8] INFO  c.v.v.service.ClientServiceImpl - Getting all the Clients from the Database. 
25-09-25 18:00:29.929 [http-nio-8080-exec-9] INFO  c.v.vatManager.utils.PageableUtils -  : This is the sortDirection received in the pageableUtils method. 
25-09-25 18:00:29.929 [http-nio-8080-exec-9] INFO  c.v.v.service.ClientServiceImpl - Getting all the Clients from the Database. 
25-09-25 18:18:40.643 [http-nio-8080-exec-1] INFO  c.v.vatManager.utils.PageableUtils -  : This is the sortDirection received in the pageableUtils method. 
25-09-25 18:18:40.643 [http-nio-8080-exec-1] INFO  c.v.v.service.ClientServiceImpl - Getting all the Clients from the Database. 
25-09-25 18:18:46.311 [http-nio-8080-exec-2] INFO  c.v.vatManager.utils.PageableUtils -  : This is the sortDirection received in the pageableUtils method. 
25-09-25 18:18:46.311 [http-nio-8080-exec-2] INFO  c.v.v.service.ClientServiceImpl - Getting all the Clients from the Database. 
25-09-25 20:14:49.917 [HikariPool-2:housekeeper] WARN  com.zaxxer.hikari.pool.HikariPool - HikariPool-2 - Thread starvation or clock leap detected (housekeeper delta=1h34m22s976ms160µs600ns). 
25-09-25 20:17:17.087 [http-nio-8080-exec-4] INFO  c.v.vatManager.utils.PageableUtils -  : This is the sortDirection received in the pageableUtils method. 
25-09-25 20:17:17.087 [http-nio-8080-exec-4] INFO  c.v.v.service.ClientServiceImpl - Getting all the Clients from the Database. 
25-09-25 20:17:21.038 [http-nio-8080-exec-5] INFO  c.v.vatManager.utils.PageableUtils -  : This is the sortDirection received in the pageableUtils method. 
25-09-25 20:17:21.038 [http-nio-8080-exec-5] INFO  c.v.v.service.ClientServiceImpl - Getting all the Clients from the Database. 
25-09-25 20:17:25.079 [http-nio-8080-exec-6] INFO  c.v.vatManager.utils.PageableUtils -  : This is the sortDirection received in the pageableUtils method. 
25-09-25 20:17:25.079 [http-nio-8080-exec-6] INFO  c.v.v.service.ClientServiceImpl - Getting all the Clients from the Database. 
25-09-25 20:17:28.234 [http-nio-8080-exec-7] INFO  c.v.vatManager.utils.PageableUtils -  : This is the sortDirection received in the pageableUtils method. 
25-09-25 20:17:28.234 [http-nio-8080-exec-7] INFO  c.v.v.service.ClientServiceImpl - Getting all the Clients from the Database. 
25-09-25 20:17:52.334 [http-nio-8080-exec-8] INFO  c.v.vatManager.utils.PageableUtils -  : This is the sortDirection received in the pageableUtils method. 
25-09-25 20:17:52.335 [http-nio-8080-exec-8] INFO  c.v.v.service.ClientServiceImpl - Getting all the Clients from the Database. 
25-09-25 20:17:56.132 [http-nio-8080-exec-9] INFO  c.v.vatManager.utils.PageableUtils -  : This is the sortDirection received in the pageableUtils method. 
25-09-25 20:17:56.132 [http-nio-8080-exec-9] INFO  c.v.v.service.ClientServiceImpl - Getting all the Clients from the Database. 
25-09-25 20:18:02.362 [http-nio-8080-exec-10] INFO  c.v.vatManager.utils.PageableUtils -  : This is the sortDirection received in the pageableUtils method. 
25-09-25 20:18:02.363 [http-nio-8080-exec-10] INFO  c.v.v.service.ClientServiceImpl - Getting all the Clients from the Database. 
25-09-25 20:18:04.274 [http-nio-8080-exec-1] INFO  c.v.vatManager.utils.PageableUtils -  : This is the sortDirection received in the pageableUtils method. 
25-09-25 20:18:04.274 [http-nio-8080-exec-1] INFO  c.v.v.service.ClientServiceImpl - Getting all the Clients from the Database. 
25-09-25 20:18:08.665 [http-nio-8080-exec-2] INFO  c.v.vatManager.utils.PageableUtils -  : This is the sortDirection received in the pageableUtils method. 
25-09-25 20:18:08.665 [http-nio-8080-exec-2] INFO  c.v.v.service.ClientServiceImpl - Getting all the Clients from the Database. 
25-09-25 20:18:12.421 [http-nio-8080-exec-3] INFO  c.v.vatManager.utils.PageableUtils -  : This is the sortDirection received in the pageableUtils method. 
25-09-25 20:18:12.422 [http-nio-8080-exec-3] INFO  c.v.v.service.ClientServiceImpl - Getting all the Clients from the Database. 
25-09-25 20:18:15.540 [http-nio-8080-exec-4] INFO  c.v.vatManager.utils.PageableUtils -  : This is the sortDirection received in the pageableUtils method. 
25-09-25 20:18:15.540 [http-nio-8080-exec-4] INFO  c.v.v.service.ClientServiceImpl - Getting all the Clients from the Database. 
25-09-25 20:18:20.703 [http-nio-8080-exec-5] INFO  c.v.vatManager.utils.PageableUtils -  : This is the sortDirection received in the pageableUtils method. 
25-09-25 20:18:20.703 [http-nio-8080-exec-5] INFO  c.v.v.service.ClientServiceImpl - Getting all the Clients from the Database. 
25-09-25 20:18:27.117 [http-nio-8080-exec-6] INFO  c.v.vatManager.utils.PageableUtils -  : This is the sortDirection received in the pageableUtils method. 
25-09-25 20:18:27.117 [http-nio-8080-exec-6] INFO  c.v.v.service.ClientServiceImpl - Getting all the Clients from the Database. 
25-09-25 20:19:01.068 [http-nio-8080-exec-7] INFO  c.v.vatManager.utils.PageableUtils -  : This is the sortDirection received in the pageableUtils method. 
25-09-25 20:19:01.068 [http-nio-8080-exec-7] INFO  c.v.v.service.ClientServiceImpl - Getting all the Clients from the Database. 
25-09-25 20:19:04.085 [http-nio-8080-exec-8] INFO  c.v.vatManager.utils.PageableUtils -  : This is the sortDirection received in the pageableUtils method. 
25-09-25 20:19:04.085 [http-nio-8080-exec-8] INFO  c.v.v.service.ClientServiceImpl - Getting all the Clients from the Database. 
25-09-25 20:19:10.669 [http-nio-8080-exec-9] INFO  c.v.vatManager.utils.PageableUtils -  : This is the sortDirection received in the pageableUtils method. 
25-09-25 20:19:10.669 [http-nio-8080-exec-9] INFO  c.v.v.service.ClientServiceImpl - Getting all the Clients from the Database. 
25-09-25 20:19:12.642 [http-nio-8080-exec-10] INFO  c.v.vatManager.utils.PageableUtils -  : This is the sortDirection received in the pageableUtils method. 
25-09-25 20:19:12.642 [http-nio-8080-exec-10] INFO  c.v.v.service.ClientServiceImpl - Getting all the Clients from the Database. 
25-09-25 20:19:15.971 [http-nio-8080-exec-1] INFO  c.v.vatManager.utils.PageableUtils -  : This is the sortDirection received in the pageableUtils method. 
25-09-25 20:19:15.971 [http-nio-8080-exec-1] INFO  c.v.v.service.ClientServiceImpl - Getting all the Clients from the Database. 
25-09-25 20:19:18.010 [http-nio-8080-exec-2] INFO  c.v.vatManager.utils.PageableUtils -  : This is the sortDirection received in the pageableUtils method. 
25-09-25 20:19:18.010 [http-nio-8080-exec-2] INFO  c.v.v.service.ClientServiceImpl - Getting all the Clients from the Database. 
25-09-25 20:19:24.719 [http-nio-8080-exec-3] INFO  c.v.vatManager.utils.PageableUtils -  : This is the sortDirection received in the pageableUtils method. 
25-09-25 20:19:24.719 [http-nio-8080-exec-3] INFO  c.v.v.service.ClientServiceImpl - Getting all the Clients from the Database. 
25-09-25 20:19:27.772 [http-nio-8080-exec-4] INFO  c.v.vatManager.utils.PageableUtils -  : This is the sortDirection received in the pageableUtils method. 
25-09-25 20:19:27.773 [http-nio-8080-exec-4] INFO  c.v.v.service.ClientServiceImpl - Getting all the Clients from the Database. 
25-09-25 20:19:34.121 [http-nio-8080-exec-5] INFO  c.v.vatManager.utils.PageableUtils -  : This is the sortDirection received in the pageableUtils method. 
25-09-25 20:19:34.121 [http-nio-8080-exec-5] INFO  c.v.v.service.ClientServiceImpl - Getting all the Clients from the Database. 
25-09-25 20:19:46.048 [http-nio-8080-exec-6] INFO  c.v.vatManager.utils.PageableUtils -  : This is the sortDirection received in the pageableUtils method. 
25-09-25 20:19:46.048 [http-nio-8080-exec-6] INFO  c.v.v.service.ClientServiceImpl - Getting all the Clients from the Database. 
25-09-25 20:19:48.994 [http-nio-8080-exec-7] INFO  c.v.vatManager.utils.PageableUtils -  : This is the sortDirection received in the pageableUtils method. 
25-09-25 20:19:48.994 [http-nio-8080-exec-7] INFO  c.v.v.service.ClientServiceImpl - Getting all the Clients from the Database. 
25-09-25 20:19:52.880 [http-nio-8080-exec-8] INFO  c.v.vatManager.utils.PageableUtils -  : This is the sortDirection received in the pageableUtils method. 
25-09-25 20:19:52.880 [http-nio-8080-exec-8] INFO  c.v.v.service.ClientServiceImpl - Getting all the Clients from the Database. 
25-09-25 20:19:56.318 [http-nio-8080-exec-9] INFO  c.v.vatManager.utils.PageableUtils -  : This is the sortDirection received in the pageableUtils method. 
25-09-25 20:19:56.319 [http-nio-8080-exec-9] INFO  c.v.v.service.ClientServiceImpl - Getting all the Clients from the Database. 
25-09-25 20:19:59.574 [http-nio-8080-exec-10] INFO  c.v.vatManager.utils.PageableUtils -  : This is the sortDirection received in the pageableUtils method. 
25-09-25 20:19:59.575 [http-nio-8080-exec-10] INFO  c.v.v.service.ClientServiceImpl - Getting all the Clients from the Database. 
25-09-25 20:20:03.264 [http-nio-8080-exec-1] INFO  c.v.vatManager.utils.PageableUtils -  : This is the sortDirection received in the pageableUtils method. 
25-09-25 20:20:03.264 [http-nio-8080-exec-1] INFO  c.v.v.service.ClientServiceImpl - Getting all the Clients from the Database. 
25-09-25 20:20:05.403 [http-nio-8080-exec-2] INFO  c.v.vatManager.utils.PageableUtils -  : This is the sortDirection received in the pageableUtils method. 
25-09-25 20:20:05.403 [http-nio-8080-exec-2] INFO  c.v.v.service.ClientServiceImpl - Getting all the Clients from the Database. 
25-09-25 20:20:28.623 [http-nio-8080-exec-3] INFO  c.v.vatManager.utils.PageableUtils -  : This is the sortDirection received in the pageableUtils method. 
25-09-25 20:20:28.623 [http-nio-8080-exec-3] INFO  c.v.v.service.ClientServiceImpl - Getting all the Clients from the Database. 
25-09-25 20:20:43.227 [http-nio-8080-exec-4] INFO  c.v.vatManager.utils.PageableUtils -  : This is the sortDirection received in the pageableUtils method. 
25-09-25 20:20:43.227 [http-nio-8080-exec-4] INFO  c.v.v.service.ClientServiceImpl - Getting all the Clients from the Database. 
25-09-25 20:20:54.288 [http-nio-8080-exec-5] INFO  c.v.vatManager.utils.PageableUtils -  : This is the sortDirection received in the pageableUtils method. 
25-09-25 20:20:54.288 [http-nio-8080-exec-5] INFO  c.v.v.service.ClientServiceImpl - Getting all the Clients from the Database. 
25-09-25 20:21:07.611 [http-nio-8080-exec-6] INFO  c.v.vatManager.utils.PageableUtils -  : This is the sortDirection received in the pageableUtils method. 
25-09-25 20:21:07.611 [http-nio-8080-exec-6] INFO  c.v.v.service.ClientServiceImpl - Getting all the Clients from the Database. 
25-09-25 20:21:10.784 [http-nio-8080-exec-7] INFO  c.v.vatManager.utils.PageableUtils -  : This is the sortDirection received in the pageableUtils method. 
25-09-25 20:21:10.784 [http-nio-8080-exec-7] INFO  c.v.v.service.ClientServiceImpl - Getting all the Clients from the Database. 
25-09-25 20:21:15.294 [http-nio-8080-exec-8] INFO  c.v.vatManager.utils.PageableUtils -  : This is the sortDirection received in the pageableUtils method. 
25-09-25 20:21:15.294 [http-nio-8080-exec-8] INFO  c.v.v.service.ClientServiceImpl - Getting all the Clients from the Database. 
25-09-25 20:21:27.470 [http-nio-8080-exec-9] INFO  c.v.vatManager.utils.PageableUtils -  : This is the sortDirection received in the pageableUtils method. 
25-09-25 20:21:27.470 [http-nio-8080-exec-9] INFO  c.v.v.service.ClientServiceImpl - Getting all the Clients from the Database. 
25-09-25 20:22:07.689 [http-nio-8080-exec-10] INFO  c.v.vatManager.utils.PageableUtils -  : This is the sortDirection received in the pageableUtils method. 
25-09-25 20:22:07.690 [http-nio-8080-exec-10] INFO  c.v.v.service.ClientServiceImpl - Getting all the Clients from the Database. 
25-09-25 20:22:24.220 [http-nio-8080-exec-1] INFO  c.v.vatManager.utils.PageableUtils -  : This is the sortDirection received in the pageableUtils method. 
25-09-25 20:22:24.220 [http-nio-8080-exec-1] INFO  c.v.v.service.ClientServiceImpl - Getting all the Clients from the Database. 
25-09-25 20:32:25.986 [http-nio-8080-exec-3] INFO  c.v.vatManager.utils.PageableUtils -  : This is the sortDirection received in the pageableUtils method. 
25-09-25 20:32:25.987 [http-nio-8080-exec-3] INFO  c.v.v.service.ClientServiceImpl - Getting all the Clients from the Database. 
25-09-25 20:34:36.699 [http-nio-8080-exec-5] INFO  c.v.vatManager.utils.PageableUtils -  : This is the sortDirection received in the pageableUtils method. 
25-09-25 20:34:36.699 [http-nio-8080-exec-5] INFO  c.v.v.service.ClientServiceImpl - Getting all the Clients from the Database. 
25-09-25 20:37:56.384 [http-nio-8080-exec-7] INFO  c.v.vatManager.utils.PageableUtils -  : This is the sortDirection received in the pageableUtils method. 
25-09-25 20:37:56.384 [http-nio-8080-exec-7] INFO  c.v.v.service.ClientServiceImpl - Getting all the Clients from the Database. 
25-09-25 20:38:11.195 [http-nio-8080-exec-8] INFO  c.v.vatManager.utils.PageableUtils -  : This is the sortDirection received in the pageableUtils method. 
25-09-25 20:38:11.195 [http-nio-8080-exec-8] INFO  c.v.v.service.ClientServiceImpl - Getting all the Clients from the Database. 
25-09-25 20:38:41.544 [http-nio-8080-exec-9] INFO  c.v.vatManager.utils.PageableUtils -  : This is the sortDirection received in the pageableUtils method. 
25-09-25 20:38:41.544 [http-nio-8080-exec-9] INFO  c.v.v.service.ClientServiceImpl - Getting all the Clients from the Database. 
25-09-25 20:38:59.162 [http-nio-8080-exec-10] INFO  c.v.vatManager.utils.PageableUtils -  : This is the sortDirection received in the pageableUtils method. 
25-09-25 20:38:59.162 [http-nio-8080-exec-10] INFO  c.v.v.service.ClientServiceImpl - Getting all the Clients from the Database. 
25-09-25 20:39:17.863 [http-nio-8080-exec-1] INFO  c.v.vatManager.utils.PageableUtils -  : This is the sortDirection received in the pageableUtils method. 
25-09-25 20:39:17.863 [http-nio-8080-exec-1] INFO  c.v.v.service.ClientServiceImpl - Getting all the Clients from the Database. 
25-09-25 20:40:10.278 [http-nio-8080-exec-2] INFO  c.v.vatManager.utils.PageableUtils -  : This is the sortDirection received in the pageableUtils method. 
25-09-25 20:40:10.278 [http-nio-8080-exec-2] INFO  c.v.v.service.ClientServiceImpl - Getting all the Clients from the Database. 
25-09-25 20:40:32.323 [http-nio-8080-exec-3] INFO  c.v.vatManager.utils.PageableUtils -  : This is the sortDirection received in the pageableUtils method. 
25-09-25 20:40:32.323 [http-nio-8080-exec-3] INFO  c.v.v.service.ClientServiceImpl - Getting all the Clients from the Database. 
25-09-25 20:41:03.644 [http-nio-8080-exec-4] INFO  c.v.vatManager.utils.PageableUtils -  : This is the sortDirection received in the pageableUtils method. 
25-09-25 20:41:03.644 [http-nio-8080-exec-4] INFO  c.v.v.service.ClientServiceImpl - Getting all the Clients from the Database. 
25-09-25 20:41:08.140 [http-nio-8080-exec-5] INFO  c.v.vatManager.utils.PageableUtils -  : This is the sortDirection received in the pageableUtils method. 
25-09-25 20:41:08.140 [http-nio-8080-exec-5] INFO  c.v.v.service.ClientServiceImpl - Getting all the Clients from the Database. 
25-09-25 20:41:13.857 [http-nio-8080-exec-6] INFO  c.v.vatManager.utils.PageableUtils -  : This is the sortDirection received in the pageableUtils method. 
25-09-25 20:41:13.857 [http-nio-8080-exec-6] INFO  c.v.v.service.ClientServiceImpl - Getting all the Clients from the Database. 
25-09-25 20:41:28.475 [http-nio-8080-exec-7] INFO  c.v.vatManager.utils.PageableUtils -  : This is the sortDirection received in the pageableUtils method. 
25-09-25 20:41:28.476 [http-nio-8080-exec-7] INFO  c.v.v.service.ClientServiceImpl - Getting all the Clients from the Database. 
25-09-25 20:41:28.517 [http-nio-8080-exec-8] INFO  c.v.vatManager.utils.PageableUtils -  : This is the sortDirection received in the pageableUtils method. 
25-09-25 20:41:28.517 [http-nio-8080-exec-8] INFO  c.v.v.service.ClientServiceImpl - Getting all the Clients from the Database. 
25-09-25 20:41:50.216 [http-nio-8080-exec-9] INFO  c.v.vatManager.utils.PageableUtils -  : This is the sortDirection received in the pageableUtils method. 
25-09-25 20:41:50.216 [http-nio-8080-exec-9] INFO  c.v.v.service.ClientServiceImpl - Getting all the Clients from the Database. 
25-09-25 20:41:50.256 [http-nio-8080-exec-10] INFO  c.v.vatManager.utils.PageableUtils - asc : This is the sortDirection received in the pageableUtils method. 
25-09-25 20:41:50.256 [http-nio-8080-exec-10] INFO  c.v.v.service.ClientServiceImpl - Getting all the Clients from the Database. 
25-09-25 20:41:51.062 [http-nio-8080-exec-1] INFO  c.v.vatManager.utils.PageableUtils - asc : This is the sortDirection received in the pageableUtils method. 
25-09-25 20:41:51.062 [http-nio-8080-exec-1] INFO  c.v.v.service.ClientServiceImpl - Getting all the Clients from the Database. 
25-09-25 20:42:20.837 [http-nio-8080-exec-2] INFO  c.v.vatManager.utils.PageableUtils - asc : This is the sortDirection received in the pageableUtils method. 
25-09-25 20:42:20.837 [http-nio-8080-exec-2] INFO  c.v.v.service.ClientServiceImpl - Getting all the Clients from the Database. 
25-09-25 20:42:29.560 [http-nio-8080-exec-3] INFO  c.v.vatManager.utils.PageableUtils -  : This is the sortDirection received in the pageableUtils method. 
25-09-25 20:42:29.560 [http-nio-8080-exec-3] INFO  c.v.v.service.ClientServiceImpl - Getting all the Clients from the Database. 
25-09-25 20:42:29.598 [http-nio-8080-exec-4] INFO  c.v.vatManager.utils.PageableUtils - asc : This is the sortDirection received in the pageableUtils method. 
25-09-25 20:42:29.598 [http-nio-8080-exec-4] INFO  c.v.v.service.ClientServiceImpl - Getting all the Clients from the Database. 
25-09-25 20:42:29.640 [http-nio-8080-exec-5] INFO  c.v.vatManager.utils.PageableUtils -  : This is the sortDirection received in the pageableUtils method. 
25-09-25 20:42:29.640 [http-nio-8080-exec-5] INFO  c.v.v.service.ClientServiceImpl - Getting all the Clients from the Database. 
25-09-25 20:42:29.643 [http-nio-8080-exec-6] INFO  c.v.vatManager.utils.PageableUtils - asc : This is the sortDirection received in the pageableUtils method. 
25-09-25 20:42:29.643 [http-nio-8080-exec-6] INFO  c.v.v.service.ClientServiceImpl - Getting all the Clients from the Database. 
25-09-25 20:42:40.303 [http-nio-8080-exec-7] INFO  c.v.vatManager.utils.PageableUtils -  : This is the sortDirection received in the pageableUtils method. 
25-09-25 20:42:40.303 [http-nio-8080-exec-7] INFO  c.v.v.service.ClientServiceImpl - Getting all the Clients from the Database. 
25-09-25 20:42:40.347 [http-nio-8080-exec-8] INFO  c.v.vatManager.utils.PageableUtils -  : This is the sortDirection received in the pageableUtils method. 
25-09-25 20:42:40.347 [http-nio-8080-exec-8] INFO  c.v.v.service.ClientServiceImpl - Getting all the Clients from the Database. 
25-09-25 20:42:40.350 [http-nio-8080-exec-9] INFO  c.v.vatManager.utils.PageableUtils - asc : This is the sortDirection received in the pageableUtils method. 
25-09-25 20:42:40.350 [http-nio-8080-exec-9] INFO  c.v.v.service.ClientServiceImpl - Getting all the Clients from the Database. 
25-09-25 20:42:41.333 [http-nio-8080-exec-10] INFO  c.v.vatManager.utils.PageableUtils -  : This is the sortDirection received in the pageableUtils method. 
25-09-25 20:42:41.333 [http-nio-8080-exec-10] INFO  c.v.v.service.ClientServiceImpl - Getting all the Clients from the Database. 
25-09-25 20:42:41.334 [http-nio-8080-exec-1] INFO  c.v.vatManager.utils.PageableUtils - asc : This is the sortDirection received in the pageableUtils method. 
25-09-25 20:42:41.335 [http-nio-8080-exec-1] INFO  c.v.v.service.ClientServiceImpl - Getting all the Clients from the Database. 
25-09-25 20:42:45.097 [http-nio-8080-exec-2] INFO  c.v.vatManager.utils.PageableUtils -  : This is the sortDirection received in the pageableUtils method. 
25-09-25 20:42:45.097 [http-nio-8080-exec-2] INFO  c.v.v.service.ClientServiceImpl - Getting all the Clients from the Database. 
25-09-25 20:42:45.102 [http-nio-8080-exec-3] INFO  c.v.vatManager.utils.PageableUtils -  : This is the sortDirection received in the pageableUtils method. 
25-09-25 20:42:45.102 [http-nio-8080-exec-3] INFO  c.v.v.service.ClientServiceImpl - Getting all the Clients from the Database. 
25-09-25 20:42:53.895 [http-nio-8080-exec-4] INFO  c.v.vatManager.utils.PageableUtils -  : This is the sortDirection received in the pageableUtils method. 
25-09-25 20:42:53.895 [http-nio-8080-exec-4] INFO  c.v.v.service.ClientServiceImpl - Getting all the Clients from the Database. 
25-09-25 20:42:53.901 [http-nio-8080-exec-5] INFO  c.v.vatManager.utils.PageableUtils -  : This is the sortDirection received in the pageableUtils method. 
25-09-25 20:42:53.901 [http-nio-8080-exec-5] INFO  c.v.v.service.ClientServiceImpl - Getting all the Clients from the Database. 
25-09-25 20:42:56.596 [http-nio-8080-exec-6] INFO  c.v.vatManager.utils.PageableUtils -  : This is the sortDirection received in the pageableUtils method. 
25-09-25 20:42:56.596 [http-nio-8080-exec-6] INFO  c.v.v.service.ClientServiceImpl - Getting all the Clients from the Database. 
25-09-25 20:42:56.598 [http-nio-8080-exec-7] INFO  c.v.vatManager.utils.PageableUtils -  : This is the sortDirection received in the pageableUtils method. 
25-09-25 20:42:56.598 [http-nio-8080-exec-7] INFO  c.v.v.service.ClientServiceImpl - Getting all the Clients from the Database. 
25-09-25 20:42:59.448 [http-nio-8080-exec-8] INFO  c.v.vatManager.utils.PageableUtils -  : This is the sortDirection received in the pageableUtils method. 
25-09-25 20:42:59.449 [http-nio-8080-exec-8] INFO  c.v.v.service.ClientServiceImpl - Getting all the Clients from the Database. 
25-09-25 20:42:59.449 [http-nio-8080-exec-9] INFO  c.v.vatManager.utils.PageableUtils -  : This is the sortDirection received in the pageableUtils method. 
25-09-25 20:42:59.450 [http-nio-8080-exec-9] INFO  c.v.v.service.ClientServiceImpl - Getting all the Clients from the Database. 
25-09-25 20:43:00.989 [http-nio-8080-exec-10] INFO  c.v.vatManager.utils.PageableUtils - desc : This is the sortDirection received in the pageableUtils method. 
25-09-25 20:43:00.989 [http-nio-8080-exec-10] INFO  c.v.v.service.ClientServiceImpl - Getting all the Clients from the Database. 
25-09-25 20:43:00.994 [http-nio-8080-exec-1] INFO  c.v.vatManager.utils.PageableUtils - asc : This is the sortDirection received in the pageableUtils method. 
25-09-25 20:43:00.994 [http-nio-8080-exec-1] INFO  c.v.v.service.ClientServiceImpl - Getting all the Clients from the Database. 
25-09-25 20:43:03.689 [http-nio-8080-exec-2] INFO  c.v.vatManager.utils.PageableUtils - asc : This is the sortDirection received in the pageableUtils method. 
25-09-25 20:43:03.690 [http-nio-8080-exec-2] INFO  c.v.v.service.ClientServiceImpl - Getting all the Clients from the Database. 
25-09-25 20:43:03.701 [http-nio-8080-exec-3] INFO  c.v.vatManager.utils.PageableUtils - desc : This is the sortDirection received in the pageableUtils method. 
25-09-25 20:43:03.701 [http-nio-8080-exec-3] INFO  c.v.v.service.ClientServiceImpl - Getting all the Clients from the Database. 
25-09-25 20:43:04.846 [http-nio-8080-exec-4] INFO  c.v.vatManager.utils.PageableUtils - desc : This is the sortDirection received in the pageableUtils method. 
25-09-25 20:43:04.846 [http-nio-8080-exec-4] INFO  c.v.v.service.ClientServiceImpl - Getting all the Clients from the Database. 
25-09-25 20:43:04.850 [http-nio-8080-exec-5] INFO  c.v.vatManager.utils.PageableUtils - asc : This is the sortDirection received in the pageableUtils method. 
25-09-25 20:43:04.850 [http-nio-8080-exec-5] INFO  c.v.v.service.ClientServiceImpl - Getting all the Clients from the Database. 
25-09-25 20:43:22.337 [http-nio-8080-exec-6] INFO  c.v.vatManager.utils.PageableUtils -  : This is the sortDirection received in the pageableUtils method. 
25-09-25 20:43:22.338 [http-nio-8080-exec-6] INFO  c.v.v.service.ClientServiceImpl - Getting all the Clients from the Database. 
25-09-25 20:43:22.346 [http-nio-8080-exec-7] INFO  c.v.vatManager.utils.PageableUtils -  : This is the sortDirection received in the pageableUtils method. 
25-09-25 20:43:22.346 [http-nio-8080-exec-7] INFO  c.v.v.service.ClientServiceImpl - Getting all the Clients from the Database. 
25-09-25 20:43:24.469 [http-nio-8080-exec-8] INFO  c.v.vatManager.utils.PageableUtils - asc : This is the sortDirection received in the pageableUtils method. 
25-09-25 20:43:24.469 [http-nio-8080-exec-8] INFO  c.v.v.service.ClientServiceImpl - Getting all the Clients from the Database. 
25-09-25 20:43:24.472 [http-nio-8080-exec-9] INFO  c.v.vatManager.utils.PageableUtils - desc : This is the sortDirection received in the pageableUtils method. 
25-09-25 20:43:24.472 [http-nio-8080-exec-9] INFO  c.v.v.service.ClientServiceImpl - Getting all the Clients from the Database. 
25-09-25 20:43:25.944 [http-nio-8080-exec-10] INFO  c.v.vatManager.utils.PageableUtils - desc : This is the sortDirection received in the pageableUtils method. 
25-09-25 20:43:25.944 [http-nio-8080-exec-10] INFO  c.v.v.service.ClientServiceImpl - Getting all the Clients from the Database. 
25-09-25 20:43:25.953 [http-nio-8080-exec-1] INFO  c.v.vatManager.utils.PageableUtils - asc : This is the sortDirection received in the pageableUtils method. 
25-09-25 20:43:25.953 [http-nio-8080-exec-1] INFO  c.v.v.service.ClientServiceImpl - Getting all the Clients from the Database. 
25-09-25 20:43:27.127 [http-nio-8080-exec-2] INFO  c.v.vatManager.utils.PageableUtils - asc : This is the sortDirection received in the pageableUtils method. 
25-09-25 20:43:27.128 [http-nio-8080-exec-2] INFO  c.v.v.service.ClientServiceImpl - Getting all the Clients from the Database. 
25-09-25 20:43:27.139 [http-nio-8080-exec-3] INFO  c.v.vatManager.utils.PageableUtils - desc : This is the sortDirection received in the pageableUtils method. 
25-09-25 20:43:27.139 [http-nio-8080-exec-3] INFO  c.v.v.service.ClientServiceImpl - Getting all the Clients from the Database. 
25-09-25 20:43:35.404 [http-nio-8080-exec-4] INFO  c.v.vatManager.utils.PageableUtils - desc : This is the sortDirection received in the pageableUtils method. 
25-09-25 20:43:35.404 [http-nio-8080-exec-4] INFO  c.v.v.service.ClientServiceImpl - Getting all the Clients from the Database. 
25-09-25 20:43:35.408 [http-nio-8080-exec-5] INFO  c.v.vatManager.utils.PageableUtils - asc : This is the sortDirection received in the pageableUtils method. 
25-09-25 20:43:35.408 [http-nio-8080-exec-5] INFO  c.v.v.service.ClientServiceImpl - Getting all the Clients from the Database. 
25-09-25 20:43:37.598 [http-nio-8080-exec-6] INFO  c.v.vatManager.utils.PageableUtils -  : This is the sortDirection received in the pageableUtils method. 
25-09-25 20:43:37.598 [http-nio-8080-exec-6] INFO  c.v.v.service.ClientServiceImpl - Getting all the Clients from the Database. 
25-09-25 20:43:37.606 [http-nio-8080-exec-7] INFO  c.v.vatManager.utils.PageableUtils -  : This is the sortDirection received in the pageableUtils method. 
25-09-25 20:43:37.607 [http-nio-8080-exec-7] INFO  c.v.v.service.ClientServiceImpl - Getting all the Clients from the Database. 
25-09-25 20:43:40.253 [http-nio-8080-exec-8] INFO  c.v.vatManager.utils.PageableUtils - asc : This is the sortDirection received in the pageableUtils method. 
25-09-25 20:43:40.253 [http-nio-8080-exec-8] INFO  c.v.v.service.ClientServiceImpl - Getting all the Clients from the Database. 
25-09-25 20:43:40.257 [http-nio-8080-exec-9] INFO  c.v.vatManager.utils.PageableUtils - desc : This is the sortDirection received in the pageableUtils method. 
25-09-25 20:43:40.257 [http-nio-8080-exec-9] INFO  c.v.v.service.ClientServiceImpl - Getting all the Clients from the Database. 
25-09-25 20:44:44.960 [http-nio-8080-exec-2] INFO  c.v.vatManager.utils.PageableUtils -  : This is the sortDirection received in the pageableUtils method. 
25-09-25 20:44:44.960 [http-nio-8080-exec-2] INFO  c.v.v.service.ClientServiceImpl - Getting all the Clients from the Database. 
25-09-25 20:44:45.015 [http-nio-8080-exec-3] INFO  c.v.vatManager.utils.PageableUtils - asc : This is the sortDirection received in the pageableUtils method. 
25-09-25 20:44:45.015 [http-nio-8080-exec-3] INFO  c.v.v.service.ClientServiceImpl - Getting all the Clients from the Database. 
25-09-25 20:44:47.463 [http-nio-8080-exec-4] INFO  c.v.vatManager.utils.PageableUtils -  : This is the sortDirection received in the pageableUtils method. 
25-09-25 20:44:47.463 [http-nio-8080-exec-4] INFO  c.v.v.service.ClientServiceImpl - Getting all the Clients from the Database. 
25-09-25 20:44:47.464 [http-nio-8080-exec-5] INFO  c.v.vatManager.utils.PageableUtils - asc : This is the sortDirection received in the pageableUtils method. 
25-09-25 20:44:47.464 [http-nio-8080-exec-5] INFO  c.v.v.service.ClientServiceImpl - Getting all the Clients from the Database. 
25-09-25 20:45:28.213 [http-nio-8080-exec-6] INFO  c.v.vatManager.utils.PageableUtils -  : This is the sortDirection received in the pageableUtils method. 
25-09-25 20:45:28.213 [http-nio-8080-exec-6] INFO  c.v.v.service.ClientServiceImpl - Getting all the Clients from the Database. 
25-09-25 20:45:28.252 [http-nio-8080-exec-7] INFO  c.v.vatManager.utils.PageableUtils -  : This is the sortDirection received in the pageableUtils method. 
25-09-25 20:45:28.253 [http-nio-8080-exec-7] INFO  c.v.v.service.ClientServiceImpl - Getting all the Clients from the Database. 
25-09-25 20:45:28.261 [http-nio-8080-exec-8] INFO  c.v.vatManager.utils.PageableUtils - asc : This is the sortDirection received in the pageableUtils method. 
25-09-25 20:45:28.261 [http-nio-8080-exec-8] INFO  c.v.v.service.ClientServiceImpl - Getting all the Clients from the Database. 
25-09-25 20:45:36.317 [http-nio-8080-exec-9] INFO  c.v.vatManager.utils.PageableUtils -  : This is the sortDirection received in the pageableUtils method. 
25-09-25 20:45:36.317 [http-nio-8080-exec-9] INFO  c.v.v.service.ClientServiceImpl - Getting all the Clients from the Database. 
25-09-25 20:45:36.320 [http-nio-8080-exec-10] INFO  c.v.vatManager.utils.PageableUtils - asc : This is the sortDirection received in the pageableUtils method. 
25-09-25 20:45:36.320 [http-nio-8080-exec-10] INFO  c.v.v.service.ClientServiceImpl - Getting all the Clients from the Database. 
25-09-25 20:45:50.553 [http-nio-8080-exec-1] INFO  c.v.vatManager.utils.PageableUtils -  : This is the sortDirection received in the pageableUtils method. 
25-09-25 20:45:50.553 [http-nio-8080-exec-1] INFO  c.v.v.service.ClientServiceImpl - Getting all the Clients from the Database. 
25-09-25 20:45:50.599 [http-nio-8080-exec-2] INFO  c.v.vatManager.utils.PageableUtils -  : This is the sortDirection received in the pageableUtils method. 
25-09-25 20:45:50.599 [http-nio-8080-exec-2] INFO  c.v.v.service.ClientServiceImpl - Getting all the Clients from the Database. 
25-09-25 20:45:50.604 [http-nio-8080-exec-3] INFO  c.v.vatManager.utils.PageableUtils - asc : This is the sortDirection received in the pageableUtils method. 
25-09-25 20:45:50.604 [http-nio-8080-exec-3] INFO  c.v.v.service.ClientServiceImpl - Getting all the Clients from the Database. 
25-09-25 20:45:50.647 [http-nio-8080-exec-4] INFO  c.v.vatManager.utils.PageableUtils -  : This is the sortDirection received in the pageableUtils method. 
25-09-25 20:45:50.647 [http-nio-8080-exec-4] INFO  c.v.v.service.ClientServiceImpl - Getting all the Clients from the Database. 
25-09-25 20:45:50.651 [http-nio-8080-exec-5] INFO  c.v.vatManager.utils.PageableUtils - asc : This is the sortDirection received in the pageableUtils method. 
25-09-25 20:45:50.651 [http-nio-8080-exec-5] INFO  c.v.v.service.ClientServiceImpl - Getting all the Clients from the Database. 
25-09-25 20:45:51.609 [http-nio-8080-exec-6] INFO  c.v.vatManager.utils.PageableUtils -  : This is the sortDirection received in the pageableUtils method. 
25-09-25 20:45:51.609 [http-nio-8080-exec-6] INFO  c.v.v.service.ClientServiceImpl - Getting all the Clients from the Database. 
25-09-25 20:45:51.611 [http-nio-8080-exec-7] INFO  c.v.vatManager.utils.PageableUtils - asc : This is the sortDirection received in the pageableUtils method. 
25-09-25 20:45:51.611 [http-nio-8080-exec-7] INFO  c.v.v.service.ClientServiceImpl - Getting all the Clients from the Database. 
25-09-25 20:46:25.092 [http-nio-8080-exec-8] INFO  c.v.vatManager.utils.PageableUtils -  : This is the sortDirection received in the pageableUtils method. 
25-09-25 20:46:25.092 [http-nio-8080-exec-8] INFO  c.v.v.service.ClientServiceImpl - Getting all the Clients from the Database. 
25-09-25 20:46:25.140 [http-nio-8080-exec-9] INFO  c.v.vatManager.utils.PageableUtils - asc : This is the sortDirection received in the pageableUtils method. 
25-09-25 20:46:25.141 [http-nio-8080-exec-9] INFO  c.v.v.service.ClientServiceImpl - Getting all the Clients from the Database. 
25-09-25 20:46:25.141 [http-nio-8080-exec-10] INFO  c.v.vatManager.utils.PageableUtils - asc : This is the sortDirection received in the pageableUtils method. 
25-09-25 20:46:25.142 [http-nio-8080-exec-10] INFO  c.v.v.service.ClientServiceImpl - Getting all the Clients from the Database. 
25-09-25 20:46:30.099 [http-nio-8080-exec-1] INFO  c.v.vatManager.utils.PageableUtils -  : This is the sortDirection received in the pageableUtils method. 
25-09-25 20:46:30.100 [http-nio-8080-exec-1] INFO  c.v.v.service.ClientServiceImpl - Getting all the Clients from the Database. 
25-09-25 20:46:30.138 [http-nio-8080-exec-2] INFO  c.v.vatManager.utils.PageableUtils - asc : This is the sortDirection received in the pageableUtils method. 
25-09-25 20:46:30.139 [http-nio-8080-exec-2] INFO  c.v.v.service.ClientServiceImpl - Getting all the Clients from the Database. 
25-09-25 20:46:30.146 [http-nio-8080-exec-3] INFO  c.v.vatManager.utils.PageableUtils - asc : This is the sortDirection received in the pageableUtils method. 
25-09-25 20:46:30.146 [http-nio-8080-exec-3] INFO  c.v.v.service.ClientServiceImpl - Getting all the Clients from the Database. 
25-09-25 20:46:37.454 [http-nio-8080-exec-4] INFO  c.v.vatManager.utils.PageableUtils - desc : This is the sortDirection received in the pageableUtils method. 
25-09-25 20:46:37.454 [http-nio-8080-exec-4] INFO  c.v.v.service.ClientServiceImpl - Getting all the Clients from the Database. 
25-09-25 20:46:37.456 [http-nio-8080-exec-5] INFO  c.v.vatManager.utils.PageableUtils - asc : This is the sortDirection received in the pageableUtils method. 
25-09-25 20:46:37.456 [http-nio-8080-exec-5] INFO  c.v.v.service.ClientServiceImpl - Getting all the Clients from the Database. 
25-09-25 20:46:59.924 [http-nio-8080-exec-6] INFO  c.v.vatManager.utils.PageableUtils -  : This is the sortDirection received in the pageableUtils method. 
25-09-25 20:46:59.924 [http-nio-8080-exec-6] INFO  c.v.v.service.ClientServiceImpl - Getting all the Clients from the Database. 
25-09-25 20:46:59.966 [http-nio-8080-exec-7] INFO  c.v.vatManager.utils.PageableUtils - asc : This is the sortDirection received in the pageableUtils method. 
25-09-25 20:46:59.967 [http-nio-8080-exec-7] INFO  c.v.v.service.ClientServiceImpl - Getting all the Clients from the Database. 
25-09-25 20:46:59.972 [http-nio-8080-exec-8] INFO  c.v.vatManager.utils.PageableUtils - asc : This is the sortDirection received in the pageableUtils method. 
25-09-25 20:46:59.972 [http-nio-8080-exec-8] INFO  c.v.v.service.ClientServiceImpl - Getting all the Clients from the Database. 
25-09-25 20:47:10.235 [http-nio-8080-exec-10] INFO  c.v.vatManager.utils.PageableUtils - asc : This is the sortDirection received in the pageableUtils method. 
25-09-25 20:47:10.235 [http-nio-8080-exec-10] INFO  c.v.v.service.ClientServiceImpl - Getting all the Clients from the Database. 
25-09-25 20:47:10.239 [http-nio-8080-exec-9] INFO  c.v.vatManager.utils.PageableUtils - asc : This is the sortDirection received in the pageableUtils method. 
25-09-25 20:47:10.239 [http-nio-8080-exec-9] INFO  c.v.v.service.ClientServiceImpl - Getting all the Clients from the Database. 
25-09-25 20:47:14.547 [http-nio-8080-exec-1] INFO  c.v.vatManager.utils.PageableUtils - desc : This is the sortDirection received in the pageableUtils method. 
25-09-25 20:47:14.547 [http-nio-8080-exec-1] INFO  c.v.v.service.ClientServiceImpl - Getting all the Clients from the Database. 
25-09-25 20:47:14.551 [http-nio-8080-exec-2] INFO  c.v.vatManager.utils.PageableUtils - asc : This is the sortDirection received in the pageableUtils method. 
25-09-25 20:47:14.552 [http-nio-8080-exec-2] INFO  c.v.v.service.ClientServiceImpl - Getting all the Clients from the Database. 
25-09-25 20:47:23.494 [http-nio-8080-exec-3] INFO  c.v.vatManager.utils.PageableUtils - asc : This is the sortDirection received in the pageableUtils method. 
25-09-25 20:47:23.494 [http-nio-8080-exec-3] INFO  c.v.v.service.ClientServiceImpl - Getting all the Clients from the Database. 
25-09-25 20:47:23.498 [http-nio-8080-exec-4] INFO  c.v.vatManager.utils.PageableUtils - desc : This is the sortDirection received in the pageableUtils method. 
25-09-25 20:47:23.498 [http-nio-8080-exec-4] INFO  c.v.v.service.ClientServiceImpl - Getting all the Clients from the Database. 
25-09-25 20:47:29.113 [http-nio-8080-exec-5] INFO  c.v.vatManager.utils.PageableUtils - asc : This is the sortDirection received in the pageableUtils method. 
25-09-25 20:47:29.113 [http-nio-8080-exec-5] INFO  c.v.v.service.ClientServiceImpl - Getting all the Clients from the Database. 
25-09-25 20:47:30.818 [http-nio-8080-exec-6] INFO  c.v.vatManager.utils.PageableUtils - asc : This is the sortDirection received in the pageableUtils method. 
25-09-25 20:47:30.818 [http-nio-8080-exec-6] INFO  c.v.v.service.ClientServiceImpl - Getting all the Clients from the Database. 
25-09-25 20:47:32.452 [http-nio-8080-exec-7] INFO  c.v.vatManager.utils.PageableUtils - desc : This is the sortDirection received in the pageableUtils method. 
25-09-25 20:47:32.452 [http-nio-8080-exec-7] INFO  c.v.v.service.ClientServiceImpl - Getting all the Clients from the Database. 
25-09-25 20:47:32.459 [http-nio-8080-exec-8] INFO  c.v.vatManager.utils.PageableUtils - asc : This is the sortDirection received in the pageableUtils method. 
25-09-25 20:47:32.459 [http-nio-8080-exec-8] INFO  c.v.v.service.ClientServiceImpl - Getting all the Clients from the Database. 
25-09-25 20:47:34.154 [http-nio-8080-exec-10] INFO  c.v.vatManager.utils.PageableUtils - asc : This is the sortDirection received in the pageableUtils method. 
25-09-25 20:47:34.154 [http-nio-8080-exec-10] INFO  c.v.v.service.ClientServiceImpl - Getting all the Clients from the Database. 
25-09-25 20:47:34.160 [http-nio-8080-exec-9] INFO  c.v.vatManager.utils.PageableUtils - desc : This is the sortDirection received in the pageableUtils method. 
25-09-25 20:47:34.160 [http-nio-8080-exec-9] INFO  c.v.v.service.ClientServiceImpl - Getting all the Clients from the Database. 
25-09-25 20:47:35.220 [http-nio-8080-exec-1] INFO  c.v.vatManager.utils.PageableUtils - desc : This is the sortDirection received in the pageableUtils method. 
25-09-25 20:47:35.220 [http-nio-8080-exec-1] INFO  c.v.v.service.ClientServiceImpl - Getting all the Clients from the Database. 
25-09-25 20:47:35.231 [http-nio-8080-exec-2] INFO  c.v.vatManager.utils.PageableUtils - asc : This is the sortDirection received in the pageableUtils method. 
25-09-25 20:47:35.231 [http-nio-8080-exec-2] INFO  c.v.v.service.ClientServiceImpl - Getting all the Clients from the Database. 
25-09-25 20:47:47.200 [http-nio-8080-exec-3] INFO  c.v.vatManager.utils.PageableUtils -  : This is the sortDirection received in the pageableUtils method. 
25-09-25 20:47:47.200 [http-nio-8080-exec-3] INFO  c.v.v.service.ClientServiceImpl - Getting all the Clients from the Database. 
25-09-25 20:47:47.245 [http-nio-8080-exec-4] INFO  c.v.vatManager.utils.PageableUtils - asc : This is the sortDirection received in the pageableUtils method. 
25-09-25 20:47:47.246 [http-nio-8080-exec-4] INFO  c.v.v.service.ClientServiceImpl - Getting all the Clients from the Database. 
25-09-25 20:47:47.247 [http-nio-8080-exec-5] INFO  c.v.vatManager.utils.PageableUtils - asc : This is the sortDirection received in the pageableUtils method. 
25-09-25 20:47:47.247 [http-nio-8080-exec-5] INFO  c.v.v.service.ClientServiceImpl - Getting all the Clients from the Database. 
25-09-25 20:47:50.119 [http-nio-8080-exec-6] INFO  c.v.vatManager.utils.PageableUtils - desc : This is the sortDirection received in the pageableUtils method. 
25-09-25 20:47:50.120 [http-nio-8080-exec-6] INFO  c.v.v.service.ClientServiceImpl - Getting all the Clients from the Database. 
25-09-25 20:47:50.121 [http-nio-8080-exec-7] INFO  c.v.vatManager.utils.PageableUtils - asc : This is the sortDirection received in the pageableUtils method. 
25-09-25 20:47:50.121 [http-nio-8080-exec-7] INFO  c.v.v.service.ClientServiceImpl - Getting all the Clients from the Database. 
25-09-25 20:47:54.861 [http-nio-8080-exec-8] INFO  c.v.vatManager.utils.PageableUtils - desc : This is the sortDirection received in the pageableUtils method. 
25-09-25 20:47:54.861 [http-nio-8080-exec-8] INFO  c.v.v.service.ClientServiceImpl - Getting all the Clients from the Database. 
25-09-25 20:47:54.865 [http-nio-8080-exec-10] INFO  c.v.vatManager.utils.PageableUtils - desc : This is the sortDirection received in the pageableUtils method. 
25-09-25 20:47:54.865 [http-nio-8080-exec-10] INFO  c.v.v.service.ClientServiceImpl - Getting all the Clients from the Database. 
25-09-25 20:48:01.498 [http-nio-8080-exec-9] INFO  c.v.vatManager.utils.PageableUtils - desc : This is the sortDirection received in the pageableUtils method. 
25-09-25 20:48:01.498 [http-nio-8080-exec-9] INFO  c.v.v.service.ClientServiceImpl - Getting all the Clients from the Database. 
25-09-25 20:48:33.516 [http-nio-8080-exec-1] INFO  c.v.vatManager.utils.PageableUtils -  : This is the sortDirection received in the pageableUtils method. 
25-09-25 20:48:33.516 [http-nio-8080-exec-1] INFO  c.v.v.service.ClientServiceImpl - Getting all the Clients from the Database. 
25-09-25 20:48:33.559 [http-nio-8080-exec-2] INFO  c.v.vatManager.utils.PageableUtils -  : This is the sortDirection received in the pageableUtils method. 
25-09-25 20:48:33.559 [http-nio-8080-exec-2] INFO  c.v.v.service.ClientServiceImpl - Getting all the Clients from the Database. 
25-09-25 20:48:38.287 [http-nio-8080-exec-3] INFO  c.v.vatManager.utils.PageableUtils - desc : This is the sortDirection received in the pageableUtils method. 
25-09-25 20:48:38.287 [http-nio-8080-exec-3] INFO  c.v.v.service.ClientServiceImpl - Getting all the Clients from the Database. 
25-09-25 20:48:41.690 [http-nio-8080-exec-4] INFO  c.v.vatManager.utils.PageableUtils - desc : This is the sortDirection received in the pageableUtils method. 
25-09-25 20:48:41.690 [http-nio-8080-exec-4] INFO  c.v.v.service.ClientServiceImpl - Getting all the Clients from the Database. 
25-09-25 20:48:41.693 [http-nio-8080-exec-5] INFO  c.v.vatManager.utils.PageableUtils - desc : This is the sortDirection received in the pageableUtils method. 
25-09-25 20:48:41.693 [http-nio-8080-exec-5] INFO  c.v.v.service.ClientServiceImpl - Getting all the Clients from the Database. 
25-09-25 20:48:46.583 [http-nio-8080-exec-6] INFO  c.v.vatManager.utils.PageableUtils - desc : This is the sortDirection received in the pageableUtils method. 
25-09-25 20:48:46.583 [http-nio-8080-exec-6] INFO  c.v.v.service.ClientServiceImpl - Getting all the Clients from the Database. 
25-09-25 20:48:57.813 [http-nio-8080-exec-7] INFO  c.v.vatManager.utils.PageableUtils - desc : This is the sortDirection received in the pageableUtils method. 
25-09-25 20:48:57.814 [http-nio-8080-exec-7] INFO  c.v.v.service.ClientServiceImpl - Getting all the Clients from the Database. 
25-09-25 20:48:59.896 [http-nio-8080-exec-8] INFO  c.v.vatManager.utils.PageableUtils - desc : This is the sortDirection received in the pageableUtils method. 
25-09-25 20:48:59.896 [http-nio-8080-exec-8] INFO  c.v.v.service.ClientServiceImpl - Getting all the Clients from the Database. 
25-09-25 20:49:01.810 [http-nio-8080-exec-10] INFO  c.v.vatManager.utils.PageableUtils - desc : This is the sortDirection received in the pageableUtils method. 
25-09-25 20:49:01.810 [http-nio-8080-exec-10] INFO  c.v.v.service.ClientServiceImpl - Getting all the Clients from the Database. 
25-09-25 20:49:03.225 [http-nio-8080-exec-9] INFO  c.v.vatManager.utils.PageableUtils - desc : This is the sortDirection received in the pageableUtils method. 
25-09-25 20:49:03.225 [http-nio-8080-exec-9] INFO  c.v.v.service.ClientServiceImpl - Getting all the Clients from the Database. 
25-09-25 20:49:04.312 [http-nio-8080-exec-1] INFO  c.v.vatManager.utils.PageableUtils - desc : This is the sortDirection received in the pageableUtils method. 
25-09-25 20:49:04.312 [http-nio-8080-exec-1] INFO  c.v.v.service.ClientServiceImpl - Getting all the Clients from the Database. 
25-09-25 20:49:05.436 [http-nio-8080-exec-2] INFO  c.v.vatManager.utils.PageableUtils - desc : This is the sortDirection received in the pageableUtils method. 
25-09-25 20:49:05.437 [http-nio-8080-exec-2] INFO  c.v.v.service.ClientServiceImpl - Getting all the Clients from the Database. 
25-09-25 20:49:43.970 [http-nio-8080-exec-3] INFO  c.v.vatManager.utils.PageableUtils - desc : This is the sortDirection received in the pageableUtils method. 
25-09-25 20:49:43.970 [http-nio-8080-exec-3] INFO  c.v.v.service.ClientServiceImpl - Getting all the Clients from the Database. 
25-09-25 20:49:43.972 [http-nio-8080-exec-4] INFO  c.v.vatManager.utils.PageableUtils - desc : This is the sortDirection received in the pageableUtils method. 
25-09-25 20:49:43.972 [http-nio-8080-exec-4] INFO  c.v.v.service.ClientServiceImpl - Getting all the Clients from the Database. 
25-09-25 20:49:49.122 [http-nio-8080-exec-5] INFO  c.v.vatManager.utils.PageableUtils - asc : This is the sortDirection received in the pageableUtils method. 
25-09-25 20:49:49.122 [http-nio-8080-exec-5] INFO  c.v.v.service.ClientServiceImpl - Getting all the Clients from the Database. 
25-09-25 20:49:49.128 [http-nio-8080-exec-6] INFO  c.v.vatManager.utils.PageableUtils - desc : This is the sortDirection received in the pageableUtils method. 
25-09-25 20:49:49.129 [http-nio-8080-exec-6] INFO  c.v.v.service.ClientServiceImpl - Getting all the Clients from the Database. 
25-09-25 20:49:50.432 [http-nio-8080-exec-7] INFO  c.v.vatManager.utils.PageableUtils - desc : This is the sortDirection received in the pageableUtils method. 
25-09-25 20:49:50.432 [http-nio-8080-exec-7] INFO  c.v.v.service.ClientServiceImpl - Getting all the Clients from the Database. 
25-09-25 20:49:50.437 [http-nio-8080-exec-8] INFO  c.v.vatManager.utils.PageableUtils - asc : This is the sortDirection received in the pageableUtils method. 
25-09-25 20:49:50.437 [http-nio-8080-exec-8] INFO  c.v.v.service.ClientServiceImpl - Getting all the Clients from the Database. 
25-09-25 20:49:55.488 [http-nio-8080-exec-10] INFO  c.v.vatManager.utils.PageableUtils - desc : This is the sortDirection received in the pageableUtils method. 
25-09-25 20:49:55.488 [http-nio-8080-exec-10] INFO  c.v.v.service.ClientServiceImpl - Getting all the Clients from the Database. 
25-09-25 20:49:55.490 [http-nio-8080-exec-9] INFO  c.v.vatManager.utils.PageableUtils - desc : This is the sortDirection received in the pageableUtils method. 
25-09-25 20:49:55.491 [http-nio-8080-exec-9] INFO  c.v.v.service.ClientServiceImpl - Getting all the Clients from the Database. 
25-09-25 20:49:57.506 [http-nio-8080-exec-1] INFO  c.v.vatManager.utils.PageableUtils - desc : This is the sortDirection received in the pageableUtils method. 
25-09-25 20:49:57.507 [http-nio-8080-exec-1] INFO  c.v.v.service.ClientServiceImpl - Getting all the Clients from the Database. 
25-09-25 20:49:57.514 [http-nio-8080-exec-2] INFO  c.v.vatManager.utils.PageableUtils - desc : This is the sortDirection received in the pageableUtils method. 
25-09-25 20:49:57.514 [http-nio-8080-exec-2] INFO  c.v.v.service.ClientServiceImpl - Getting all the Clients from the Database. 
25-09-25 20:50:03.261 [http-nio-8080-exec-3] INFO  c.v.vatManager.utils.PageableUtils - desc : This is the sortDirection received in the pageableUtils method. 
25-09-25 20:50:03.261 [http-nio-8080-exec-3] INFO  c.v.v.service.ClientServiceImpl - Getting all the Clients from the Database. 
25-09-25 20:50:06.228 [http-nio-8080-exec-4] INFO  c.v.vatManager.utils.PageableUtils - desc : This is the sortDirection received in the pageableUtils method. 
25-09-25 20:50:06.228 [http-nio-8080-exec-4] INFO  c.v.v.service.ClientServiceImpl - Getting all the Clients from the Database. 
25-09-25 20:50:06.233 [http-nio-8080-exec-5] INFO  c.v.vatManager.utils.PageableUtils - desc : This is the sortDirection received in the pageableUtils method. 
25-09-25 20:50:06.233 [http-nio-8080-exec-5] INFO  c.v.v.service.ClientServiceImpl - Getting all the Clients from the Database. 
25-09-25 20:50:08.462 [http-nio-8080-exec-6] INFO  c.v.vatManager.utils.PageableUtils - desc : This is the sortDirection received in the pageableUtils method. 
25-09-25 20:50:08.462 [http-nio-8080-exec-6] INFO  c.v.v.service.ClientServiceImpl - Getting all the Clients from the Database. 
25-09-25 20:50:14.846 [http-nio-8080-exec-7] INFO  c.v.vatManager.utils.PageableUtils - desc : This is the sortDirection received in the pageableUtils method. 
25-09-25 20:50:14.846 [http-nio-8080-exec-7] INFO  c.v.v.service.ClientServiceImpl - Getting all the Clients from the Database. 
25-09-25 20:50:16.476 [http-nio-8080-exec-8] INFO  c.v.vatManager.utils.PageableUtils - desc : This is the sortDirection received in the pageableUtils method. 
25-09-25 20:50:16.476 [http-nio-8080-exec-8] INFO  c.v.v.service.ClientServiceImpl - Getting all the Clients from the Database. 
25-09-25 20:50:16.478 [http-nio-8080-exec-10] INFO  c.v.vatManager.utils.PageableUtils - desc : This is the sortDirection received in the pageableUtils method. 
25-09-25 20:50:16.478 [http-nio-8080-exec-10] INFO  c.v.v.service.ClientServiceImpl - Getting all the Clients from the Database. 
25-09-25 20:50:18.798 [http-nio-8080-exec-9] INFO  c.v.vatManager.utils.PageableUtils - desc : This is the sortDirection received in the pageableUtils method. 
25-09-25 20:50:18.798 [http-nio-8080-exec-9] INFO  c.v.v.service.ClientServiceImpl - Getting all the Clients from the Database. 
25-09-25 20:50:18.800 [http-nio-8080-exec-1] INFO  c.v.vatManager.utils.PageableUtils - desc : This is the sortDirection received in the pageableUtils method. 
25-09-25 20:50:18.800 [http-nio-8080-exec-1] INFO  c.v.v.service.ClientServiceImpl - Getting all the Clients from the Database. 
25-09-25 20:50:20.875 [http-nio-8080-exec-2] INFO  c.v.vatManager.utils.PageableUtils - desc : This is the sortDirection received in the pageableUtils method. 
25-09-25 20:50:20.875 [http-nio-8080-exec-2] INFO  c.v.v.service.ClientServiceImpl - Getting all the Clients from the Database. 
25-09-25 20:50:23.118 [http-nio-8080-exec-3] INFO  c.v.vatManager.utils.PageableUtils - desc : This is the sortDirection received in the pageableUtils method. 
25-09-25 20:50:23.118 [http-nio-8080-exec-3] INFO  c.v.v.service.ClientServiceImpl - Getting all the Clients from the Database. 
25-09-25 20:50:24.498 [http-nio-8080-exec-4] INFO  c.v.vatManager.utils.PageableUtils - desc : This is the sortDirection received in the pageableUtils method. 
25-09-25 20:50:24.498 [http-nio-8080-exec-4] INFO  c.v.v.service.ClientServiceImpl - Getting all the Clients from the Database. 
25-09-25 20:50:33.772 [http-nio-8080-exec-5] INFO  c.v.vatManager.utils.PageableUtils - desc : This is the sortDirection received in the pageableUtils method. 
25-09-25 20:50:33.772 [http-nio-8080-exec-5] INFO  c.v.v.service.ClientServiceImpl - Getting all the Clients from the Database. 
25-09-25 20:50:45.067 [http-nio-8080-exec-6] INFO  c.v.vatManager.utils.PageableUtils - desc : This is the sortDirection received in the pageableUtils method. 
25-09-25 20:50:45.067 [http-nio-8080-exec-6] INFO  c.v.v.service.ClientServiceImpl - Getting all the Clients from the Database. 
25-09-25 20:50:50.484 [http-nio-8080-exec-7] INFO  c.v.vatManager.utils.PageableUtils -  : This is the sortDirection received in the pageableUtils method. 
25-09-25 20:50:50.485 [http-nio-8080-exec-7] INFO  c.v.v.service.ClientServiceImpl - Getting all the Clients from the Database. 
25-09-25 20:50:55.452 [http-nio-8080-exec-8] INFO  c.v.vatManager.utils.PageableUtils -  : This is the sortDirection received in the pageableUtils method. 
25-09-25 20:50:55.452 [http-nio-8080-exec-8] INFO  c.v.v.service.ClientServiceImpl - Getting all the Clients from the Database. 
25-09-25 20:50:58.560 [http-nio-8080-exec-10] INFO  c.v.vatManager.utils.PageableUtils - desc : This is the sortDirection received in the pageableUtils method. 
25-09-25 20:50:58.560 [http-nio-8080-exec-10] INFO  c.v.v.service.ClientServiceImpl - Getting all the Clients from the Database. 
25-09-25 20:51:01.834 [http-nio-8080-exec-9] INFO  c.v.vatManager.utils.PageableUtils - desc : This is the sortDirection received in the pageableUtils method. 
25-09-25 20:51:01.834 [http-nio-8080-exec-9] INFO  c.v.v.service.ClientServiceImpl - Getting all the Clients from the Database. 
25-09-25 20:51:06.210 [http-nio-8080-exec-1] INFO  c.v.vatManager.utils.PageableUtils - desc : This is the sortDirection received in the pageableUtils method. 
25-09-25 20:51:06.210 [http-nio-8080-exec-1] INFO  c.v.v.service.ClientServiceImpl - Getting all the Clients from the Database. 
25-09-25 20:51:07.448 [http-nio-8080-exec-2] INFO  c.v.vatManager.utils.PageableUtils - asc : This is the sortDirection received in the pageableUtils method. 
25-09-25 20:51:07.448 [http-nio-8080-exec-2] INFO  c.v.v.service.ClientServiceImpl - Getting all the Clients from the Database. 
25-09-25 20:51:07.453 [http-nio-8080-exec-3] INFO  c.v.vatManager.utils.PageableUtils - desc : This is the sortDirection received in the pageableUtils method. 
25-09-25 20:51:07.453 [http-nio-8080-exec-3] INFO  c.v.v.service.ClientServiceImpl - Getting all the Clients from the Database. 
25-09-25 20:51:08.892 [http-nio-8080-exec-4] INFO  c.v.vatManager.utils.PageableUtils - desc : This is the sortDirection received in the pageableUtils method. 
25-09-25 20:51:08.893 [http-nio-8080-exec-4] INFO  c.v.v.service.ClientServiceImpl - Getting all the Clients from the Database. 
25-09-25 20:51:08.898 [http-nio-8080-exec-5] INFO  c.v.vatManager.utils.PageableUtils - asc : This is the sortDirection received in the pageableUtils method. 
25-09-25 20:51:08.898 [http-nio-8080-exec-5] INFO  c.v.v.service.ClientServiceImpl - Getting all the Clients from the Database. 
25-09-25 20:51:18.444 [http-nio-8080-exec-6] INFO  c.v.vatManager.utils.PageableUtils -  : This is the sortDirection received in the pageableUtils method. 
25-09-25 20:51:18.444 [http-nio-8080-exec-6] INFO  c.v.v.service.ClientServiceImpl - Getting all the Clients from the Database. 
25-09-25 20:51:19.852 [http-nio-8080-exec-7] INFO  c.v.vatManager.utils.PageableUtils -  : This is the sortDirection received in the pageableUtils method. 
25-09-25 20:51:19.852 [http-nio-8080-exec-7] INFO  c.v.v.service.ClientServiceImpl - Getting all the Clients from the Database. 
25-09-25 20:51:21.349 [http-nio-8080-exec-8] INFO  c.v.vatManager.utils.PageableUtils -  : This is the sortDirection received in the pageableUtils method. 
25-09-25 20:51:21.349 [http-nio-8080-exec-8] INFO  c.v.v.service.ClientServiceImpl - Getting all the Clients from the Database. 
25-09-25 20:51:31.341 [http-nio-8080-exec-10] INFO  c.v.vatManager.utils.PageableUtils -  : This is the sortDirection received in the pageableUtils method. 
25-09-25 20:51:31.341 [http-nio-8080-exec-10] INFO  c.v.v.service.ClientServiceImpl - Getting all the Clients from the Database. 
25-09-25 20:51:31.343 [http-nio-8080-exec-9] INFO  c.v.vatManager.utils.PageableUtils -  : This is the sortDirection received in the pageableUtils method. 
25-09-25 20:51:31.343 [http-nio-8080-exec-9] INFO  c.v.v.service.ClientServiceImpl - Getting all the Clients from the Database. 
25-09-25 20:51:33.462 [http-nio-8080-exec-1] INFO  c.v.vatManager.utils.PageableUtils -  : This is the sortDirection received in the pageableUtils method. 
25-09-25 20:51:33.462 [http-nio-8080-exec-1] INFO  c.v.v.service.ClientServiceImpl - Getting all the Clients from the Database. 
25-09-25 20:51:33.469 [http-nio-8080-exec-2] INFO  c.v.vatManager.utils.PageableUtils -  : This is the sortDirection received in the pageableUtils method. 
25-09-25 20:51:33.469 [http-nio-8080-exec-2] INFO  c.v.v.service.ClientServiceImpl - Getting all the Clients from the Database. 
25-09-25 20:51:35.014 [http-nio-8080-exec-3] INFO  c.v.vatManager.utils.PageableUtils -  : This is the sortDirection received in the pageableUtils method. 
25-09-25 20:51:35.014 [http-nio-8080-exec-3] INFO  c.v.v.service.ClientServiceImpl - Getting all the Clients from the Database. 
25-09-25 20:51:35.018 [http-nio-8080-exec-4] INFO  c.v.vatManager.utils.PageableUtils -  : This is the sortDirection received in the pageableUtils method. 
25-09-25 20:51:35.018 [http-nio-8080-exec-4] INFO  c.v.v.service.ClientServiceImpl - Getting all the Clients from the Database. 
25-09-25 20:51:41.593 [http-nio-8080-exec-5] INFO  c.v.vatManager.utils.PageableUtils -  : This is the sortDirection received in the pageableUtils method. 
25-09-25 20:51:41.594 [http-nio-8080-exec-5] INFO  c.v.v.service.ClientServiceImpl - Getting all the Clients from the Database. 
25-09-25 20:51:41.595 [http-nio-8080-exec-6] INFO  c.v.vatManager.utils.PageableUtils -  : This is the sortDirection received in the pageableUtils method. 
25-09-25 20:51:41.595 [http-nio-8080-exec-6] INFO  c.v.v.service.ClientServiceImpl - Getting all the Clients from the Database. 
25-09-25 20:51:53.857 [http-nio-8080-exec-7] INFO  c.v.vatManager.utils.PageableUtils -  : This is the sortDirection received in the pageableUtils method. 
25-09-25 20:51:53.857 [http-nio-8080-exec-7] INFO  c.v.v.service.ClientServiceImpl - Getting all the Clients from the Database. 
25-09-25 20:52:52.068 [http-nio-8080-exec-10] INFO  c.v.vatManager.utils.PageableUtils -  : This is the sortDirection received in the pageableUtils method. 
25-09-25 20:52:52.068 [http-nio-8080-exec-10] INFO  c.v.v.service.ClientServiceImpl - Getting all the Clients from the Database. 
25-09-25 20:52:52.069 [http-nio-8080-exec-9] INFO  c.v.vatManager.utils.PageableUtils -  : This is the sortDirection received in the pageableUtils method. 
25-09-25 20:52:52.069 [http-nio-8080-exec-9] INFO  c.v.v.service.ClientServiceImpl - Getting all the Clients from the Database. 
25-09-25 20:53:05.514 [http-nio-8080-exec-1] INFO  c.v.vatManager.utils.PageableUtils - desc : This is the sortDirection received in the pageableUtils method. 
25-09-25 20:53:05.515 [http-nio-8080-exec-1] INFO  c.v.v.service.ClientServiceImpl - Getting all the Clients from the Database. 
25-09-25 20:53:07.604 [http-nio-8080-exec-2] INFO  c.v.vatManager.utils.PageableUtils - desc : This is the sortDirection received in the pageableUtils method. 
25-09-25 20:53:07.604 [http-nio-8080-exec-2] INFO  c.v.v.service.ClientServiceImpl - Getting all the Clients from the Database. 
25-09-25 20:53:07.605 [http-nio-8080-exec-3] INFO  c.v.vatManager.utils.PageableUtils - desc : This is the sortDirection received in the pageableUtils method. 
25-09-25 20:53:07.605 [http-nio-8080-exec-3] INFO  c.v.v.service.ClientServiceImpl - Getting all the Clients from the Database. 
25-09-25 20:53:12.264 [http-nio-8080-exec-4] INFO  c.v.vatManager.utils.PageableUtils - desc : This is the sortDirection received in the pageableUtils method. 
25-09-25 20:53:12.264 [http-nio-8080-exec-4] INFO  c.v.v.service.ClientServiceImpl - Getting all the Clients from the Database. 
25-09-25 20:53:12.269 [http-nio-8080-exec-5] INFO  c.v.vatManager.utils.PageableUtils - desc : This is the sortDirection received in the pageableUtils method. 
25-09-25 20:53:12.269 [http-nio-8080-exec-5] INFO  c.v.v.service.ClientServiceImpl - Getting all the Clients from the Database. 
25-09-25 20:53:15.561 [http-nio-8080-exec-6] INFO  c.v.vatManager.utils.PageableUtils - desc : This is the sortDirection received in the pageableUtils method. 
25-09-25 20:53:15.561 [http-nio-8080-exec-6] INFO  c.v.v.service.ClientServiceImpl - Getting all the Clients from the Database. 
25-09-25 20:53:43.031 [http-nio-8080-exec-7] INFO  c.v.vatManager.utils.PageableUtils -  : This is the sortDirection received in the pageableUtils method. 
25-09-25 20:53:43.031 [http-nio-8080-exec-7] INFO  c.v.v.service.ClientServiceImpl - Getting all the Clients from the Database. 
25-09-25 20:53:43.071 [http-nio-8080-exec-8] INFO  c.v.vatManager.utils.PageableUtils - asc : This is the sortDirection received in the pageableUtils method. 
25-09-25 20:53:43.071 [http-nio-8080-exec-8] INFO  c.v.v.service.ClientServiceImpl - Getting all the Clients from the Database. 
25-09-25 20:53:43.077 [http-nio-8080-exec-10] INFO  c.v.vatManager.utils.PageableUtils - asc : This is the sortDirection received in the pageableUtils method. 
25-09-25 20:53:43.077 [http-nio-8080-exec-10] INFO  c.v.v.service.ClientServiceImpl - Getting all the Clients from the Database. 
25-09-25 20:57:44.102 [http-nio-8080-exec-2] INFO  c.v.vatManager.utils.PageableUtils -  : This is the sortDirection received in the pageableUtils method. 
25-09-25 20:57:44.102 [http-nio-8080-exec-2] INFO  c.v.v.service.ClientServiceImpl - Getting all the Clients from the Database. 
25-09-25 20:57:44.147 [http-nio-8080-exec-3] INFO  c.v.vatManager.utils.PageableUtils - asc : This is the sortDirection received in the pageableUtils method. 
25-09-25 20:57:44.148 [http-nio-8080-exec-3] INFO  c.v.v.service.ClientServiceImpl - Getting all the Clients from the Database. 
25-09-25 20:57:45.633 [http-nio-8080-exec-4] INFO  c.v.vatManager.utils.PageableUtils -  : This is the sortDirection received in the pageableUtils method. 
25-09-25 20:57:45.633 [http-nio-8080-exec-4] INFO  c.v.v.service.ClientServiceImpl - Getting all the Clients from the Database. 
25-09-25 20:57:48.554 [http-nio-8080-exec-5] INFO  c.v.vatManager.utils.PageableUtils -  : This is the sortDirection received in the pageableUtils method. 
25-09-25 20:57:48.554 [http-nio-8080-exec-5] INFO  c.v.v.service.ClientServiceImpl - Getting all the Clients from the Database. 
25-09-25 20:57:50.983 [http-nio-8080-exec-6] INFO  c.v.vatManager.utils.PageableUtils - desc : This is the sortDirection received in the pageableUtils method. 
25-09-25 20:57:50.983 [http-nio-8080-exec-6] INFO  c.v.v.service.ClientServiceImpl - Getting all the Clients from the Database. 
25-09-25 20:57:54.111 [http-nio-8080-exec-7] INFO  c.v.vatManager.utils.PageableUtils - desc : This is the sortDirection received in the pageableUtils method. 
25-09-25 20:57:54.111 [http-nio-8080-exec-7] INFO  c.v.v.service.ClientServiceImpl - Getting all the Clients from the Database. 
25-09-25 20:57:54.115 [http-nio-8080-exec-8] INFO  c.v.vatManager.utils.PageableUtils - desc : This is the sortDirection received in the pageableUtils method. 
25-09-25 20:57:54.115 [http-nio-8080-exec-8] INFO  c.v.v.service.ClientServiceImpl - Getting all the Clients from the Database. 
25-09-25 20:59:29.258 [http-nio-8080-exec-1] INFO  c.v.vatManager.utils.PageableUtils - desc : This is the sortDirection received in the pageableUtils method. 
25-09-25 20:59:29.259 [http-nio-8080-exec-1] INFO  c.v.v.service.ClientServiceImpl - Getting all the Clients from the Database. 
25-09-25 20:59:29.264 [http-nio-8080-exec-2] INFO  c.v.vatManager.utils.PageableUtils - desc : This is the sortDirection received in the pageableUtils method. 
25-09-25 20:59:29.264 [http-nio-8080-exec-2] INFO  c.v.v.service.ClientServiceImpl - Getting all the Clients from the Database. 
25-09-25 20:59:39.592 [http-nio-8080-exec-4] INFO  c.v.vatManager.utils.PageableUtils - desc : This is the sortDirection received in the pageableUtils method. 
25-09-25 20:59:39.593 [http-nio-8080-exec-4] INFO  c.v.v.service.ClientServiceImpl - Getting all the Clients from the Database. 
25-09-25 20:59:39.597 [http-nio-8080-exec-5] INFO  c.v.vatManager.utils.PageableUtils - desc : This is the sortDirection received in the pageableUtils method. 
25-09-25 20:59:39.597 [http-nio-8080-exec-5] INFO  c.v.v.service.ClientServiceImpl - Getting all the Clients from the Database. 
25-09-25 20:59:43.530 [http-nio-8080-exec-6] INFO  c.v.vatManager.utils.PageableUtils - desc : This is the sortDirection received in the pageableUtils method. 
25-09-25 20:59:43.530 [http-nio-8080-exec-6] INFO  c.v.v.service.ClientServiceImpl - Getting all the Clients from the Database. 
25-09-25 20:59:45.646 [http-nio-8080-exec-8] INFO  c.v.vatManager.utils.PageableUtils - desc : This is the sortDirection received in the pageableUtils method. 
25-09-25 20:59:45.646 [http-nio-8080-exec-8] INFO  c.v.v.service.ClientServiceImpl - Getting all the Clients from the Database. 
25-09-25 20:59:45.655 [http-nio-8080-exec-10] INFO  c.v.vatManager.utils.PageableUtils - desc : This is the sortDirection received in the pageableUtils method. 
25-09-25 20:59:45.656 [http-nio-8080-exec-10] INFO  c.v.v.service.ClientServiceImpl - Getting all the Clients from the Database. 
25-09-25 21:00:22.511 [http-nio-8080-exec-9] INFO  c.v.vatManager.utils.PageableUtils -  : This is the sortDirection received in the pageableUtils method. 
25-09-25 21:00:22.511 [http-nio-8080-exec-9] INFO  c.v.v.service.ClientServiceImpl - Getting all the Clients from the Database. 
25-09-25 21:00:24.385 [http-nio-8080-exec-1] INFO  c.v.vatManager.utils.PageableUtils -  : This is the sortDirection received in the pageableUtils method. 
25-09-25 21:00:24.385 [http-nio-8080-exec-1] INFO  c.v.v.service.ClientServiceImpl - Getting all the Clients from the Database. 
25-09-25 21:00:26.400 [http-nio-8080-exec-2] INFO  c.v.vatManager.utils.PageableUtils -  : This is the sortDirection received in the pageableUtils method. 
25-09-25 21:00:26.400 [http-nio-8080-exec-2] INFO  c.v.v.service.ClientServiceImpl - Getting all the Clients from the Database. 
25-09-25 21:00:36.173 [http-nio-8080-exec-3] INFO  c.v.vatManager.utils.PageableUtils -  : This is the sortDirection received in the pageableUtils method. 
25-09-25 21:00:36.174 [http-nio-8080-exec-3] INFO  c.v.v.service.ClientServiceImpl - Getting all the Clients from the Database. 
25-09-25 21:01:30.935 [http-nio-8080-exec-4] INFO  c.v.vatManager.utils.PageableUtils -  : This is the sortDirection received in the pageableUtils method. 
25-09-25 21:01:30.935 [http-nio-8080-exec-4] INFO  c.v.v.service.ClientServiceImpl - Getting all the Clients from the Database. 
25-09-25 21:01:48.541 [http-nio-8080-exec-5] INFO  c.v.vatManager.utils.PageableUtils -  : This is the sortDirection received in the pageableUtils method. 
25-09-25 21:01:48.541 [http-nio-8080-exec-5] INFO  c.v.v.service.ClientServiceImpl - Getting all the Clients from the Database. 
25-09-25 21:05:14.052 [http-nio-8080-exec-7] INFO  c.v.vatManager.utils.PageableUtils -  : This is the sortDirection received in the pageableUtils method. 
25-09-25 21:05:14.053 [http-nio-8080-exec-7] INFO  c.v.v.service.ClientServiceImpl - Getting all the Clients from the Database. 
25-09-25 21:06:29.376 [http-nio-8080-exec-10] INFO  c.v.vatManager.utils.PageableUtils - asc : This is the sortDirection received in the pageableUtils method. 
25-09-25 21:06:29.376 [http-nio-8080-exec-10] INFO  c.v.v.service.ClientServiceImpl - Getting all the Clients from the Database. 
25-09-25 21:06:31.702 [http-nio-8080-exec-9] INFO  c.v.vatManager.utils.PageableUtils - desc : This is the sortDirection received in the pageableUtils method. 
25-09-25 21:06:31.702 [http-nio-8080-exec-9] INFO  c.v.v.service.ClientServiceImpl - Getting all the Clients from the Database. 
25-09-25 21:06:33.198 [http-nio-8080-exec-1] INFO  c.v.vatManager.utils.PageableUtils - desc : This is the sortDirection received in the pageableUtils method. 
25-09-25 21:06:33.198 [http-nio-8080-exec-1] INFO  c.v.v.service.ClientServiceImpl - Getting all the Clients from the Database. 
25-09-25 21:06:38.645 [http-nio-8080-exec-2] INFO  c.v.vatManager.utils.PageableUtils - desc : This is the sortDirection received in the pageableUtils method. 
25-09-25 21:06:38.645 [http-nio-8080-exec-2] INFO  c.v.v.service.ClientServiceImpl - Getting all the Clients from the Database. 
25-09-25 21:06:42.432 [http-nio-8080-exec-3] INFO  c.v.vatManager.utils.PageableUtils - asc : This is the sortDirection received in the pageableUtils method. 
25-09-25 21:06:42.432 [http-nio-8080-exec-3] INFO  c.v.v.service.ClientServiceImpl - Getting all the Clients from the Database. 
25-09-25 21:06:44.675 [http-nio-8080-exec-4] INFO  c.v.vatManager.utils.PageableUtils - asc : This is the sortDirection received in the pageableUtils method. 
25-09-25 21:06:44.675 [http-nio-8080-exec-4] INFO  c.v.v.service.ClientServiceImpl - Getting all the Clients from the Database. 
25-09-25 21:06:48.134 [http-nio-8080-exec-5] INFO  c.v.vatManager.utils.PageableUtils - asc : This is the sortDirection received in the pageableUtils method. 
25-09-25 21:06:48.134 [http-nio-8080-exec-5] INFO  c.v.v.service.ClientServiceImpl - Getting all the Clients from the Database. 
25-09-25 21:06:49.887 [http-nio-8080-exec-6] INFO  c.v.vatManager.utils.PageableUtils - desc : This is the sortDirection received in the pageableUtils method. 
25-09-25 21:06:49.888 [http-nio-8080-exec-6] INFO  c.v.v.service.ClientServiceImpl - Getting all the Clients from the Database. 
25-09-25 21:06:51.565 [http-nio-8080-exec-7] INFO  c.v.vatManager.utils.PageableUtils - desc : This is the sortDirection received in the pageableUtils method. 
25-09-25 21:06:51.565 [http-nio-8080-exec-7] INFO  c.v.v.service.ClientServiceImpl - Getting all the Clients from the Database. 
25-09-25 21:06:56.555 [http-nio-8080-exec-8] INFO  c.v.vatManager.utils.PageableUtils - asc : This is the sortDirection received in the pageableUtils method. 
25-09-25 21:06:56.555 [http-nio-8080-exec-8] INFO  c.v.v.service.ClientServiceImpl - Getting all the Clients from the Database. 
25-09-25 21:07:00.162 [http-nio-8080-exec-10] INFO  c.v.vatManager.utils.PageableUtils - asc : This is the sortDirection received in the pageableUtils method. 
25-09-25 21:07:00.163 [http-nio-8080-exec-10] INFO  c.v.v.service.ClientServiceImpl - Getting all the Clients from the Database. 
25-09-25 21:07:03.784 [http-nio-8080-exec-9] INFO  c.v.vatManager.utils.PageableUtils - asc : This is the sortDirection received in the pageableUtils method. 
25-09-25 21:07:03.784 [http-nio-8080-exec-9] INFO  c.v.v.service.ClientServiceImpl - Getting all the Clients from the Database. 
25-09-25 21:07:21.337 [http-nio-8080-exec-1] INFO  c.v.vatManager.utils.PageableUtils -  : This is the sortDirection received in the pageableUtils method. 
25-09-25 21:07:21.337 [http-nio-8080-exec-1] INFO  c.v.v.service.ClientServiceImpl - Getting all the Clients from the Database. 
25-09-25 21:07:30.498 [http-nio-8080-exec-2] INFO  c.v.vatManager.utils.PageableUtils -  : This is the sortDirection received in the pageableUtils method. 
25-09-25 21:07:30.498 [http-nio-8080-exec-2] INFO  c.v.v.service.ClientServiceImpl - Getting all the Clients from the Database. 
25-09-25 21:07:32.846 [http-nio-8080-exec-3] INFO  c.v.vatManager.utils.PageableUtils -  : This is the sortDirection received in the pageableUtils method. 
25-09-25 21:07:32.846 [http-nio-8080-exec-3] INFO  c.v.v.service.ClientServiceImpl - Getting all the Clients from the Database. 
25-09-25 21:07:34.981 [http-nio-8080-exec-4] INFO  c.v.vatManager.utils.PageableUtils -  : This is the sortDirection received in the pageableUtils method. 
25-09-25 21:07:34.981 [http-nio-8080-exec-4] INFO  c.v.v.service.ClientServiceImpl - Getting all the Clients from the Database. 
25-09-25 21:07:38.145 [http-nio-8080-exec-5] INFO  c.v.vatManager.utils.PageableUtils - desc : This is the sortDirection received in the pageableUtils method. 
25-09-25 21:07:38.146 [http-nio-8080-exec-5] INFO  c.v.v.service.ClientServiceImpl - Getting all the Clients from the Database. 
25-09-25 21:07:39.719 [http-nio-8080-exec-6] INFO  c.v.vatManager.utils.PageableUtils - desc : This is the sortDirection received in the pageableUtils method. 
25-09-25 21:07:39.719 [http-nio-8080-exec-6] INFO  c.v.v.service.ClientServiceImpl - Getting all the Clients from the Database. 
25-09-25 21:07:40.929 [http-nio-8080-exec-7] INFO  c.v.vatManager.utils.PageableUtils - asc : This is the sortDirection received in the pageableUtils method. 
25-09-25 21:07:40.929 [http-nio-8080-exec-7] INFO  c.v.v.service.ClientServiceImpl - Getting all the Clients from the Database. 
25-09-25 21:09:34.228 [http-nio-8080-exec-10] INFO  c.v.vatManager.utils.PageableUtils -  : This is the sortDirection received in the pageableUtils method. 
25-09-25 21:09:34.228 [http-nio-8080-exec-10] INFO  c.v.v.service.ClientServiceImpl - Getting all the Clients from the Database. 
25-09-25 21:12:07.311 [http-nio-8080-exec-1] INFO  c.v.vatManager.utils.PageableUtils -  : This is the sortDirection received in the pageableUtils method. 
25-09-25 21:12:07.311 [http-nio-8080-exec-1] INFO  c.v.v.service.ClientServiceImpl - Getting all the Clients from the Database. 
25-09-25 21:12:17.706 [http-nio-8080-exec-2] INFO  c.v.vatManager.utils.PageableUtils -  : This is the sortDirection received in the pageableUtils method. 
25-09-25 21:12:17.706 [http-nio-8080-exec-2] INFO  c.v.v.service.ClientServiceImpl - Getting all the Clients from the Database. 
25-09-25 21:14:03.183 [http-nio-8080-exec-4] INFO  c.v.vatManager.utils.PageableUtils -  : This is the sortDirection received in the pageableUtils method. 
25-09-25 21:14:03.183 [http-nio-8080-exec-4] INFO  c.v.v.service.ClientServiceImpl - Getting all the Clients from the Database. 
25-09-25 21:18:00.686 [http-nio-8080-exec-6] INFO  c.v.vatManager.utils.PageableUtils -  : This is the sortDirection received in the pageableUtils method. 
25-09-25 21:18:00.686 [http-nio-8080-exec-6] INFO  c.v.v.service.ClientServiceImpl - Getting all the Clients from the Database. 
25-09-25 21:21:26.038 [http-nio-8080-exec-8] INFO  c.v.vatManager.utils.PageableUtils -  : This is the sortDirection received in the pageableUtils method. 
25-09-25 21:21:26.038 [http-nio-8080-exec-8] INFO  c.v.v.service.ClientServiceImpl - Getting all the Clients from the Database. 
25-09-25 21:22:50.729 [http-nio-8080-exec-9] INFO  c.v.vatManager.utils.PageableUtils -  : This is the sortDirection received in the pageableUtils method. 
25-09-25 21:22:50.729 [http-nio-8080-exec-9] INFO  c.v.v.service.ClientServiceImpl - Getting all the Clients from the Database. 
25-09-25 21:23:19.320 [http-nio-8080-exec-1] INFO  c.v.vatManager.utils.PageableUtils -  : This is the sortDirection received in the pageableUtils method. 
25-09-25 21:23:19.320 [http-nio-8080-exec-1] INFO  c.v.v.service.ClientServiceImpl - Getting all the Clients from the Database. 
25-09-25 21:23:26.978 [http-nio-8080-exec-2] INFO  c.v.vatManager.utils.PageableUtils -  : This is the sortDirection received in the pageableUtils method. 
25-09-25 21:23:26.978 [http-nio-8080-exec-2] INFO  c.v.v.service.ClientServiceImpl - Getting all the Clients from the Database. 
25-09-25 21:23:30.609 [http-nio-8080-exec-3] INFO  c.v.vatManager.utils.PageableUtils -  : This is the sortDirection received in the pageableUtils method. 
25-09-25 21:23:30.609 [http-nio-8080-exec-3] INFO  c.v.v.service.ClientServiceImpl - Getting all the Clients from the Database. 
25-09-25 21:28:00.552 [http-nio-8080-exec-5] INFO  c.v.vatManager.utils.PageableUtils -  : This is the sortDirection received in the pageableUtils method. 
25-09-25 21:28:00.552 [http-nio-8080-exec-5] INFO  c.v.v.service.ClientServiceImpl - Getting all the Clients from the Database. 
25-09-25 21:28:38.290 [http-nio-8080-exec-6] INFO  c.v.vatManager.utils.PageableUtils -  : This is the sortDirection received in the pageableUtils method. 
25-09-25 21:28:38.290 [http-nio-8080-exec-6] INFO  c.v.v.service.ClientServiceImpl - Getting all the Clients from the Database. 
25-09-25 21:31:32.374 [http-nio-8080-exec-8] INFO  c.v.vatManager.utils.PageableUtils -  : This is the sortDirection received in the pageableUtils method. 
25-09-25 21:31:32.374 [http-nio-8080-exec-8] INFO  c.v.v.service.ClientServiceImpl - Getting all the Clients from the Database. 
25-09-25 21:32:35.905 [http-nio-8080-exec-9] INFO  c.v.vatManager.utils.PageableUtils -  : This is the sortDirection received in the pageableUtils method. 
25-09-25 21:32:35.905 [http-nio-8080-exec-9] INFO  c.v.v.service.ClientServiceImpl - Getting all the Clients from the Database. 
25-09-25 21:41:47.006 [http-nio-8080-exec-2] INFO  c.v.vatManager.utils.PageableUtils -  : This is the sortDirection received in the pageableUtils method. 
25-09-25 21:41:47.006 [http-nio-8080-exec-2] INFO  c.v.v.service.ClientServiceImpl - Getting all the Clients from the Database. 
25-09-25 23:27:25.841 [RMI TCP Connection(302)-127.0.0.1] INFO  o.s.b.a.SpringApplicationAdminMXBeanRegistrar$SpringApplicationAdmin - Application shutdown requested. 
25-09-25 23:27:25.846 [RMI TCP Connection(302)-127.0.0.1] INFO  o.s.b.w.e.tomcat.GracefulShutdown - Commencing graceful shutdown. Waiting for active requests to complete 
25-09-25 23:27:25.847 [tomcat-shutdown] INFO  o.a.coyote.http11.Http11NioProtocol - Pausing ProtocolHandler ["http-nio-8080"] 
25-09-25 23:27:25.867 [tomcat-shutdown] INFO  o.s.b.w.e.tomcat.GracefulShutdown - Graceful shutdown complete 
25-09-25 23:27:25.868 [RMI TCP Connection(302)-127.0.0.1] INFO  o.a.coyote.http11.Http11NioProtocol - Stopping ProtocolHandler ["http-nio-8080"] 
25-09-25 23:27:25.872 [RMI TCP Connection(302)-127.0.0.1] INFO  o.s.o.j.LocalContainerEntityManagerFactoryBean - Closing JPA EntityManagerFactory for persistence unit 'default' 
25-09-25 23:27:25.874 [RMI TCP Connection(302)-127.0.0.1] INFO  com.zaxxer.hikari.HikariDataSource - HikariPool-2 - Shutdown initiated... 
25-09-25 23:27:25.875 [RMI TCP Connection(302)-127.0.0.1] INFO  com.zaxxer.hikari.HikariDataSource - HikariPool-2 - Shutdown completed. 
